Ticket_ID,Date_Created,Agent_ID,Channel_Type,Handle_Time_Secs,Escalated_Flag,Resolved
INC-10000,2026-05-29 15:51:04.291966,39,Email,1314,No,False
INC-10001,2026-07-31 18:28:04.291966,29,Chat,1057,No,True
INC-10002,2026-03-22 17:53:04.291966,15,Chat,1105,N,True
INC-10003,2026-06-29 07:20:04.291966,43,Chat,645,No,True
INC-10004,2026-08-05 23:15:04.291966,8,Chat,1118,No,True
INC-10005,2026-05-28 12:05:04.291966,21,Voice,605,No,False
INC-10006,2026-05-29 04:58:04.291966,39,Voice,367,No,True
INC-10007,2026-07-24 22:01:04.291966,19,Chat,1219,N,True
INC-10008,2026-04-16 08:57:04.291966,23,Voice,305,No,True
INC-10009,2026-04-13 18:55:04.291966,11,Voice,405,N,True
INC-10010,2026-08-10 10:01:04.291966,11,Chat,995,No,True
INC-10011,2026-09-09 06:02:04.291966,24,Voice,377,No,True
INC-10012,2026-04-09 12:15:04.291966,36,Chat,952,N,False
INC-10013,2026-08-06 20:13:04.291966,40,Chat,948,No,True
INC-10014,2026-04-07 10:10:04.291966,24,Email,1443,No,True
INC-10015,2026-07-11 03:59:04.291966,3,Voice,579,No,True
INC-10016,2026-04-09 01:51:04.291966,22,Voice,452,No,True
INC-10017,2026-06-19 00:31:04.291966,2,Chat,946,No,False
INC-10018,2026-04-27 21:27:04.291966,24,Email,1843,Y,True
INC-10019,2026-08-18 16:53:04.291966,44,Email,1737,No,True
INC-10020,2026-05-24 03:16:04.291966,30,Voice,574,Y,True
INC-10021,2026-06-11 17:08:04.291966,38,Voice,342,No,True
INC-10022,2026-06-20 06:45:04.291966,2,Email,1657,No,True
INC-10023,2026-08-18 04:56:04.291966,21,Voice,374,No,True
INC-10024,2026-07-18 16:04:04.291966,33,Chat,643,No,True
INC-10025,2026-06-06 10:55:04.291966,12,Voice,471,Yes,False
INC-10026,2026-07-26 01:50:04.291966,22,Voice,371,No,True
INC-10027,2026-07-24 01:47:04.291966,44,Voice,574,No,True
INC-10028,2026-04-29 21:33:04.291966,25,Voice,577,No,True
INC-10029,2026-09-16 04:44:04.291966,49,Chat,519,No,True
INC-10030,2026-04-19 09:00:04.291966,27,Email,1251,No,True
INC-10031,2026-06-20 19:35:04.291966,42,Voice,304,Yes,True
INC-10032,2026-05-04 17:58:04.291966,28,Email,1361,No,True
INC-10033,2026-08-08 13:22:04.291966,16,Voice,534,No,True
INC-10034,2026-06-16 19:00:04.291966,15,Chat,851,No,True
INC-10035,2026-06-29 15:24:04.291966,47,Voice,409,No,True
INC-10036,2026-05-01 14:18:04.291966,44,Email,1890,No,True
INC-10037,2026-05-08 13:58:04.291966,3,Chat,439,Yes,True
INC-10038,2026-04-03 05:54:04.291966,37,Chat,1147,No,True
INC-10039,2026-07-09 13:08:04.291966,7,Email,1336,N,True
INC-10040,2026-06-14 13:32:04.291966,21,Chat,884,No,True
INC-10041,2026-04-24 01:08:04.291966,9,Email,1341,N,True
INC-10042,2026-08-03 18:56:04.291966,39,Chat,1208,No,True
INC-10043,2026-05-04 21:21:04.291966,18,Email,1130,No,True
INC-10044,2026-06-13 01:20:04.291966,4,Chat,902,No,True
INC-10045,2026-08-11 11:46:04.291966,25,Voice,543,Yes,True
INC-10046,2026-07-31 16:23:04.291966,14,Chat,577,N,True
INC-10047,2026-07-21 09:59:04.291966,50,Voice,369,,True
INC-10048,2026-06-18 16:35:04.291966,9,Chat,870,,True
INC-10049,2026-05-29 08:59:04.291966,26,Voice,373,Y,True
INC-10050,2026-05-24 03:13:04.291966,2,Chat,736,No,True
INC-10051,2026-06-09 21:27:04.291966,20,Voice,438,No,True
INC-10052,2026-05-03 07:39:04.291966,28,Voice,557,No,True
INC-10053,2026-03-24 08:45:04.291966,47,Voice,438,No,True
INC-10054,2026-07-24 08:21:04.291966,7,Email,1823,No,True
INC-10055,2026-03-23 15:20:04.291966,44,Voice,360,No,True
INC-10056,2026-08-16 22:42:04.291966,8,Voice,329,Y,True
INC-10057,2026-03-29 22:36:04.291966,47,Chat,1285,No,True
INC-10058,2026-05-15 16:50:04.291966,35,Chat,768,No,True
INC-10059,2026-05-04 16:35:04.291966,14,Voice,322,No,True
INC-10060,2026-07-19 00:10:04.291966,17,Voice,270,No,True
INC-10061,2026-05-13 00:16:04.291966,36,Voice,609,,False
INC-10062,2026-06-03 15:36:04.291966,50,Email,1397,No,True
INC-10063,2026-09-10 18:52:04.291966,40,Voice,449,N,True
INC-10064,2026-07-04 15:37:04.291966,4,Voice,460,No,True
INC-10065,2026-06-24 22:20:04.291966,2,Voice,601,No,False
INC-10066,2026-06-06 18:14:04.291966,6,Voice,458,Y,True
INC-10067,2026-06-26 16:23:04.291966,42,Chat,1368,No,True
INC-10068,2026-06-23 07:04:04.291966,4,Voice,496,No,True
INC-10069,2026-06-03 16:14:04.291966,29,Voice,607,No,True
INC-10070,2026-07-20 12:47:04.291966,18,Voice,576,Yes,True
INC-10071,2026-05-06 16:30:04.291966,26,Voice,475,No,True
INC-10072,2026-08-24 17:13:04.291966,44,Voice,409,No,True
INC-10073,2026-03-22 22:30:04.291966,34,Email,1599,N,True
INC-10074,2026-08-10 15:51:04.291966,10,Chat,1002,Yes,True
INC-10075,2026-05-18 17:00:04.291966,36,Email,1328,No,True
INC-10076,2026-09-15 08:27:04.291966,14,Email,1549,N,True
INC-10077,2026-04-06 00:23:04.291966,31,Chat,1147,N,True
INC-10078,2026-06-26 16:23:04.291966,48,Voice,728,No,False
INC-10079,2026-04-27 04:25:04.291966,15,Chat,1070,No,True
INC-10080,2026-05-31 07:44:04.291966,8,Email,2058,No,True
INC-10081,2026-06-01 15:30:04.291966,14,Chat,774,No,True
INC-10082,2026-06-19 08:27:04.291966,23,Chat,1040,Yes,True
INC-10083,2026-08-04 08:59:04.291966,40,Voice,640,No,True
INC-10084,2026-05-29 16:26:04.291966,21,Email,1231,No,True
INC-10085,2026-07-19 03:36:04.291966,16,Chat,802,No,True
INC-10086,2026-03-27 21:57:04.291966,45,Email,2021,No,True
INC-10087,2026-06-27 05:47:04.291966,18,Voice,362,No,True
INC-10088,2026-04-21 13:36:04.291966,47,Voice,319,No,False
INC-10089,2026-07-05 16:16:04.291966,24,Voice,663,No,False
INC-10090,2026-07-30 02:20:04.291966,26,Chat,1139,No,True
INC-10091,2026-05-27 19:04:04.291966,25,Voice,531,No,True
INC-10092,2026-03-30 16:02:04.291966,45,Voice,474,No,True
INC-10093,2026-06-26 19:17:04.291966,41,Email,1368,Yes,True
INC-10094,2026-08-11 16:55:04.291966,29,Voice,513,No,True
INC-10095,2026-04-01 23:50:04.291966,15,Email,1973,No,False
INC-10096,2026-05-23 21:32:04.291966,45,Voice,508,Yes,True
INC-10097,2026-05-22 08:49:04.291966,1,Email,2150,N,True
INC-10098,2026-04-23 04:59:04.291966,25,Chat,720,No,True
INC-10099,2026-06-22 23:36:04.291966,7,Email,1494,No,True
INC-10100,2026-06-30 11:44:04.291966,9,Email,1388,Yes,True
INC-10101,2026-06-25 02:46:04.291966,24,Voice,349,No,True
INC-10102,2026-07-24 23:11:04.291966,1,Voice,461,No,True
INC-10103,2026-05-25 01:22:04.291966,44,Voice,530,No,False
INC-10104,2026-07-25 05:01:04.291966,8,Chat,1004,No,False
INC-10105,2026-06-08 01:19:04.291966,24,Email,2151,No,True
INC-10106,2026-05-20 05:32:04.291966,11,Voice,535,No,True
INC-10107,2026-04-17 15:35:04.291966,17,Chat,1130,No,True
INC-10108,2026-06-10 09:41:04.291966,8,Voice,487,No,True
INC-10109,2026-06-03 17:59:04.291966,35,Email,2003,No,True
INC-10110,2026-09-15 03:07:04.291966,35,Email,2219,No,True
INC-10111,2026-07-19 23:17:04.291966,33,Voice,543,No,True
INC-10112,2026-09-10 14:19:04.291966,5,Voice,360,Y,True
INC-10113,2026-04-24 12:10:04.291966,42,Voice,414,No,True
INC-10114,2026-09-14 04:24:04.291966,39,Chat,956,No,True
INC-10115,2026-08-09 02:04:04.291966,41,Chat,991,No,False
INC-10116,2026-05-01 13:59:04.291966,28,Voice,563,No,False
INC-10117,2026-04-11 03:33:04.291966,7,Voice,535,No,True
INC-10118,2026-07-18 03:31:04.291966,9,Voice,480,No,True
INC-10119,2026-08-15 07:28:04.291966,8,Chat,772,No,True
INC-10120,2026-06-14 01:00:04.291966,12,Chat,980,No,True
INC-10121,2026-06-14 17:12:04.291966,34,Voice,702,No,True
INC-10122,2026-07-19 09:09:04.291966,33,Chat,1103,No,True
INC-10123,2026-07-06 23:19:04.291966,48,Chat,1006,No,True
INC-10124,2026-04-24 07:35:04.291966,23,Voice,603,Yes,True
INC-10125,2026-05-16 01:58:04.291966,24,Voice,435,Yes,True
INC-10126,2026-08-18 03:15:04.291966,37,Chat,798,No,True
INC-10127,2026-05-17 08:17:04.291966,35,Email,1275,,True
INC-10128,2026-07-28 01:10:04.291966,44,Voice,464,N,True
INC-10129,2026-06-30 07:45:04.291966,40,Voice,429,,True
INC-10130,2026-08-08 01:02:04.291966,22,Voice,624,No,True
INC-10131,2026-05-21 13:24:04.291966,27,Chat,804,Yes,True
INC-10132,2026-06-18 04:23:04.291966,35,Voice,383,No,True
INC-10133,2026-03-23 11:43:04.291966,1,Voice,713,No,True
INC-10134,2026-08-24 16:23:04.291966,35,Chat,809,No,True
INC-10135,2026-08-20 08:39:04.291966,37,Chat,930,No,True
INC-10136,2026-06-28 05:27:04.291966,47,Voice,534,Yes,True
INC-10137,2026-08-12 23:04:04.291966,14,Voice,343,No,True
INC-10138,2026-07-04 22:02:04.291966,3,Chat,1147,No,True
INC-10139,2026-09-13 10:09:04.291966,1,Voice,556,Yes,True
INC-10140,2026-08-31 05:52:04.291966,5,Voice,667,No,True
INC-10141,2026-09-14 02:21:04.291966,26,Email,1296,No,True
INC-10142,2026-08-16 12:34:04.291966,14,Voice,491,No,True
INC-10143,2026-04-28 21:51:04.291966,39,Chat,907,No,True
INC-10144,2026-09-01 07:36:04.291966,27,Email,1579,No,True
INC-10145,2026-06-04 11:41:04.291966,9,Voice,305,No,True
INC-10146,2026-05-25 06:45:04.291966,15,Voice,493,Yes,True
INC-10147,2026-03-25 01:09:04.291966,15,Chat,614,No,True
INC-10148,2026-06-06 04:23:04.291966,26,Email,1607,No,True
INC-10149,2026-05-30 13:14:04.291966,42,Email,861,,True
INC-10150,2026-08-24 13:34:04.291966,13,Chat,529,No,True
INC-10151,2026-08-27 02:23:04.291966,32,Voice,578,No,True
INC-10152,2026-03-27 03:19:04.291966,39,Chat,790,No,True
INC-10153,2026-07-03 21:08:04.291966,49,Voice,361,No,True
INC-10154,2026-05-08 21:39:04.291966,32,Voice,632,No,True
INC-10155,2026-09-12 14:40:04.291966,4,Voice,519,No,True
INC-10156,2026-05-26 12:16:04.291966,30,Voice,584,No,True
INC-10157,2026-09-14 04:35:04.291966,37,Chat,866,No,True
INC-10158,2026-05-15 23:39:04.291966,23,Voice,801,No,True
INC-10159,2026-06-19 19:16:04.291966,39,Voice,407,No,True
INC-10160,2026-05-02 12:11:04.291966,45,Voice,689,Yes,True
INC-10161,2026-07-30 15:16:04.291966,15,Email,1481,N,True
INC-10162,2026-05-14 02:24:04.291966,43,Chat,569,No,True
INC-10163,2026-07-24 11:46:04.291966,29,Voice,537,No,True
INC-10164,2026-08-05 01:51:04.291966,36,Voice,517,Yes,True
INC-10165,2026-08-08 18:58:04.291966,13,Voice,353,No,True
INC-10166,2026-08-09 09:57:04.291966,32,Email,1223,No,True
INC-10167,2026-08-18 01:58:04.291966,7,Chat,895,N,True
INC-10168,2026-07-22 06:11:04.291966,22,Chat,969,Yes,True
INC-10169,2026-04-02 05:41:04.291966,28,Chat,405,Yes,True
INC-10170,2026-03-30 06:14:04.291966,2,Voice,606,N,True
INC-10171,2026-05-12 14:40:04.291966,42,Email,1351,,True
INC-10172,2026-09-10 11:47:04.291966,45,Chat,633,Yes,True
INC-10173,2026-04-02 04:23:04.291966,6,Voice,592,No,True
INC-10174,2026-08-14 02:03:04.291966,28,Voice,477,No,True
INC-10175,2026-06-07 13:45:04.291966,28,Chat,1143,No,True
INC-10176,2026-08-08 08:23:04.291966,44,Email,1631,Y,False
INC-10177,2026-04-17 20:44:04.291966,44,Voice,479,No,False
INC-10178,2026-08-09 17:01:04.291966,20,Email,1454,No,True
INC-10179,2026-07-15 19:42:04.291966,30,Chat,996,Yes,True
INC-10180,2026-08-09 21:12:04.291966,11,Voice,430,Yes,True
INC-10181,2026-08-26 17:36:04.291966,28,Voice,377,Yes,True
INC-10182,2026-04-22 03:13:04.291966,25,Voice,553,No,True
INC-10183,2026-07-28 02:25:04.291966,39,Chat,871,No,True
INC-10184,2026-07-25 03:25:04.291966,33,Voice,484,No,True
INC-10185,2026-07-28 00:25:04.291966,1,Voice,610,No,True
INC-10186,2026-07-23 06:12:04.291966,27,Chat,877,No,True
INC-10187,2026-07-23 02:52:04.291966,13,Chat,903,No,True
INC-10188,2026-05-28 12:29:04.291966,41,Voice,408,Yes,True
INC-10189,2026-07-03 19:36:04.291966,3,Voice,531,No,False
INC-10190,2026-06-17 10:15:04.291966,39,Voice,521,No,True
INC-10191,2026-08-09 20:40:04.291966,6,Chat,1080,No,True
INC-10192,2026-07-12 15:08:04.291966,8,Email,1326,No,True
INC-10193,2026-06-06 13:55:04.291966,27,Voice,425,No,True
INC-10194,2026-04-04 07:32:04.291966,9,Email,1737,No,False
INC-10195,2026-08-28 14:18:04.291966,37,Chat,950,No,False
INC-10196,2026-07-29 22:29:04.291966,33,Chat,718,No,True
INC-10197,2026-06-16 04:07:04.291966,42,Chat,1161,No,True
INC-10198,2026-08-06 23:29:04.291966,44,Voice,276,Y,False
INC-10199,2026-06-08 15:50:04.291966,24,Voice,574,Yes,False
INC-10200,2026-05-01 13:18:04.291966,15,Chat,646,No,True
INC-10201,2026-05-18 11:23:04.291966,32,Chat,1277,No,True
INC-10202,2026-03-24 04:19:04.291966,32,Chat,591,No,True
INC-10203,2026-07-15 18:15:04.291966,24,Voice,618,No,True
INC-10204,2026-08-09 19:51:04.291966,41,Email,1475,No,False
INC-10205,2026-05-08 02:39:04.291966,49,Chat,826,No,True
INC-10206,2026-03-28 21:46:04.291966,49,Voice,502,Yes,True
INC-10207,2026-05-18 12:54:04.291966,12,Voice,555,No,True
INC-10208,2026-07-18 16:35:04.291966,39,Chat,719,No,True
INC-10209,2026-06-27 14:26:04.291966,2,Chat,736,,True
INC-10210,2026-06-22 23:32:04.291966,3,Voice,557,Yes,True
INC-10211,2026-05-22 02:45:04.291966,49,Email,987,No,True
INC-10212,2026-06-14 12:33:04.291966,37,Voice,409,No,True
INC-10213,2026-03-25 16:51:04.291966,49,Voice,844,Yes,True
INC-10214,2026-04-09 21:13:04.291966,17,Email,1209,No,False
INC-10215,2026-08-16 07:19:04.291966,49,Email,1844,No,True
INC-10216,2026-05-14 21:17:04.291966,2,Chat,782,No,True
INC-10217,2026-06-16 07:29:04.291966,2,Email,1652,No,True
INC-10218,2026-06-28 21:19:04.291966,28,Voice,558,No,True
INC-10219,2026-06-18 14:04:04.291966,23,Email,1838,No,True
INC-10220,2026-05-25 05:33:04.291966,37,Voice,455,No,True
INC-10221,2026-04-24 12:10:04.291966,32,Voice,718,No,False
INC-10222,2026-05-24 03:00:04.291966,33,Voice,409,No,True
INC-10223,2026-05-03 03:22:04.291966,1,Voice,508,No,True
INC-10224,2026-08-20 20:14:04.291966,19,Voice,509,Y,True
INC-10225,2026-03-23 19:14:04.291966,2,Voice,345,No,True
INC-10226,2026-09-14 12:04:04.291966,44,Voice,445,No,True
INC-10227,2026-08-11 10:12:04.291966,26,Voice,499,No,True
INC-10228,2026-06-13 04:43:04.291966,32,Chat,813,No,True
INC-10229,2026-06-25 04:55:04.291966,6,Voice,772,No,False
INC-10230,2026-05-06 07:24:04.291966,32,Voice,379,No,True
INC-10231,2026-07-03 21:47:04.291966,4,Chat,1135,Yes,True
INC-10232,2026-08-30 08:55:04.291966,11,Email,1756,No,True
INC-10233,2026-08-14 00:37:04.291966,17,Chat,897,No,True
INC-10234,2026-03-26 21:22:04.291966,38,Voice,376,Yes,True
INC-10235,2026-05-13 01:02:04.291966,24,Chat,746,No,True
INC-10236,2026-06-13 15:53:04.291966,5,Voice,417,No,True
INC-10237,2026-06-02 08:19:04.291966,34,Voice,265,No,True
INC-10238,2026-07-20 22:01:04.291966,6,Voice,359,No,True
INC-10239,2026-04-13 10:50:04.291966,22,Email,1055,,True
INC-10240,2026-04-27 09:46:04.291966,11,Voice,641,No,True
INC-10241,2026-05-17 09:02:04.291966,48,Voice,554,No,False
INC-10242,2026-05-21 03:59:04.291966,16,Voice,574,No,True
INC-10243,2026-04-13 05:59:04.291966,33,Email,1676,No,True
INC-10244,2026-04-10 07:36:04.291966,9,Chat,933,N,False
INC-10245,2026-05-08 16:56:04.291966,6,Voice,655,No,False
INC-10246,2026-04-12 06:57:04.291966,16,Chat,777,No,True
INC-10247,2026-05-15 12:39:04.291966,29,Chat,921,No,True
INC-10248,2026-06-03 07:13:04.291966,3,Chat,1049,No,True
INC-10249,2026-03-24 00:01:04.291966,20,Voice,321,No,True
INC-10250,2026-03-29 05:07:04.291966,36,Email,2428,No,False
INC-10251,2026-04-27 22:37:04.291966,19,Voice,483,No,True
INC-10252,2026-04-29 23:17:04.291966,26,Chat,928,No,True
INC-10253,2026-06-17 20:40:04.291966,3,Voice,630,No,True
INC-10254,2026-06-08 10:19:04.291966,19,Voice,589,Y,True
INC-10255,2026-08-15 14:18:04.291966,20,Voice,484,No,True
INC-10256,2026-07-27 22:39:04.291966,32,Chat,926,No,True
INC-10257,2026-06-03 08:10:04.291966,7,Voice,299,N,True
INC-10258,2026-07-01 00:31:04.291966,41,Chat,788,Yes,True
INC-10259,2026-04-12 19:00:04.291966,33,Voice,542,Yes,True
INC-10260,2026-08-17 02:47:04.291966,40,Chat,988,No,True
INC-10261,2026-07-17 03:56:04.291966,39,Email,1866,No,True
INC-10262,2026-06-10 13:43:04.291966,18,Chat,875,Yes,True
INC-10263,2026-09-09 04:03:04.291966,40,Chat,622,No,True
INC-10264,2026-05-29 18:09:04.291966,1,Chat,1111,No,True
INC-10265,2026-05-31 00:41:04.291966,11,Voice,652,No,True
INC-10266,2026-04-14 11:13:04.291966,28,Email,1769,No,False
INC-10267,2026-06-15 07:04:04.291966,25,Voice,460,No,True
INC-10268,2026-06-13 21:56:04.291966,50,Chat,1108,No,True
INC-10269,2026-08-21 18:44:04.291966,23,Chat,1585,No,True
INC-10270,2026-06-26 08:51:04.291966,31,Voice,493,No,True
INC-10271,2026-07-20 19:51:04.291966,30,Voice,322,N,True
INC-10272,2026-03-29 05:14:04.291966,42,Voice,409,No,True
INC-10273,2026-09-09 01:04:04.291966,35,Email,1687,Yes,True
INC-10274,2026-09-14 17:07:04.291966,7,Email,1018,No,True
INC-10275,2026-08-22 15:21:04.291966,16,Chat,933,No,True
INC-10276,2026-08-04 21:20:04.291966,26,Chat,976,No,True
INC-10277,2026-08-14 08:57:04.291966,48,Email,1960,No,False
INC-10278,2026-08-15 23:39:04.291966,49,Voice,637,Yes,True
INC-10279,2026-07-05 16:50:04.291966,2,Voice,583,,True
INC-10280,2026-07-10 02:22:04.291966,1,Chat,467,No,True
INC-10281,2026-09-10 03:20:04.291966,48,Email,1776,Yes,True
INC-10282,2026-06-16 07:42:04.291966,12,Email,1711,Yes,False
INC-10283,2026-06-23 09:32:04.291966,5,Voice,510,No,True
INC-10284,2026-03-25 20:23:04.291966,37,Voice,272,Yes,True
INC-10285,2026-08-20 18:14:04.291966,32,Voice,386,No,False
INC-10286,2026-05-19 04:58:04.291966,9,Voice,339,N,False
INC-10287,2026-06-10 01:10:04.291966,41,Voice,238,No,True
INC-10288,2026-07-06 19:05:04.291966,35,Chat,899,No,True
INC-10289,2026-07-23 11:24:04.291966,19,Voice,384,Yes,True
INC-10290,2026-07-20 17:48:04.291966,48,Email,2287,No,True
INC-10291,2026-07-25 19:23:04.291966,16,Voice,459,No,True
INC-10292,2026-09-07 00:27:04.291966,3,Chat,1158,No,True
INC-10293,2026-05-08 20:54:04.291966,20,Voice,291,No,True
INC-10294,2026-06-02 06:58:04.291966,24,Voice,416,No,True
INC-10295,2026-05-04 23:38:04.291966,33,Voice,491,Y,True
INC-10296,2026-05-05 21:53:04.291966,24,Email,1227,No,True
INC-10297,2026-04-23 13:03:04.291966,11,Email,1373,No,True
INC-10298,2026-08-17 14:00:04.291966,49,Voice,453,N,True
INC-10299,2026-09-16 08:05:04.291966,8,Voice,451,N,False
INC-10300,2026-08-09 01:35:04.291966,36,Email,2056,No,True
INC-10301,2026-07-14 09:28:04.291966,38,Voice,525,No,True
INC-10302,2026-03-27 22:08:04.291966,40,Voice,537,No,True
INC-10303,2026-09-03 10:52:04.291966,20,Chat,1007,No,True
INC-10304,2026-06-07 13:47:04.291966,35,Email,1683,No,True
INC-10305,2026-05-27 19:13:04.291966,48,Voice,470,N,True
INC-10306,2026-07-29 05:00:04.291966,25,Voice,441,No,True
INC-10307,2026-08-14 05:14:04.291966,35,Email,1550,No,True
INC-10308,2026-06-20 06:10:04.291966,25,Voice,618,No,True
INC-10309,2026-06-22 02:02:04.291966,29,Voice,615,No,False
INC-10310,2026-05-28 13:45:04.291966,18,Chat,851,Yes,True
INC-10311,2026-05-29 09:52:04.291966,46,Email,1730,No,True
INC-10312,2026-08-04 12:30:04.291966,18,Voice,456,No,True
INC-10313,2026-04-16 13:55:04.291966,2,Email,1510,Yes,True
INC-10314,2026-08-13 09:02:04.291966,35,Chat,805,No,True
INC-10315,2026-03-31 10:31:04.291966,16,Voice,458,No,True
INC-10316,2026-05-18 09:51:04.291966,41,Email,1902,Yes,True
INC-10317,2026-07-06 14:50:04.291966,36,Voice,491,No,True
INC-10318,2026-08-04 19:17:04.291966,33,Voice,496,,True
INC-10319,2026-08-03 10:53:04.291966,4,Chat,610,,False
INC-10320,2026-03-23 20:43:04.291966,33,Voice,442,No,True
INC-10321,2026-05-16 11:41:04.291966,14,Voice,451,No,True
INC-10322,2026-05-08 16:57:04.291966,21,Voice,380,No,True
INC-10323,2026-04-09 11:37:04.291966,48,Voice,482,,True
INC-10324,2026-04-17 09:16:04.291966,20,Email,1371,No,True
INC-10325,2026-07-15 02:52:04.291966,8,Chat,915,No,True
INC-10326,2026-06-06 21:41:04.291966,7,Email,1536,Yes,True
INC-10327,2026-09-03 05:49:04.291966,3,Voice,365,No,False
INC-10328,2026-09-06 21:31:04.291966,17,Voice,432,Yes,True
INC-10329,2026-08-22 22:14:04.291966,33,Voice,489,No,True
INC-10330,2026-05-31 19:07:04.291966,48,Voice,622,No,True
INC-10331,2026-08-31 07:48:04.291966,12,Voice,510,No,True
INC-10332,2026-04-25 13:52:04.291966,22,Chat,767,No,True
INC-10333,2026-03-25 22:00:04.291966,22,Email,1619,No,True
INC-10334,2026-04-26 04:37:04.291966,46,Email,2012,Yes,True
INC-10335,2026-09-11 21:23:04.291966,30,Voice,590,No,True
INC-10336,2026-04-22 01:45:04.291966,38,Email,1664,No,True
INC-10337,2026-03-23 12:27:04.291966,38,Voice,567,N,True
INC-10338,2026-09-13 05:42:04.291966,45,Voice,652,No,False
INC-10339,2026-09-06 18:16:04.291966,8,Email,1822,No,True
INC-10340,2026-04-26 02:58:04.291966,27,Chat,1013,No,True
INC-10341,2026-06-12 01:01:04.291966,27,Voice,608,Y,True
INC-10342,2026-06-13 04:48:04.291966,34,Voice,350,Yes,True
INC-10343,2026-07-06 01:42:04.291966,21,Voice,299,No,True
INC-10344,2026-03-30 13:12:04.291966,30,Chat,931,No,True
INC-10345,2026-06-23 20:31:04.291966,33,Voice,488,Yes,True
INC-10346,2026-08-27 06:35:04.291966,28,Email,1336,No,True
INC-10347,2026-07-30 20:58:04.291966,47,Voice,579,,True
INC-10348,2026-05-07 03:59:04.291966,33,Voice,256,No,True
INC-10349,2026-05-11 02:15:04.291966,5,Voice,415,N,True
INC-10350,2026-04-03 04:54:04.291966,48,Chat,803,No,True
INC-10351,2026-08-16 06:29:04.291966,19,Voice,283,N,True
INC-10352,2026-08-02 13:51:04.291966,4,Chat,1198,No,False
INC-10353,2026-05-16 14:44:04.291966,35,Email,1092,No,True
INC-10354,2026-06-16 19:06:04.291966,49,Email,1323,No,True
INC-10355,2026-08-09 05:58:04.291966,17,Email,1772,No,True
INC-10356,2026-06-09 23:37:04.291966,44,Email,1693,No,True
INC-10357,2026-08-10 13:13:04.291966,28,Chat,678,No,True
INC-10358,2026-05-08 17:02:04.291966,30,Email,1704,No,True
INC-10359,2026-08-06 18:07:04.291966,29,Voice,514,No,True
INC-10360,2026-03-29 12:04:04.291966,46,Voice,759,No,True
INC-10361,2026-08-24 04:10:04.291966,6,Voice,528,No,True
INC-10362,2026-03-28 23:43:04.291966,35,Voice,463,N,False
INC-10363,2026-06-08 07:44:04.291966,41,Voice,377,N,True
INC-10364,2026-06-16 08:16:04.291966,37,Email,1276,Yes,True
INC-10365,2026-06-27 17:16:04.291966,24,Voice,380,Yes,True
INC-10366,2026-09-08 04:59:04.291966,29,Voice,644,No,True
INC-10367,2026-09-10 00:38:04.291966,49,Chat,903,No,False
INC-10368,2026-08-30 06:16:04.291966,46,Voice,547,No,True
INC-10369,2026-07-04 00:40:04.291966,31,Voice,661,No,True
INC-10370,2026-08-09 10:06:04.291966,35,Voice,196,No,True
INC-10371,2026-06-07 04:09:04.291966,33,Voice,633,No,True
INC-10372,2026-06-25 04:04:04.291966,21,Voice,486,No,True
INC-10373,2026-08-02 22:05:04.291966,32,Chat,987,N,True
INC-10374,2026-07-02 03:01:04.291966,23,Chat,734,No,True
INC-10375,2026-08-29 10:20:04.291966,33,Voice,389,No,True
INC-10376,2026-09-04 11:55:04.291966,3,Voice,538,No,True
INC-10377,2026-07-12 05:16:04.291966,18,Voice,766,No,True
INC-10378,2026-05-15 04:55:04.291966,25,Chat,1100,No,True
INC-10379,2026-07-16 19:20:04.291966,42,Voice,631,No,True
INC-10380,2026-03-20 08:38:04.291966,31,Voice,456,Yes,True
INC-10381,2026-03-30 12:38:04.291966,3,Chat,779,No,False
INC-10382,2026-04-24 04:10:04.291966,40,Voice,386,No,True
INC-10383,2026-06-12 06:48:04.291966,46,Voice,421,No,True
INC-10384,2026-08-24 10:41:04.291966,24,Voice,233,No,True
INC-10385,2026-04-25 12:14:04.291966,50,Email,1282,No,True
INC-10386,2026-08-26 12:34:04.291966,32,Email,1331,Yes,True
INC-10387,2026-04-08 11:41:04.291966,47,Chat,864,No,True
INC-10388,2026-08-15 01:43:04.291966,22,Voice,495,Yes,True
INC-10389,2026-07-03 01:00:04.291966,23,Chat,972,No,True
INC-10390,2026-07-01 07:25:04.291966,2,Email,1495,No,True
INC-10391,2026-05-22 12:13:04.291966,27,Email,1325,No,True
INC-10392,2026-08-05 16:38:04.291966,42,Voice,244,No,True
INC-10393,2026-08-22 08:30:04.291966,2,Email,1327,No,True
INC-10394,2026-06-05 01:39:04.291966,26,Voice,363,No,True
INC-10395,2026-05-16 18:39:04.291966,17,Voice,535,No,False
INC-10396,2026-03-29 11:32:04.291966,40,Chat,1081,No,True
INC-10397,2026-04-26 22:27:04.291966,33,Voice,592,No,True
INC-10398,2026-08-15 22:47:04.291966,9,Email,1727,No,True
INC-10399,2026-07-22 03:50:04.291966,43,Voice,463,No,True
INC-10400,2026-04-19 10:32:04.291966,48,Chat,795,Yes,True
INC-10401,2026-06-12 20:10:04.291966,39,Email,1275,Yes,False
INC-10402,2026-03-28 12:01:04.291966,29,Email,1047,No,True
INC-10403,2026-07-30 01:34:04.291966,42,Voice,599,Y,True
INC-10404,2026-06-30 19:16:04.291966,26,Voice,459,No,True
INC-10405,2026-06-01 16:26:04.291966,35,Chat,650,No,True
INC-10406,2026-06-11 00:55:04.291966,50,Voice,380,No,False
INC-10407,2026-05-26 07:07:04.291966,25,Email,1239,No,True
INC-10408,2026-07-31 02:38:04.291966,24,Email,1512,No,True
INC-10409,2026-04-10 19:31:04.291966,13,Voice,608,No,False
INC-10410,2026-04-21 22:22:04.291966,7,Voice,438,No,True
INC-10411,2026-05-06 12:53:04.291966,36,Voice,209,No,True
INC-10412,2026-09-06 20:57:04.291966,45,Email,1443,No,True
INC-10413,2026-06-17 15:49:04.291966,20,Voice,461,No,True
INC-10414,2026-08-25 08:10:04.291966,1,Voice,453,No,True
INC-10415,2026-04-11 06:21:04.291966,8,Voice,404,No,False
INC-10416,2026-05-16 00:01:04.291966,46,Chat,943,No,True
INC-10417,2026-06-23 10:31:04.291966,16,Voice,487,No,True
INC-10418,2026-06-10 12:59:04.291966,14,Voice,477,No,True
INC-10419,2026-07-03 11:20:04.291966,12,Email,1623,No,True
INC-10420,2026-05-24 05:19:04.291966,23,Email,1371,No,True
INC-10421,2026-09-08 20:03:04.291966,15,Chat,802,No,False
INC-10422,2026-06-04 02:30:04.291966,28,Voice,645,No,True
INC-10423,2026-05-27 12:51:04.291966,34,Voice,547,No,True
INC-10424,2026-07-07 13:57:04.291966,2,Chat,1065,,True
INC-10425,2026-09-10 04:53:04.291966,32,Voice,627,No,True
INC-10426,2026-07-23 17:15:04.291966,23,Email,1657,No,True
INC-10427,2026-08-03 20:06:04.291966,22,Chat,1085,Yes,True
INC-10428,2026-04-19 09:00:04.291966,25,Voice,290,N,True
INC-10429,2026-05-05 15:19:04.291966,22,Email,1561,,True
INC-10430,2026-06-24 02:29:04.291966,22,Email,1445,No,True
INC-10431,2026-04-20 21:05:04.291966,49,Voice,681,No,True
INC-10432,2026-06-15 09:56:04.291966,42,Chat,1085,No,True
INC-10433,2026-04-20 06:57:04.291966,6,Voice,404,No,False
INC-10434,2026-06-18 00:22:04.291966,15,Voice,524,Y,False
INC-10435,2026-06-29 10:07:04.291966,43,Voice,500,No,False
INC-10436,2026-08-28 23:22:04.291966,37,Chat,990,No,True
INC-10437,2026-07-22 00:52:04.291966,33,Email,1194,No,True
INC-10438,2026-05-22 11:06:04.291966,8,Chat,972,Y,False
INC-10439,2026-06-13 06:32:04.291966,44,Voice,452,No,True
INC-10440,2026-06-28 11:33:04.291966,44,Chat,956,No,False
INC-10441,2026-07-03 04:39:04.291966,5,Voice,393,No,True
INC-10442,2026-04-22 10:55:04.291966,39,Email,1324,,False
INC-10443,2026-08-13 02:44:04.291966,4,Voice,620,No,True
INC-10444,2026-06-09 00:27:04.291966,6,Voice,353,N,True
INC-10445,2026-07-04 05:45:04.291966,45,Voice,362,No,True
INC-10446,2026-03-23 17:00:04.291966,32,Chat,889,No,False
INC-10447,2026-04-03 08:15:04.291966,30,Voice,387,No,True
INC-10448,2026-05-21 21:56:04.291966,47,Chat,722,No,False
INC-10449,2026-07-18 19:53:04.291966,35,Voice,492,No,True
INC-10450,2026-07-16 23:43:04.291966,40,Voice,299,No,True
INC-10451,2026-05-02 08:25:04.291966,16,Voice,359,No,True
INC-10452,2026-05-12 07:22:04.291966,13,Email,2116,No,True
INC-10453,2026-07-28 20:01:04.291966,50,Email,1637,No,True
INC-10454,2026-08-13 03:55:04.291966,42,Voice,390,No,True
INC-10455,2026-03-25 22:10:04.291966,30,Voice,530,No,True
INC-10456,2026-04-17 02:37:04.291966,19,Voice,548,No,True
INC-10457,2026-05-10 02:55:04.291966,17,Chat,1098,No,True
INC-10458,2026-04-21 16:12:04.291966,19,Voice,464,N,False
INC-10459,2026-06-16 08:55:04.291966,28,Email,1792,No,True
INC-10460,2026-07-26 12:45:04.291966,26,Email,888,No,True
INC-10461,2026-09-11 23:32:04.291966,37,Voice,353,No,True
INC-10462,2026-05-17 22:24:04.291966,26,Voice,499,No,True
INC-10463,2026-04-23 22:22:04.291966,23,Email,1598,No,True
INC-10464,2026-04-03 09:43:04.291966,9,Email,1226,No,True
INC-10465,2026-05-17 23:29:04.291966,12,Voice,511,No,True
INC-10466,2026-04-08 13:04:04.291966,1,Voice,405,No,False
INC-10467,2026-05-02 05:07:04.291966,1,Voice,446,No,True
INC-10468,2026-04-29 09:06:04.291966,47,Voice,602,No,True
INC-10469,2026-05-17 00:57:04.291966,34,Voice,589,,True
INC-10470,2026-07-23 08:29:04.291966,32,Voice,360,No,False
INC-10471,2026-03-28 05:04:04.291966,48,Chat,688,No,True
INC-10472,2026-07-02 05:17:04.291966,25,Voice,430,No,True
INC-10473,2026-07-19 08:55:04.291966,40,Voice,476,No,True
INC-10474,2026-08-05 05:58:04.291966,45,Voice,401,No,False
INC-10475,2026-08-27 23:12:04.291966,1,Email,1812,No,True
INC-10476,2026-05-03 04:01:04.291966,16,Email,1604,No,True
INC-10477,2026-09-02 19:52:04.291966,39,Voice,528,No,True
INC-10478,2026-07-18 22:53:04.291966,5,Voice,328,No,True
INC-10479,2026-03-25 03:24:04.291966,22,Email,1850,,True
INC-10480,2026-05-07 17:09:04.291966,29,Voice,141,N,True
INC-10481,2026-06-13 17:44:04.291966,3,Voice,580,No,False
INC-10482,2026-08-22 08:20:04.291966,12,Voice,592,No,True
INC-10483,2026-09-07 08:01:04.291966,26,Voice,428,No,True
INC-10484,2026-08-01 08:55:04.291966,16,Voice,632,No,False
INC-10485,2026-05-05 01:48:04.291966,37,Email,1481,Yes,True
INC-10486,2026-06-25 18:59:04.291966,22,Chat,912,No,True
INC-10487,2026-06-21 00:39:04.291966,29,Voice,520,,True
INC-10488,2026-06-17 06:05:04.291966,14,Email,2455,No,False
INC-10489,2026-06-23 16:11:04.291966,28,Voice,641,No,True
INC-10490,2026-09-10 19:18:04.291966,5,Voice,564,No,True
INC-10491,2026-04-25 06:55:04.291966,47,Chat,717,No,True
INC-10492,2026-07-01 11:49:04.291966,49,Chat,928,,True
INC-10493,2026-03-20 01:20:04.291966,30,Voice,382,No,False
INC-10494,2026-06-23 21:43:04.291966,46,Voice,578,Yes,True
INC-10495,2026-07-06 09:15:04.291966,5,Chat,928,No,True
INC-10496,2026-08-11 14:16:04.291966,12,Chat,675,,True
INC-10497,2026-08-27 11:35:04.291966,16,Chat,916,No,True
INC-10498,2026-08-15 09:42:04.291966,26,Voice,378,No,True
INC-10499,2026-08-07 18:39:04.291966,26,Voice,498,No,True
INC-10500,2026-09-03 12:05:04.291966,48,Voice,376,No,False
INC-10501,2026-09-15 12:50:04.291966,21,Voice,483,Y,False
INC-10502,2026-07-20 12:11:04.291966,39,Email,1725,No,True
INC-10503,2026-04-10 06:42:04.291966,36,Voice,473,No,True
INC-10504,2026-07-16 01:44:04.291966,33,Voice,433,No,True
INC-10505,2026-06-24 19:45:04.291966,30,Chat,940,,True
INC-10506,2026-08-27 15:40:04.291966,37,Voice,563,Yes,True
INC-10507,2026-09-01 10:10:04.291966,23,Voice,347,No,True
INC-10508,2026-06-17 21:04:04.291966,10,Email,1578,No,True
INC-10509,2026-08-26 14:44:04.291966,5,Email,1895,No,True
INC-10510,2026-03-23 23:55:04.291966,36,Chat,1014,,False
INC-10511,2026-08-12 08:44:04.291966,34,Voice,486,No,True
INC-10512,2026-08-22 10:41:04.291966,31,Chat,1027,No,False
INC-10513,2026-03-29 07:34:04.291966,10,Chat,990,No,True
INC-10514,2026-07-23 16:30:04.291966,19,Voice,570,No,True
INC-10515,2026-07-02 06:40:04.291966,32,Voice,237,No,False
INC-10516,2026-03-24 18:45:04.291966,1,Email,1033,No,True
INC-10517,2026-06-07 01:50:04.291966,5,Voice,600,No,True
INC-10518,2026-06-30 04:34:04.291966,45,Chat,598,No,True
INC-10519,2026-07-19 04:38:04.291966,4,Voice,528,Yes,True
INC-10520,2026-06-25 08:44:04.291966,16,Voice,437,Y,True
INC-10521,2026-08-13 09:09:04.291966,24,Voice,360,Y,True
INC-10522,2026-04-19 10:16:04.291966,16,Email,1604,No,True
INC-10523,2026-03-20 23:40:04.291966,2,Voice,504,No,False
INC-10524,2026-06-10 03:23:04.291966,49,Chat,1322,No,False
INC-10525,2026-09-12 01:37:04.291966,28,Chat,775,No,True
INC-10526,2026-08-18 08:58:04.291966,32,Chat,1188,No,True
INC-10527,2026-05-17 00:08:04.291966,27,Email,1605,No,True
INC-10528,2026-07-10 18:41:04.291966,20,Chat,767,No,True
INC-10529,2026-05-28 18:23:04.291966,24,Voice,575,No,True
INC-10530,2026-05-31 00:06:04.291966,12,Email,1669,No,True
INC-10531,2026-08-31 18:15:04.291966,50,Chat,907,No,True
INC-10532,2026-06-08 06:02:04.291966,35,Voice,511,No,True
INC-10533,2026-09-07 10:29:04.291966,33,Voice,408,No,True
INC-10534,2026-08-22 11:37:04.291966,33,Email,1252,No,True
INC-10535,2026-07-26 16:41:04.291966,43,Voice,571,No,True
INC-10536,2026-08-28 02:49:04.291966,37,Chat,855,No,True
INC-10537,2026-09-06 01:47:04.291966,12,Voice,470,No,True
INC-10538,2026-09-07 18:39:04.291966,3,Voice,513,Yes,True
INC-10539,2026-06-28 10:07:04.291966,1,Chat,953,No,True
INC-10540,2026-09-05 09:27:04.291966,33,Voice,308,No,False
INC-10541,2026-03-25 19:06:04.291966,40,Voice,634,No,True
INC-10542,2026-06-07 16:41:04.291966,10,Chat,924,No,False
INC-10543,2026-07-10 14:54:04.291966,43,Voice,455,No,True
INC-10544,2026-07-12 16:18:04.291966,44,Chat,986,No,True
INC-10545,2026-05-31 16:14:04.291966,29,Email,1570,Y,True
INC-10546,2026-05-18 10:28:04.291966,13,Chat,1053,N,True
INC-10547,2026-03-22 15:58:04.291966,12,Voice,544,No,True
INC-10548,2026-03-29 07:04:04.291966,31,Voice,566,No,False
INC-10549,2026-05-14 16:34:04.291966,46,Chat,1170,No,True
INC-10550,2026-04-19 00:10:04.291966,2,Email,1765,No,True
INC-10551,2026-04-11 15:38:04.291966,50,Email,1451,,True
INC-10552,2026-06-11 16:34:04.291966,35,Email,1163,No,True
INC-10553,2026-07-10 04:18:04.291966,23,Voice,680,No,True
INC-10554,2026-06-24 12:53:04.291966,17,Voice,451,No,True
INC-10555,2026-05-27 02:58:04.291966,26,Voice,423,No,True
INC-10556,2026-05-13 09:27:04.291966,8,Voice,271,No,True
INC-10557,2026-06-13 18:12:04.291966,29,Voice,520,N,True
INC-10558,2026-04-22 11:09:04.291966,26,Email,1544,No,True
INC-10559,2026-09-16 04:41:04.291966,10,Voice,298,No,True
INC-10560,2026-07-16 09:47:04.291966,26,Voice,534,No,True
INC-10561,2026-06-17 02:38:04.291966,34,Voice,420,No,True
INC-10562,2026-08-10 04:11:04.291966,41,Email,2307,Yes,True
INC-10563,2026-04-19 07:17:04.291966,7,Chat,786,No,True
INC-10564,2026-07-09 20:06:04.291966,4,Chat,812,No,True
INC-10565,2026-07-12 05:05:04.291966,50,Email,1237,N,True
INC-10566,2026-06-08 10:13:04.291966,45,Voice,633,No,False
INC-10567,2026-04-03 09:04:04.291966,11,Chat,825,No,False
INC-10568,2026-04-24 14:04:04.291966,29,Voice,393,No,True
INC-10569,2026-04-01 13:51:04.291966,36,Voice,564,Yes,True
INC-10570,2026-06-04 07:40:04.291966,25,Email,1085,No,True
INC-10571,2026-09-15 01:13:04.291966,21,Chat,1025,Yes,True
INC-10572,2026-03-21 21:39:04.291966,36,Voice,693,N,True
INC-10573,2026-05-27 13:46:04.291966,10,Voice,547,No,True
INC-10574,2026-06-15 17:55:04.291966,37,Chat,1027,No,True
INC-10575,2026-05-14 08:53:04.291966,9,Voice,584,No,True
INC-10576,2026-04-06 08:03:04.291966,24,Voice,685,No,False
INC-10577,2026-04-03 03:27:04.291966,35,Voice,625,No,True
INC-10578,2026-03-23 09:20:04.291966,49,Voice,532,No,True
INC-10579,2026-08-09 21:00:04.291966,35,Email,1771,No,False
INC-10580,2026-06-24 16:25:04.291966,48,Voice,373,No,True
INC-10581,2026-08-05 14:14:04.291966,36,Voice,573,No,False
INC-10582,2026-05-01 09:40:04.291966,18,Chat,698,No,True
INC-10583,2026-05-13 22:32:04.291966,49,Email,1389,,False
INC-10584,2026-07-03 16:33:04.291966,39,Voice,110,N,False
INC-10585,2026-08-02 10:08:04.291966,32,Voice,528,No,True
INC-10586,2026-07-30 18:11:04.291966,24,Voice,402,No,True
INC-10587,2026-08-01 16:49:04.291966,23,Chat,1122,N,True
INC-10588,2026-03-27 07:38:04.291966,32,Chat,978,No,True
INC-10589,2026-06-02 13:51:04.291966,37,Email,1837,No,True
INC-10590,2026-03-31 03:42:04.291966,12,Email,1174,No,True
INC-10591,2026-03-24 04:55:04.291966,49,Chat,1107,No,True
INC-10592,2026-05-31 21:46:04.291966,13,Chat,1321,No,True
INC-10593,2026-08-28 11:34:04.291966,23,Voice,571,No,True
INC-10594,2026-08-08 14:36:04.291966,25,Voice,574,No,True
INC-10595,2026-07-14 23:54:04.291966,35,Email,1550,No,False
INC-10596,2026-03-27 17:26:04.291966,41,Voice,417,No,True
INC-10597,2026-08-16 11:14:04.291966,30,Voice,571,No,True
INC-10598,2026-04-12 03:41:04.291966,17,Chat,598,No,True
INC-10599,2026-05-24 21:44:04.291966,49,Voice,429,No,False
INC-10600,2026-05-08 08:28:04.291966,20,Chat,545,No,True
INC-10601,2026-04-14 02:38:04.291966,48,Chat,759,Yes,True
INC-10602,2026-04-08 20:02:04.291966,25,Voice,557,No,True
INC-10603,2026-08-10 04:55:04.291966,22,Email,1651,N,True
INC-10604,2026-03-20 18:55:04.291966,13,Voice,486,No,True
INC-10605,2026-05-05 16:19:04.291966,19,Voice,500,No,True
INC-10606,2026-04-28 06:35:04.291966,49,Chat,522,N,True
INC-10607,2026-05-08 00:20:04.291966,36,Chat,825,No,True
INC-10608,2026-07-06 18:51:04.291966,12,Chat,763,No,True
INC-10609,2026-06-13 01:23:04.291966,41,Voice,400,No,True
INC-10610,2026-05-18 14:45:04.291966,19,Chat,1019,No,True
INC-10611,2026-05-05 16:58:04.291966,12,Voice,376,No,True
INC-10612,2026-04-13 10:46:04.291966,9,Email,1318,No,True
INC-10613,2026-05-27 21:01:04.291966,7,Voice,229,No,True
INC-10614,2026-06-20 11:07:04.291966,28,Chat,841,N,True
INC-10615,2026-05-10 16:22:04.291966,14,Voice,349,No,True
INC-10616,2026-08-15 15:13:04.291966,31,Voice,489,No,True
INC-10617,2026-05-31 22:20:04.291966,19,Voice,365,No,True
INC-10618,2026-04-30 22:59:04.291966,47,Email,1531,No,False
INC-10619,2026-08-25 03:19:04.291966,16,Chat,871,No,True
INC-10620,2026-07-31 00:51:04.291966,5,Email,2001,No,False
INC-10621,2026-06-28 08:03:04.291966,35,Voice,539,N,True
INC-10622,2026-08-31 03:07:04.291966,12,Voice,259,No,True
INC-10623,2026-04-21 22:39:04.291966,25,Voice,328,No,True
INC-10624,2026-03-26 16:02:04.291966,21,Email,1516,,True
INC-10625,2026-06-29 02:29:04.291966,36,Voice,368,No,True
INC-10626,2026-07-24 01:39:04.291966,23,Email,609,No,False
INC-10627,2026-07-03 17:08:04.291966,16,Email,1904,No,True
INC-10628,2026-08-29 22:38:04.291966,39,Email,1716,No,True
INC-10629,2026-08-05 00:12:04.291966,45,Chat,1004,No,False
INC-10630,2026-07-27 13:30:04.291966,42,Chat,778,N,True
INC-10631,2026-04-20 17:59:04.291966,39,Chat,985,Y,True
INC-10632,2026-07-29 04:25:04.291966,14,Voice,395,Yes,False
INC-10633,2026-04-01 13:38:04.291966,31,Chat,940,No,True
INC-10634,2026-07-24 16:13:04.291966,5,Voice,369,No,True
INC-10635,2026-07-01 02:14:04.291966,35,Voice,661,No,True
INC-10636,2026-04-26 21:48:04.291966,23,Voice,291,No,True
INC-10637,2026-05-29 23:44:04.291966,29,Voice,627,No,True
INC-10638,2026-03-20 06:00:04.291966,43,Voice,484,No,True
INC-10639,2026-04-10 00:23:04.291966,11,Voice,421,Yes,True
INC-10640,2026-06-25 06:06:04.291966,18,Chat,933,Y,True
INC-10641,2026-06-19 13:12:04.291966,47,Voice,568,No,False
INC-10642,2026-04-21 01:23:04.291966,12,Chat,1173,No,False
INC-10643,2026-04-26 04:33:04.291966,9,Voice,517,Yes,True
INC-10644,2026-08-02 10:22:04.291966,10,Chat,721,Yes,True
INC-10645,2026-04-08 21:01:04.291966,44,Chat,911,No,True
INC-10646,2026-03-26 02:32:04.291966,17,Chat,1263,,True
INC-10647,2026-07-30 07:29:04.291966,38,Chat,1169,No,False
INC-10648,2026-06-12 00:40:04.291966,7,Voice,589,No,False
INC-10649,2026-05-07 17:47:04.291966,46,Chat,1059,No,True
INC-10650,2026-06-20 03:13:04.291966,13,Voice,563,No,True
INC-10651,2026-06-16 01:09:04.291966,40,Voice,619,No,True
INC-10652,2026-06-18 03:18:04.291966,42,Chat,808,No,True
INC-10653,2026-08-12 16:13:04.291966,9,Voice,317,No,True
INC-10654,2026-07-16 10:20:04.291966,50,Chat,913,No,True
INC-10655,2026-09-06 06:33:04.291966,27,Chat,736,No,True
INC-10656,2026-03-30 20:50:04.291966,2,Voice,353,No,True
INC-10657,2026-08-03 07:54:04.291966,5,Voice,393,No,True
INC-10658,2026-03-22 02:38:04.291966,29,Voice,778,No,True
INC-10659,2026-06-12 00:42:04.291966,37,Email,1540,No,False
INC-10660,2026-07-13 07:17:04.291966,38,Chat,972,Y,True
INC-10661,2026-03-24 15:04:04.291966,19,Voice,333,N,True
INC-10662,2026-05-19 08:22:04.291966,8,Voice,258,No,False
INC-10663,2026-08-26 21:07:04.291966,48,Chat,736,No,True
INC-10664,2026-07-19 00:35:04.291966,45,Email,1931,No,True
INC-10665,2026-04-10 14:14:04.291966,1,Voice,520,No,True
INC-10666,2026-08-23 11:37:04.291966,22,Voice,551,N,True
INC-10667,2026-08-21 19:13:04.291966,17,Email,1721,Yes,True
INC-10668,2026-05-03 03:04:04.291966,7,Voice,409,N,True
INC-10669,2026-07-07 01:48:04.291966,25,Voice,646,No,True
INC-10670,2026-04-01 00:44:04.291966,45,Email,1310,No,True
INC-10671,2026-05-31 04:22:04.291966,4,Chat,1181,No,True
INC-10672,2026-03-23 01:10:04.291966,36,Voice,533,,True
INC-10673,2026-05-10 16:15:04.291966,6,Voice,265,No,True
INC-10674,2026-04-08 12:18:04.291966,31,Voice,390,No,True
INC-10675,2026-08-05 15:55:04.291966,19,Voice,265,Yes,True
INC-10676,2026-05-11 15:31:04.291966,44,Email,1848,N,True
INC-10677,2026-04-10 08:20:04.291966,39,Voice,477,No,True
INC-10678,2026-05-11 08:03:04.291966,27,Chat,454,No,True
INC-10679,2026-08-30 00:51:04.291966,10,Email,1612,No,True
INC-10680,2026-04-02 19:03:04.291966,26,Voice,415,Y,True
INC-10681,2026-03-29 21:58:04.291966,19,Voice,301,No,True
INC-10682,2026-09-03 04:08:04.291966,39,Chat,1235,No,True
INC-10683,2026-04-22 18:37:04.291966,3,Email,1532,No,True
INC-10684,2026-08-28 13:52:04.291966,45,Email,1411,No,True
INC-10685,2026-05-18 07:39:04.291966,13,Voice,432,No,True
INC-10686,2026-07-31 22:09:04.291966,50,Chat,597,No,True
INC-10687,2026-09-06 13:46:04.291966,28,Chat,639,Yes,True
INC-10688,2026-07-12 05:37:04.291966,20,Email,1885,No,True
INC-10689,2026-08-16 05:30:04.291966,28,Voice,423,No,True
INC-10690,2026-05-07 04:30:04.291966,8,Chat,904,No,True
INC-10691,2026-05-02 22:15:04.291966,41,Email,886,,True
INC-10692,2026-05-08 15:23:04.291966,39,Voice,321,No,True
INC-10693,2026-09-09 12:51:04.291966,1,Voice,553,No,True
INC-10694,2026-07-22 00:24:04.291966,3,Voice,525,No,True
INC-10695,2026-08-17 22:07:04.291966,13,Voice,690,No,False
INC-10696,2026-06-04 01:13:04.291966,28,Voice,641,No,True
INC-10697,2026-09-08 23:10:04.291966,49,Email,1430,,True
INC-10698,2026-07-10 03:17:04.291966,25,Voice,536,No,True
INC-10699,2026-07-10 18:48:04.291966,33,Voice,442,No,True
INC-10700,2026-07-13 09:17:04.291966,38,Chat,1310,Yes,True
INC-10701,2026-04-01 04:27:04.291966,6,Voice,617,No,True
INC-10702,2026-08-31 04:19:04.291966,44,Voice,500,No,True
INC-10703,2026-07-06 17:24:04.291966,45,Chat,940,No,True
INC-10704,2026-06-11 15:08:04.291966,32,Email,1933,No,True
INC-10705,2026-06-27 02:56:04.291966,45,Chat,1015,No,True
INC-10706,2026-04-05 17:27:04.291966,47,Chat,1211,N,True
INC-10707,2026-08-02 03:27:04.291966,21,Voice,216,No,True
INC-10708,2026-07-06 21:35:04.291966,16,Email,1638,No,True
INC-10709,2026-07-31 05:27:04.291966,21,Voice,418,No,True
INC-10710,2026-03-22 13:00:04.291966,11,Chat,1251,N,True
INC-10711,2026-03-24 15:48:04.291966,37,Voice,665,No,True
INC-10712,2026-07-01 11:55:04.291966,36,Email,1509,N,True
INC-10713,2026-08-15 15:42:04.291966,35,Chat,1207,No,True
INC-10714,2026-06-20 18:08:04.291966,19,Chat,1256,No,False
INC-10715,2026-03-31 12:38:04.291966,20,Voice,488,No,True
INC-10716,2026-06-27 00:04:04.291966,18,Voice,776,No,True
INC-10717,2026-05-12 22:37:04.291966,47,Chat,893,No,True
INC-10718,2026-09-04 21:12:04.291966,41,Chat,857,Yes,False
INC-10719,2026-08-31 19:43:04.291966,49,Voice,583,No,True
INC-10720,2026-07-07 10:58:04.291966,14,Email,1393,No,True
INC-10721,2026-07-30 20:37:04.291966,15,Email,1525,Y,True
INC-10722,2026-05-27 19:03:04.291966,31,Voice,649,No,True
INC-10723,2026-04-11 15:36:04.291966,1,Email,1505,No,True
INC-10724,2026-09-15 17:30:04.291966,3,Chat,560,N,True
INC-10725,2026-05-27 18:08:04.291966,16,Voice,524,No,True
INC-10726,2026-06-19 03:09:04.291966,23,Voice,396,No,False
INC-10727,2026-07-27 12:03:04.291966,11,Chat,1073,No,False
INC-10728,2026-07-09 17:37:04.291966,12,Chat,1039,Y,True
INC-10729,2026-09-16 06:03:04.291966,10,Voice,656,No,True
INC-10730,2026-06-06 05:17:04.291966,32,Chat,1081,No,False
INC-10731,2026-07-16 12:31:04.291966,16,Chat,1118,No,False
INC-10732,2026-09-02 16:32:04.291966,8,Chat,766,No,False
INC-10733,2026-07-04 04:44:04.291966,38,Voice,576,No,True
INC-10734,2026-09-05 20:09:04.291966,12,Email,2090,No,True
INC-10735,2026-07-09 15:21:04.291966,24,Voice,397,No,True
INC-10736,2026-08-26 09:23:04.291966,28,Voice,695,Y,False
INC-10737,2026-04-20 20:11:04.291966,8,Voice,414,No,True
INC-10738,2026-07-13 04:34:04.291966,28,Voice,377,No,True
INC-10739,2026-06-04 16:40:04.291966,36,Email,1588,No,True
INC-10740,2026-07-02 09:36:04.291966,26,Voice,565,Yes,True
INC-10741,2026-07-23 21:55:04.291966,8,Chat,1082,No,False
INC-10742,2026-04-09 03:00:04.291966,50,Voice,364,No,True
INC-10743,2026-06-16 01:58:04.291966,28,Voice,532,No,True
INC-10744,2026-07-22 18:43:04.291966,28,Email,1294,No,False
INC-10745,2026-04-11 10:04:04.291966,37,Chat,602,No,True
INC-10746,2026-04-16 18:58:04.291966,41,Voice,368,No,False
INC-10747,2026-06-18 21:41:04.291966,36,Chat,749,N,True
INC-10748,2026-05-07 11:41:04.291966,27,Voice,542,No,True
INC-10749,2026-06-14 08:52:04.291966,17,Voice,618,No,True
INC-10750,2026-09-07 14:40:04.291966,9,Chat,605,No,True
INC-10751,2026-04-01 19:13:04.291966,33,Chat,970,No,True
INC-10752,2026-04-14 07:54:04.291966,20,Voice,338,No,False
INC-10753,2026-08-25 04:16:04.291966,13,Email,1688,No,True
INC-10754,2026-04-02 23:24:04.291966,28,Chat,775,Y,True
INC-10755,2026-05-09 19:59:04.291966,48,Voice,353,No,False
INC-10756,2026-08-09 17:13:04.291966,29,Chat,1059,No,True
INC-10757,2026-05-29 04:41:04.291966,13,Chat,782,No,True
INC-10758,2026-03-21 07:46:04.291966,46,Chat,836,No,True
INC-10759,2026-09-11 23:17:04.291966,35,Voice,213,No,True
INC-10760,2026-04-30 20:56:04.291966,6,Chat,1089,Yes,True
INC-10761,2026-08-14 11:57:04.291966,18,Voice,578,No,False
INC-10762,2026-05-23 11:46:04.291966,5,Email,1501,No,True
INC-10763,2026-07-04 15:42:04.291966,47,Chat,594,Yes,True
INC-10764,2026-07-23 09:48:04.291966,25,Voice,625,Yes,True
INC-10765,2026-03-24 07:26:04.291966,2,Chat,766,No,True
INC-10766,2026-08-30 10:54:04.291966,10,Email,1363,No,True
INC-10767,2026-03-23 00:23:04.291966,30,Email,2193,No,True
INC-10768,2026-05-04 14:35:04.291966,50,Voice,395,No,False
INC-10769,2026-07-07 11:28:04.291966,45,Voice,569,No,True
INC-10770,2026-09-03 11:48:04.291966,5,Chat,1012,No,True
INC-10771,2026-06-02 20:23:04.291966,33,Voice,526,Yes,True
INC-10772,2026-05-25 12:41:04.291966,1,Email,1584,No,True
INC-10773,2026-04-29 20:36:04.291966,18,Voice,525,Yes,True
INC-10774,2026-05-30 05:26:04.291966,32,Voice,512,No,True
INC-10775,2026-07-30 08:54:04.291966,47,Voice,473,No,True
INC-10776,2026-08-03 16:11:04.291966,49,Voice,661,No,True
INC-10777,2026-08-13 14:24:04.291966,11,Chat,637,No,True
INC-10778,2026-05-04 11:06:04.291966,21,Voice,602,No,True
INC-10779,2026-08-28 01:04:04.291966,26,Voice,578,No,True
INC-10780,2026-06-19 14:38:04.291966,25,Voice,563,,False
INC-10781,2026-08-11 07:14:04.291966,22,Chat,1123,No,True
INC-10782,2026-07-03 08:51:04.291966,27,Voice,468,Yes,True
INC-10783,2026-04-29 10:41:04.291966,49,Chat,526,No,True
INC-10784,2026-09-09 02:15:04.291966,13,Chat,885,No,True
INC-10785,2026-06-29 11:13:04.291966,33,Chat,701,No,True
INC-10786,2026-08-26 16:26:04.291966,34,Email,1280,No,True
INC-10787,2026-06-13 21:08:04.291966,41,Email,1127,No,True
INC-10788,2026-04-09 08:10:04.291966,35,Email,1356,No,True
INC-10789,2026-08-26 03:57:04.291966,1,Voice,408,No,False
INC-10790,2026-04-30 09:02:04.291966,21,Voice,194,No,True
INC-10791,2026-08-11 19:22:04.291966,48,Voice,564,,False
INC-10792,2026-05-11 05:40:04.291966,6,Email,2166,No,True
INC-10793,2026-07-06 04:18:04.291966,28,Email,1681,No,True
INC-10794,2026-06-19 06:51:04.291966,17,Email,1439,No,False
INC-10795,2026-06-02 16:10:04.291966,5,Voice,473,Yes,False
INC-10796,2026-09-09 09:14:04.291966,31,Email,1373,No,True
INC-10797,2026-03-29 11:46:04.291966,5,Voice,490,,True
INC-10798,2026-06-18 04:43:04.291966,38,Voice,475,No,True
INC-10799,2026-06-14 00:51:04.291966,3,Voice,379,,True
INC-10800,2026-04-17 17:52:04.291966,23,Voice,681,No,True
INC-10801,2026-05-11 19:13:04.291966,37,Chat,602,No,True
INC-10802,2026-09-16 10:45:04.291966,37,Voice,566,No,True
INC-10803,2026-08-18 02:02:04.291966,10,Voice,467,No,True
INC-10804,2026-03-31 20:26:04.291966,10,Chat,1280,No,True
INC-10805,2026-04-22 11:26:04.291966,19,Email,1602,No,True
INC-10806,2026-03-30 17:56:04.291966,17,Chat,828,N,False
INC-10807,2026-04-29 03:32:04.291966,21,Voice,450,No,True
INC-10808,2026-05-30 15:36:04.291966,14,Email,1511,No,True
INC-10809,2026-07-11 13:19:04.291966,9,Email,1157,No,True
INC-10810,2026-04-10 17:23:04.291966,46,Voice,387,No,True
INC-10811,2026-08-10 06:27:04.291966,1,Chat,543,No,True
INC-10812,2026-03-23 14:42:04.291966,45,Voice,369,No,True
INC-10813,2026-07-24 16:54:04.291966,13,Voice,491,No,True
INC-10814,2026-04-27 14:50:04.291966,4,Chat,960,No,True
INC-10815,2026-04-07 00:08:04.291966,1,Email,906,N,False
INC-10816,2026-04-11 01:14:04.291966,49,Voice,463,No,False
INC-10817,2026-08-24 19:50:04.291966,40,Email,1669,No,True
INC-10818,2026-06-24 05:21:04.291966,32,Email,1451,No,True
INC-10819,2026-07-18 10:17:04.291966,34,Email,1309,No,True
INC-10820,2026-09-05 08:53:04.291966,28,Voice,430,No,True
INC-10821,2026-08-06 16:35:04.291966,31,Email,1337,No,True
INC-10822,2026-06-11 00:39:04.291966,8,Voice,403,No,True
INC-10823,2026-05-03 14:55:04.291966,39,Chat,934,No,True
INC-10824,2026-04-23 20:34:04.291966,26,Voice,756,No,True
INC-10825,2026-07-07 04:16:04.291966,34,Voice,390,No,True
INC-10826,2026-05-06 12:31:04.291966,3,Chat,836,No,True
INC-10827,2026-04-25 20:37:04.291966,50,Voice,473,No,True
INC-10828,2026-06-23 07:29:04.291966,12,Voice,397,No,True
INC-10829,2026-08-21 13:01:04.291966,1,Voice,611,No,True
INC-10830,2026-03-30 13:08:04.291966,44,Chat,425,No,True
INC-10831,2026-05-28 14:33:04.291966,5,Voice,416,No,True
INC-10832,2026-07-25 08:49:04.291966,30,Email,1745,No,False
INC-10833,2026-09-11 11:44:04.291966,30,Voice,444,No,True
INC-10834,2026-08-11 07:27:04.291966,17,Voice,381,No,True
INC-10835,2026-09-08 05:53:04.291966,48,Voice,532,No,True
INC-10836,2026-04-29 01:13:04.291966,47,Voice,588,No,True
INC-10837,2026-05-04 12:24:04.291966,23,Voice,505,No,True
INC-10838,2026-03-31 17:12:04.291966,15,Voice,383,No,True
INC-10839,2026-05-25 04:06:04.291966,37,Email,1636,N,True
INC-10840,2026-04-03 03:54:04.291966,21,Chat,819,No,True
INC-10841,2026-03-24 04:06:04.291966,14,Voice,569,No,True
INC-10842,2026-03-29 22:26:04.291966,2,Voice,657,No,True
INC-10843,2026-03-26 14:35:04.291966,11,Email,718,N,True
INC-10844,2026-09-07 12:46:04.291966,39,Voice,493,No,True
INC-10845,2026-07-16 19:23:04.291966,38,Voice,271,N,True
INC-10846,2026-05-15 14:41:04.291966,34,Chat,1388,No,True
INC-10847,2026-06-11 11:52:04.291966,38,Chat,806,,False
INC-10848,2026-05-15 11:55:04.291966,50,Chat,1049,N,False
INC-10849,2026-08-23 09:20:04.291966,34,Voice,475,No,True
INC-10850,2026-05-25 22:58:04.291966,18,Voice,383,Yes,True
INC-10851,2026-07-08 04:24:04.291966,30,Chat,715,No,True
INC-10852,2026-07-17 23:42:04.291966,15,Voice,670,N,True
INC-10853,2026-06-18 18:10:04.291966,27,Chat,1091,N,True
INC-10854,2026-04-14 11:57:04.291966,34,Chat,1288,No,True
INC-10855,2026-04-23 22:40:04.291966,38,Voice,486,No,False
INC-10856,2026-09-16 01:38:04.291966,33,Email,1586,No,False
INC-10857,2026-03-25 06:47:04.291966,24,Email,1419,No,True
INC-10858,2026-05-26 05:30:04.291966,15,Chat,842,No,False
INC-10859,2026-07-18 11:56:04.291966,30,Voice,354,No,True
INC-10860,2026-07-01 04:47:04.291966,42,Voice,490,N,True
INC-10861,2026-04-19 22:57:04.291966,17,Voice,385,No,True
INC-10862,2026-04-10 15:06:04.291966,5,Voice,533,No,True
INC-10863,2026-05-16 22:08:04.291966,29,Email,1551,Yes,True
INC-10864,2026-05-16 14:08:04.291966,4,Voice,514,N,False
INC-10865,2026-07-29 21:32:04.291966,10,Voice,681,No,True
INC-10866,2026-08-20 23:05:04.291966,17,Voice,475,Yes,True
INC-10867,2026-05-31 08:05:04.291966,10,Chat,1051,No,True
INC-10868,2026-07-21 21:24:04.291966,17,Voice,726,No,True
INC-10869,2026-06-23 22:13:04.291966,20,Voice,636,No,True
INC-10870,2026-08-21 07:00:04.291966,24,Voice,618,No,True
INC-10871,2026-06-23 13:16:04.291966,5,Email,1407,No,True
INC-10872,2026-05-17 02:43:04.291966,34,Voice,507,Yes,False
INC-10873,2026-05-06 08:13:04.291966,6,Email,1104,N,True
INC-10874,2026-07-17 14:28:04.291966,2,Email,1649,No,True
INC-10875,2026-04-26 16:48:04.291966,13,Voice,512,No,True
INC-10876,2026-06-30 17:11:04.291966,43,Chat,904,Yes,True
INC-10877,2026-08-29 21:38:04.291966,43,Voice,603,Yes,True
INC-10878,2026-08-20 07:52:04.291966,48,Email,1137,Yes,True
INC-10879,2026-09-04 20:36:04.291966,11,Chat,1226,No,True
INC-10880,2026-05-27 16:43:04.291966,47,Voice,588,No,True
INC-10881,2026-08-03 01:59:04.291966,23,Voice,471,Yes,True
INC-10882,2026-03-22 05:01:04.291966,16,Voice,462,No,True
INC-10883,2026-04-29 14:35:04.291966,31,Email,1644,Y,True
INC-10884,2026-05-18 15:27:04.291966,11,Voice,662,No,True
INC-10885,2026-06-21 03:53:04.291966,16,Chat,920,No,True
INC-10886,2026-05-14 02:36:04.291966,8,Voice,497,No,False
INC-10887,2026-07-31 02:58:04.291966,4,Email,1505,No,True
INC-10888,2026-04-29 18:33:04.291966,40,Voice,693,No,True
INC-10889,2026-05-21 18:28:04.291966,4,Chat,826,,True
INC-10890,2026-09-15 08:38:04.291966,25,Voice,476,No,True
INC-10891,2026-08-25 07:07:04.291966,3,Chat,1192,No,True
INC-10892,2026-09-03 14:29:04.291966,32,Voice,497,No,True
INC-10893,2026-07-20 07:28:04.291966,3,Voice,616,No,True
INC-10894,2026-04-20 13:51:04.291966,27,Voice,370,No,False
INC-10895,2026-05-23 11:31:04.291966,29,Chat,858,No,True
INC-10896,2026-04-30 05:05:04.291966,32,Voice,658,No,True
INC-10897,2026-06-28 08:29:04.291966,50,Chat,764,No,True
INC-10898,2026-04-11 22:34:04.291966,19,Voice,461,Y,True
INC-10899,2026-05-02 21:01:04.291966,21,Email,1577,No,True
INC-10900,2026-08-11 21:56:04.291966,5,Email,1203,No,True
INC-10901,2026-09-07 23:37:04.291966,18,Chat,817,No,True
INC-10902,2026-07-10 02:30:04.291966,28,Voice,493,No,True
INC-10903,2026-07-14 14:58:04.291966,42,Voice,485,Yes,True
INC-10904,2026-05-27 06:49:04.291966,22,Voice,633,No,False
INC-10905,2026-05-18 11:26:04.291966,21,Voice,664,No,False
INC-10906,2026-08-29 04:02:04.291966,6,Chat,728,No,True
INC-10907,2026-03-22 21:05:04.291966,1,Chat,922,No,True
INC-10908,2026-03-25 16:44:04.291966,5,Email,1702,No,True
INC-10909,2026-09-05 15:16:04.291966,41,Voice,661,No,True
INC-10910,2026-08-25 23:21:04.291966,12,Chat,1043,No,False
INC-10911,2026-08-19 07:35:04.291966,26,Voice,514,,True
INC-10912,2026-04-07 10:55:04.291966,46,Chat,1033,No,True
INC-10913,2026-04-14 13:44:04.291966,34,Voice,560,Yes,True
INC-10914,2026-04-21 02:26:04.291966,49,Voice,368,No,True
INC-10915,2026-09-11 08:58:04.291966,14,Voice,503,No,True
INC-10916,2026-04-20 20:01:04.291966,26,Chat,1191,No,True
INC-10917,2026-09-02 04:01:04.291966,45,Email,1437,No,True
INC-10918,2026-06-11 00:50:04.291966,27,Voice,495,,True
INC-10919,2026-08-05 16:50:04.291966,9,Voice,450,No,True
INC-10920,2026-05-30 14:58:04.291966,26,Voice,202,No,True
INC-10921,2026-08-01 16:29:04.291966,47,Chat,904,No,True
INC-10922,2026-06-09 03:51:04.291966,22,Voice,516,No,True
INC-10923,2026-07-24 10:37:04.291966,47,Chat,797,No,True
INC-10924,2026-06-12 03:59:04.291966,30,Email,1153,No,True
INC-10925,2026-07-26 21:45:04.291966,43,Email,1235,No,True
INC-10926,2026-08-27 11:50:04.291966,48,Voice,571,No,False
INC-10927,2026-07-13 15:16:04.291966,17,Email,2091,N,True
INC-10928,2026-07-27 05:36:04.291966,26,Chat,1176,N,True
INC-10929,2026-08-01 04:15:04.291966,36,Voice,318,No,False
INC-10930,2026-06-26 08:11:04.291966,1,Chat,1070,No,True
INC-10931,2026-08-31 11:56:04.291966,8,Email,1301,No,True
INC-10932,2026-08-05 04:47:04.291966,49,Voice,410,Yes,True
INC-10933,2026-05-12 17:25:04.291966,35,Voice,424,No,True
INC-10934,2026-05-25 23:48:04.291966,15,Voice,564,No,True
INC-10935,2026-06-25 15:28:04.291966,47,Chat,1091,No,True
INC-10936,2026-05-25 23:49:04.291966,22,Voice,468,,True
INC-10937,2026-08-28 12:16:04.291966,14,Email,1475,No,False
INC-10938,2026-08-15 21:41:04.291966,26,Chat,992,No,True
INC-10939,2026-06-21 18:19:04.291966,28,Chat,1013,No,True
INC-10940,2026-08-30 06:06:04.291966,23,Voice,621,No,True
INC-10941,2026-04-28 07:41:04.291966,14,Chat,643,No,True
INC-10942,2026-04-16 03:41:04.291966,24,Voice,482,No,True
INC-10943,2026-05-22 16:18:04.291966,2,Voice,351,No,True
INC-10944,2026-03-22 04:39:04.291966,45,Chat,889,No,True
INC-10945,2026-05-30 06:19:04.291966,26,Voice,452,No,True
INC-10946,2026-06-21 19:39:04.291966,14,Chat,890,No,True
INC-10947,2026-07-28 01:02:04.291966,7,Voice,384,Yes,True
INC-10948,2026-04-24 19:13:04.291966,3,Voice,301,,True
INC-10949,2026-03-30 01:28:04.291966,47,Voice,228,No,True
INC-10950,2026-05-20 03:38:04.291966,23,Email,1460,,True
INC-10951,2026-08-31 05:33:04.291966,46,Chat,813,No,True
INC-10952,2026-06-17 02:59:04.291966,43,Chat,764,,True
INC-10953,2026-08-19 21:54:04.291966,47,Voice,638,No,False
INC-10954,2026-07-02 04:07:04.291966,45,Voice,376,Yes,True
INC-10955,2026-07-26 08:47:04.291966,18,Email,1925,Yes,True
INC-10956,2026-03-20 00:36:04.291966,38,Voice,674,No,True
INC-10957,2026-06-11 21:58:04.291966,35,Voice,245,Yes,True
INC-10958,2026-09-16 04:30:04.291966,15,Chat,918,No,True
INC-10959,2026-06-12 20:00:04.291966,25,Voice,432,No,True
INC-10960,2026-08-03 23:22:04.291966,37,Email,626,No,True
INC-10961,2026-09-15 08:06:04.291966,28,Chat,611,No,False
INC-10962,2026-07-06 02:02:04.291966,10,Voice,572,No,True
INC-10963,2026-03-26 07:06:04.291966,39,Voice,722,No,True
INC-10964,2026-05-01 00:27:04.291966,17,Voice,588,No,True
INC-10965,2026-05-13 03:30:04.291966,39,Email,1597,N,True
INC-10966,2026-08-16 21:13:04.291966,22,Chat,895,No,True
INC-10967,2026-08-19 00:41:04.291966,26,Voice,681,,True
INC-10968,2026-04-22 03:39:04.291966,44,Voice,737,No,False
INC-10969,2026-05-28 01:19:04.291966,25,Chat,782,,True
INC-10970,2026-05-08 10:30:04.291966,17,Chat,500,Yes,True
INC-10971,2026-07-29 21:36:04.291966,13,Voice,228,No,True
INC-10972,2026-06-27 00:37:04.291966,20,Voice,638,No,True
INC-10973,2026-06-06 08:54:04.291966,25,Voice,474,Yes,True
INC-10974,2026-05-01 08:48:04.291966,4,Chat,936,No,True
INC-10975,2026-08-31 11:16:04.291966,10,Email,962,No,True
INC-10976,2026-07-31 12:43:04.291966,3,Voice,389,No,True
INC-10977,2026-09-16 13:41:04.291966,41,Chat,840,Yes,True
INC-10978,2026-06-21 04:21:04.291966,45,Voice,504,No,True
INC-10979,2026-05-22 21:27:04.291966,18,Voice,432,Yes,True
INC-10980,2026-04-28 17:59:04.291966,47,Voice,355,No,True
INC-10981,2026-05-15 22:47:04.291966,36,Email,1264,Yes,False
INC-10982,2026-08-29 14:33:04.291966,47,Voice,624,No,True
INC-10983,2026-07-26 08:49:04.291966,22,Chat,948,No,True
INC-10984,2026-06-23 12:26:04.291966,34,Voice,553,No,True
INC-10985,2026-05-06 16:08:04.291966,47,Voice,372,,False
INC-10986,2026-04-25 16:13:04.291966,8,Voice,125,No,False
INC-10987,2026-07-20 03:19:04.291966,40,Chat,795,No,True
INC-10988,2026-06-05 06:35:04.291966,49,Voice,376,No,False
INC-10989,2026-05-06 12:11:04.291966,44,Chat,969,No,True
INC-10990,2026-07-27 00:08:04.291966,19,Voice,874,No,False
INC-10991,2026-07-15 04:53:04.291966,42,Voice,563,No,True
INC-10992,2026-07-29 04:41:04.291966,41,Voice,808,No,False
INC-10993,2026-06-11 10:08:04.291966,37,Voice,548,No,False
INC-10994,2026-08-23 11:11:04.291966,6,Voice,404,No,True
INC-10995,2026-08-24 14:56:04.291966,26,Voice,521,No,False
INC-10996,2026-06-21 05:12:04.291966,34,Chat,1256,No,True
INC-10997,2026-05-04 07:56:04.291966,45,Chat,1265,N,True
INC-10998,2026-09-03 15:50:04.291966,6,Voice,410,No,True
INC-10999,2026-05-22 08:34:04.291966,37,Voice,510,No,True
INC-11000,2026-07-18 03:43:04.291966,33,Voice,308,No,False
INC-11001,2026-06-13 21:28:04.291966,22,Voice,578,No,True
INC-11002,2026-07-03 03:37:04.291966,21,Voice,666,No,True
INC-11003,2026-07-03 19:42:04.291966,6,Email,1511,No,True
INC-11004,2026-05-25 10:06:04.291966,6,Voice,399,N,True
INC-11005,2026-09-09 18:52:04.291966,48,Voice,523,No,True
INC-11006,2026-07-20 00:39:04.291966,4,Voice,530,No,True
INC-11007,2026-03-31 09:55:04.291966,30,Voice,489,No,True
INC-11008,2026-05-02 08:52:04.291966,11,Chat,935,No,True
INC-11009,2026-05-07 01:52:04.291966,30,Voice,459,No,True
INC-11010,2026-08-09 21:45:04.291966,31,Voice,599,N,True
INC-11011,2026-06-14 02:44:04.291966,24,Chat,1047,N,True
INC-11012,2026-08-31 13:24:04.291966,9,Voice,362,No,True
INC-11013,2026-06-21 20:57:04.291966,3,Chat,697,Yes,True
INC-11014,2026-07-15 21:08:04.291966,31,Chat,849,Y,False
INC-11015,2026-07-29 18:31:04.291966,40,Voice,568,No,True
INC-11016,2026-08-29 19:40:04.291966,37,Chat,929,No,True
INC-11017,2026-08-05 15:40:04.291966,36,Voice,402,No,True
INC-11018,2026-03-22 09:14:04.291966,24,Chat,952,No,True
INC-11019,2026-06-02 14:39:04.291966,31,Voice,440,Yes,True
INC-11020,2026-03-28 16:40:04.291966,6,Voice,585,No,True
INC-11021,2026-06-26 23:59:04.291966,2,Chat,966,No,True
INC-11022,2026-07-30 04:11:04.291966,20,Email,1405,Yes,True
INC-11023,2026-06-07 06:44:04.291966,28,Email,1569,No,True
INC-11024,2026-04-21 09:35:04.291966,11,Chat,1163,No,False
INC-11025,2026-08-27 23:28:04.291966,4,Voice,411,No,False
INC-11026,2026-05-11 10:39:04.291966,15,Voice,528,Yes,True
INC-11027,2026-05-29 21:51:04.291966,6,Voice,471,No,True
INC-11028,2026-06-28 18:53:04.291966,49,Voice,531,No,True
INC-11029,2026-08-15 07:45:04.291966,30,Voice,401,Yes,True
INC-11030,2026-08-13 17:10:04.291966,38,Email,1533,No,True
INC-11031,2026-05-06 12:11:04.291966,2,Voice,612,No,True
INC-11032,2026-05-21 06:40:04.291966,15,Voice,367,No,False
INC-11033,2026-07-04 02:09:04.291966,11,Voice,320,No,False
INC-11034,2026-07-09 13:41:04.291966,8,Email,1112,No,True
INC-11035,2026-08-01 15:45:04.291966,26,Chat,665,No,False
INC-11036,2026-07-03 13:41:04.291966,45,Chat,1019,No,True
INC-11037,2026-08-10 07:09:04.291966,44,Voice,311,No,True
INC-11038,2026-08-20 04:36:04.291966,5,Email,1410,No,True
INC-11039,2026-07-28 07:11:04.291966,6,Voice,554,Yes,True
INC-11040,2026-03-23 19:29:04.291966,26,Email,1624,Y,False
INC-11041,2026-07-19 13:26:04.291966,4,Chat,822,No,True
INC-11042,2026-06-15 17:20:04.291966,19,Voice,502,No,True
INC-11043,2026-03-21 11:59:04.291966,20,Voice,492,No,True
INC-11044,2026-05-21 03:02:04.291966,33,Chat,855,No,False
INC-11045,2026-03-21 22:19:04.291966,20,Voice,454,No,False
INC-11046,2026-09-04 00:04:04.291966,49,Email,2170,No,True
INC-11047,2026-07-31 11:21:04.291966,12,Voice,577,Yes,True
INC-11048,2026-06-05 10:35:04.291966,47,Voice,777,N,False
INC-11049,2026-07-22 12:07:04.291966,1,Voice,420,No,True
INC-11050,2026-04-03 18:21:04.291966,26,Voice,469,N,False
INC-11051,2026-08-13 21:32:04.291966,14,Voice,320,No,False
INC-11052,2026-06-25 16:36:04.291966,38,Voice,382,N,True
INC-11053,2026-04-29 12:52:04.291966,37,Chat,1280,N,True
INC-11054,2026-03-24 00:36:04.291966,11,Voice,417,N,True
INC-11055,2026-04-27 01:40:04.291966,36,Email,2075,No,True
INC-11056,2026-05-15 02:39:04.291966,13,Chat,651,Y,True
INC-11057,2026-05-28 20:04:04.291966,43,Email,1183,,False
INC-11058,2026-09-04 03:05:04.291966,3,Voice,439,No,False
INC-11059,2026-09-03 03:02:04.291966,33,Voice,472,No,True
INC-11060,2026-06-26 04:35:04.291966,6,Voice,590,No,True
INC-11061,2026-07-03 16:14:04.291966,50,Chat,990,No,True
INC-11062,2026-06-07 21:34:04.291966,10,Email,1375,No,False
INC-11063,2026-04-23 03:38:04.291966,5,Voice,464,Yes,True
INC-11064,2026-08-03 00:25:04.291966,23,Voice,441,No,False
INC-11065,2026-05-13 02:13:04.291966,10,Email,1225,No,True
INC-11066,2026-06-22 01:01:04.291966,44,Voice,373,No,True
INC-11067,2026-08-01 01:29:04.291966,2,Chat,1105,No,True
INC-11068,2026-09-05 17:42:04.291966,13,Chat,534,No,True
INC-11069,2026-07-21 15:15:04.291966,40,Email,1985,No,True
INC-11070,2026-05-11 04:41:04.291966,2,Voice,438,No,False
INC-11071,2026-08-30 19:12:04.291966,20,Voice,387,No,True
INC-11072,2026-07-03 12:43:04.291966,1,Chat,1047,No,False
INC-11073,2026-08-26 16:29:04.291966,37,Email,1945,No,True
INC-11074,2026-07-28 11:50:04.291966,9,Voice,614,No,True
INC-11075,2026-06-28 15:24:04.291966,17,Voice,540,No,True
INC-11076,2026-07-22 00:09:04.291966,9,Chat,1117,Yes,True
INC-11077,2026-06-01 23:02:04.291966,11,Email,985,No,False
INC-11078,2026-06-07 02:36:04.291966,15,Email,1343,,True
INC-11079,2026-04-06 22:15:04.291966,24,Email,1226,No,True
INC-11080,2026-05-02 00:24:04.291966,38,Voice,626,No,True
INC-11081,2026-06-08 04:38:04.291966,35,Voice,433,,False
INC-11082,2026-07-05 03:50:04.291966,30,Chat,1069,Y,True
INC-11083,2026-07-31 06:34:04.291966,31,Email,1660,Y,True
INC-11084,2026-05-17 22:08:04.291966,49,Voice,376,No,True
INC-11085,2026-06-23 19:31:04.291966,5,Voice,409,No,True
INC-11086,2026-06-08 06:56:04.291966,44,Chat,1158,N,True
INC-11087,2026-06-19 20:53:04.291966,50,Voice,386,N,False
INC-11088,2026-04-27 10:35:04.291966,14,Voice,494,No,True
INC-11089,2026-04-07 04:32:04.291966,11,Chat,743,No,True
INC-11090,2026-06-25 12:25:04.291966,9,Chat,837,No,True
INC-11091,2026-07-13 15:14:04.291966,34,Chat,890,No,False
INC-11092,2026-06-02 23:25:04.291966,12,Voice,386,No,True
INC-11093,2026-07-01 14:45:04.291966,35,Chat,707,No,True
INC-11094,2026-03-26 20:16:04.291966,35,Chat,957,No,True
INC-11095,2026-04-17 21:09:04.291966,1,Chat,731,No,True
INC-11096,2026-05-30 11:41:04.291966,40,Chat,737,Yes,True
INC-11097,2026-04-30 05:54:04.291966,22,Voice,367,No,True
INC-11098,2026-04-12 13:33:04.291966,29,Voice,470,No,True
INC-11099,2026-09-03 19:13:04.291966,8,Voice,593,No,True
INC-11100,2026-05-30 01:03:04.291966,11,Voice,660,No,True
INC-11101,2026-04-27 20:41:04.291966,41,Chat,754,No,False
INC-11102,2026-06-02 20:51:04.291966,37,Email,2145,Yes,True
INC-11103,2026-03-20 15:42:04.291966,14,Chat,699,No,False
INC-11104,2026-06-22 17:09:04.291966,30,Chat,1116,No,True
INC-11105,2026-08-04 08:37:04.291966,35,Voice,393,No,True
INC-11106,2026-06-17 14:02:04.291966,21,Voice,375,No,True
INC-11107,2026-07-08 06:41:04.291966,37,Voice,390,No,True
INC-11108,2026-05-29 02:50:04.291966,5,Voice,473,No,True
INC-11109,2026-05-27 07:33:04.291966,19,Voice,549,N,True
INC-11110,2026-05-05 01:53:04.291966,14,Chat,1033,No,False
INC-11111,2026-03-19 19:46:04.291966,26,Email,1216,No,True
INC-11112,2026-08-13 19:30:04.291966,4,Voice,361,No,True
INC-11113,2026-07-02 04:43:04.291966,25,Voice,370,No,True
INC-11114,2026-05-31 12:12:04.291966,45,Chat,877,N,True
INC-11115,2026-07-13 11:41:04.291966,42,Voice,454,No,True
INC-11116,2026-07-24 08:23:04.291966,25,Email,1214,N,True
INC-11117,2026-04-07 05:28:04.291966,18,Chat,953,No,True
INC-11118,2026-05-19 12:41:04.291966,40,Email,2178,N,False
INC-11119,2026-05-18 00:59:04.291966,8,Voice,419,No,True
INC-11120,2026-07-18 15:03:04.291966,39,Chat,813,Y,True
INC-11121,2026-09-15 14:38:04.291966,40,Voice,547,Yes,True
INC-11122,2026-08-06 19:00:04.291966,14,Chat,788,No,True
INC-11123,2026-09-06 08:12:04.291966,32,Voice,560,No,True
INC-11124,2026-06-10 18:56:04.291966,38,Voice,393,No,False
INC-11125,2026-09-14 04:34:04.291966,33,Chat,1266,No,True
INC-11126,2026-08-07 04:56:04.291966,23,Chat,968,No,True
INC-11127,2026-07-30 20:17:04.291966,15,Email,1313,No,True
INC-11128,2026-07-03 04:11:04.291966,33,Chat,782,No,False
INC-11129,2026-04-19 09:53:04.291966,25,Chat,797,No,True
INC-11130,2026-09-05 00:14:04.291966,17,Voice,644,No,True
INC-11131,2026-06-20 08:09:04.291966,33,Chat,646,Yes,True
INC-11132,2026-07-06 05:02:04.291966,47,Chat,766,Yes,True
INC-11133,2026-08-26 13:06:04.291966,2,Email,1331,No,True
INC-11134,2026-06-24 23:15:04.291966,14,Email,1495,No,True
INC-11135,2026-04-27 01:54:04.291966,40,Voice,447,No,True
INC-11136,2026-07-09 09:08:04.291966,40,Email,1052,No,True
INC-11137,2026-04-12 08:47:04.291966,39,Voice,432,No,True
INC-11138,2026-06-06 08:09:04.291966,6,Voice,468,No,True
INC-11139,2026-04-29 14:57:04.291966,6,Chat,774,Yes,False
INC-11140,2026-04-29 23:59:04.291966,3,Voice,562,No,True
INC-11141,2026-09-04 08:56:04.291966,7,Chat,1083,No,True
INC-11142,2026-07-26 19:43:04.291966,8,Voice,470,No,True
INC-11143,2026-04-13 10:45:04.291966,42,Voice,507,No,True
INC-11144,2026-06-22 06:05:04.291966,15,Chat,467,Y,True
INC-11145,2026-06-24 23:52:04.291966,47,Chat,815,Yes,True
INC-11146,2026-04-14 22:18:04.291966,29,Email,1801,No,True
INC-11147,2026-08-22 05:56:04.291966,33,Chat,815,No,True
INC-11148,2026-08-18 08:53:04.291966,30,Chat,752,No,True
INC-11149,2026-07-10 09:32:04.291966,39,Voice,753,No,False
INC-11150,2026-08-26 01:27:04.291966,27,Voice,698,No,False
INC-11151,2026-05-22 08:07:04.291966,36,Voice,536,Yes,True
INC-11152,2026-06-13 15:47:04.291966,29,Chat,1127,No,True
INC-11153,2026-04-14 20:25:04.291966,38,Chat,454,No,False
INC-11154,2026-05-08 01:07:04.291966,33,Voice,385,Yes,False
INC-11155,2026-05-05 03:18:04.291966,37,Chat,806,Yes,False
INC-11156,2026-04-19 22:40:04.291966,27,Chat,852,,True
INC-11157,2026-08-28 10:54:04.291966,33,Voice,421,No,True
INC-11158,2026-05-26 09:42:04.291966,4,Voice,173,Y,True
INC-11159,2026-05-29 15:28:04.291966,22,Email,1615,,False
INC-11160,2026-08-27 12:01:04.291966,2,Chat,1008,N,False
INC-11161,2026-03-26 10:56:04.291966,10,Email,1980,N,True
INC-11162,2026-08-10 00:27:04.291966,5,Voice,385,N,True
INC-11163,2026-07-28 08:58:04.291966,10,Email,1238,No,True
INC-11164,2026-07-14 03:17:04.291966,33,Voice,158,No,True
INC-11165,2026-05-20 02:04:04.291966,38,Voice,444,No,True
INC-11166,2026-06-18 12:49:04.291966,13,Email,1770,No,True
INC-11167,2026-04-08 06:15:04.291966,31,Voice,406,Yes,True
INC-11168,2026-04-18 17:09:04.291966,47,Chat,1328,No,True
INC-11169,2026-08-18 18:12:04.291966,36,Voice,449,No,True
INC-11170,2026-07-10 08:53:04.291966,45,Chat,929,Y,True
INC-11171,2026-04-10 10:39:04.291966,24,Email,1091,No,True
INC-11172,2026-08-21 03:44:04.291966,15,Voice,514,No,True
INC-11173,2026-05-20 19:34:04.291966,29,Chat,504,No,True
INC-11174,2026-05-23 10:11:04.291966,8,Voice,563,No,True
INC-11175,2026-05-13 10:40:04.291966,5,Chat,1044,,True
INC-11176,2026-07-12 03:23:04.291966,29,Voice,643,No,True
INC-11177,2026-08-28 07:34:04.291966,47,Voice,357,No,True
INC-11178,2026-04-11 00:23:04.291966,4,Voice,499,No,True
INC-11179,2026-09-04 09:10:04.291966,12,Voice,547,No,True
INC-11180,2026-08-29 18:37:04.291966,45,Email,1632,No,True
INC-11181,2026-06-27 05:38:04.291966,2,Voice,376,No,True
INC-11182,2026-06-03 05:58:04.291966,27,Voice,192,No,True
INC-11183,2026-04-20 18:58:04.291966,31,Voice,521,No,True
INC-11184,2026-09-09 21:05:04.291966,36,Voice,461,Y,True
INC-11185,2026-05-26 22:02:04.291966,36,Chat,786,No,True
INC-11186,2026-05-19 00:25:04.291966,26,Email,1729,No,True
INC-11187,2026-07-29 18:05:04.291966,43,Voice,474,No,True
INC-11188,2026-08-03 03:35:04.291966,27,Email,1104,No,True
INC-11189,2026-07-08 16:15:04.291966,5,Chat,513,N,True
INC-11190,2026-05-22 12:50:04.291966,20,Voice,344,No,True
INC-11191,2026-08-23 03:34:04.291966,11,Chat,1378,,True
INC-11192,2026-03-26 10:33:04.291966,10,Chat,1044,No,False
INC-11193,2026-05-14 03:41:04.291966,40,Chat,937,No,True
INC-11194,2026-06-18 19:21:04.291966,38,Email,1445,No,False
INC-11195,2026-05-16 17:07:04.291966,6,Voice,450,Yes,True
INC-11196,2026-08-10 19:31:04.291966,8,Email,1850,Yes,True
INC-11197,2026-07-11 05:22:04.291966,23,Chat,801,No,True
INC-11198,2026-06-04 16:22:04.291966,47,Voice,549,No,True
INC-11199,2026-04-18 11:16:04.291966,26,Chat,830,No,True
INC-11200,2026-05-25 17:00:04.291966,46,Voice,712,No,True
INC-11201,2026-06-21 23:20:04.291966,43,Email,1722,No,True
INC-11202,2026-04-08 18:46:04.291966,12,Chat,1149,No,False
INC-11203,2026-07-21 19:43:04.291966,26,Voice,409,No,True
INC-11204,2026-03-29 00:27:04.291966,13,Voice,606,No,True
INC-11205,2026-08-31 07:09:04.291966,40,Chat,837,No,False
INC-11206,2026-05-19 01:30:04.291966,18,Voice,493,No,True
INC-11207,2026-06-27 04:31:04.291966,25,Voice,676,No,True
INC-11208,2026-07-03 17:34:04.291966,33,Voice,354,No,True
INC-11209,2026-06-11 13:19:04.291966,47,Voice,504,N,True
INC-11210,2026-04-12 04:43:04.291966,40,Voice,532,N,True
INC-11211,2026-07-18 12:18:04.291966,43,Voice,542,,True
INC-11212,2026-04-20 03:43:04.291966,12,Voice,425,No,True
INC-11213,2026-04-04 21:44:04.291966,44,Chat,1317,No,True
INC-11214,2026-05-05 23:19:04.291966,36,Chat,641,No,True
INC-11215,2026-05-13 23:08:04.291966,48,Voice,655,No,True
INC-11216,2026-03-22 18:52:04.291966,4,Voice,625,No,True
INC-11217,2026-08-02 07:20:04.291966,5,Chat,1280,No,True
INC-11218,2026-07-10 06:33:04.291966,37,Voice,289,No,True
INC-11219,2026-04-12 14:49:04.291966,8,Voice,375,No,True
INC-11220,2026-04-22 09:18:04.291966,42,Voice,659,No,True
INC-11221,2026-07-27 18:53:04.291966,49,Email,936,No,False
INC-11222,2026-03-26 08:12:04.291966,28,Chat,578,No,True
INC-11223,2026-04-07 09:32:04.291966,31,Chat,802,,True
INC-11224,2026-04-08 20:45:04.291966,9,Chat,938,No,False
INC-11225,2026-09-04 22:34:04.291966,29,Chat,1218,No,False
INC-11226,2026-08-13 15:46:04.291966,14,Voice,457,No,True
INC-11227,2026-06-05 12:30:04.291966,40,Chat,778,No,False
INC-11228,2026-06-26 00:14:04.291966,41,Voice,517,Yes,True
INC-11229,2026-09-14 19:23:04.291966,22,Chat,993,No,True
INC-11230,2026-05-22 23:47:04.291966,11,Chat,988,Yes,True
INC-11231,2026-04-07 07:50:04.291966,23,Chat,864,No,True
INC-11232,2026-09-07 09:33:04.291966,1,Voice,245,No,True
INC-11233,2026-07-04 01:42:04.291966,46,Voice,369,No,True
INC-11234,2026-08-20 07:26:04.291966,37,Chat,1184,No,False
INC-11235,2026-09-02 16:43:04.291966,21,Chat,937,N,True
INC-11236,2026-05-08 21:30:04.291966,26,Email,1403,No,True
INC-11237,2026-05-08 20:33:04.291966,46,Voice,614,N,True
INC-11238,2026-05-27 13:57:04.291966,36,Chat,673,No,False
INC-11239,2026-04-11 04:28:04.291966,23,Chat,854,Yes,True
INC-11240,2026-03-22 09:16:04.291966,1,Email,1541,No,True
INC-11241,2026-06-05 16:31:04.291966,40,Chat,811,N,True
INC-11242,2026-04-13 06:34:04.291966,15,Chat,920,No,True
INC-11243,2026-07-23 16:35:04.291966,21,Chat,862,,False
INC-11244,2026-08-04 21:29:04.291966,47,Chat,620,No,True
INC-11245,2026-03-20 23:50:04.291966,9,Email,1554,No,True
INC-11246,2026-09-15 03:05:04.291966,9,Voice,320,No,True
INC-11247,2026-04-12 14:16:04.291966,10,Voice,499,No,False
INC-11248,2026-09-01 01:02:04.291966,26,Email,1912,No,False
INC-11249,2026-09-08 00:18:04.291966,41,Chat,843,No,True
INC-11250,2026-06-16 19:23:04.291966,35,Chat,665,No,True
INC-11251,2026-03-21 19:32:04.291966,25,Voice,464,No,True
INC-11252,2026-08-29 22:10:04.291966,26,Voice,380,Yes,True
INC-11253,2026-08-18 04:40:04.291966,11,Chat,1018,No,True
INC-11254,2026-06-28 12:08:04.291966,38,Chat,870,No,True
INC-11255,2026-07-25 22:48:04.291966,2,Voice,685,No,True
INC-11256,2026-04-26 14:34:04.291966,7,Voice,619,No,False
INC-11257,2026-05-10 20:14:04.291966,18,Email,1454,N,True
INC-11258,2026-06-13 05:58:04.291966,27,Voice,565,No,False
INC-11259,2026-03-25 09:14:04.291966,34,Email,1382,N,True
INC-11260,2026-04-12 21:52:04.291966,27,Voice,484,No,True
INC-11261,2026-07-03 17:45:04.291966,17,Chat,827,No,True
INC-11262,2026-08-22 17:59:04.291966,43,Email,1729,No,False
INC-11263,2026-08-23 04:42:04.291966,44,Chat,1186,No,True
INC-11264,2026-09-03 07:18:04.291966,24,Voice,575,No,True
INC-11265,2026-09-05 04:27:04.291966,25,Chat,1084,No,True
INC-11266,2026-08-29 19:32:04.291966,7,Voice,590,No,True
INC-11267,2026-06-23 03:09:04.291966,6,Voice,546,No,True
INC-11268,2026-06-25 00:16:04.291966,24,Email,1158,No,True
INC-11269,2026-06-13 19:56:04.291966,33,Chat,1240,No,True
INC-11270,2026-09-07 08:48:04.291966,49,Chat,1260,No,True
INC-11271,2026-05-08 23:19:04.291966,29,Voice,451,,True
INC-11272,2026-05-07 00:09:04.291966,43,Voice,435,No,False
INC-11273,2026-07-02 20:56:04.291966,22,Voice,553,No,True
INC-11274,2026-04-04 14:16:04.291966,26,Chat,1010,No,False
INC-11275,2026-03-28 19:04:04.291966,28,Chat,859,No,True
INC-11276,2026-08-10 09:50:04.291966,50,Chat,649,No,True
INC-11277,2026-05-18 03:35:04.291966,21,Email,1591,No,True
INC-11278,2026-09-05 13:47:04.291966,49,Voice,546,Yes,True
INC-11279,2026-03-22 21:30:04.291966,7,Voice,567,No,False
INC-11280,2026-06-03 02:28:04.291966,17,Voice,521,No,False
INC-11281,2026-04-23 01:58:04.291966,20,Voice,447,No,True
INC-11282,2026-08-13 05:58:04.291966,41,Voice,599,No,True
INC-11283,2026-07-06 09:56:04.291966,49,Email,1519,No,True
INC-11284,2026-05-25 05:06:04.291966,20,Voice,424,No,True
INC-11285,2026-03-27 06:17:04.291966,22,Email,1445,No,True
INC-11286,2026-08-31 10:15:04.291966,28,Voice,270,No,True
INC-11287,2026-04-08 09:42:04.291966,40,Email,1445,No,True
INC-11288,2026-06-24 17:33:04.291966,49,Chat,1037,Y,True
INC-11289,2026-05-19 09:15:04.291966,7,Email,1601,No,True
INC-11290,2026-04-06 21:24:04.291966,1,Voice,662,No,True
INC-11291,2026-07-13 07:00:04.291966,32,Chat,847,No,True
INC-11292,2026-07-30 01:25:04.291966,13,Email,1646,No,True
INC-11293,2026-08-09 15:44:04.291966,30,Voice,575,No,True
INC-11294,2026-04-25 04:43:04.291966,23,Voice,761,No,True
INC-11295,2026-05-15 09:31:04.291966,19,Voice,497,No,True
INC-11296,2026-08-11 02:48:04.291966,32,Email,1186,No,True
INC-11297,2026-05-03 17:59:04.291966,30,Chat,1069,No,True
INC-11298,2026-03-23 04:57:04.291966,29,Chat,1273,N,True
INC-11299,2026-06-04 13:43:04.291966,49,Voice,441,,False
INC-11300,2026-05-24 03:31:04.291966,45,Voice,580,No,True
INC-11301,2026-08-29 01:53:04.291966,29,Email,1868,No,False
INC-11302,2026-08-31 02:19:04.291966,30,Voice,602,No,True
INC-11303,2026-08-14 09:51:04.291966,16,Chat,925,No,True
INC-11304,2026-06-23 19:04:04.291966,40,Email,1290,No,True
INC-11305,2026-08-21 06:42:04.291966,19,Voice,470,N,True
INC-11306,2026-05-22 19:50:04.291966,18,Chat,991,No,True
INC-11307,2026-08-10 18:51:04.291966,1,Voice,588,N,True
INC-11308,2026-04-02 16:10:04.291966,14,Chat,966,No,True
INC-11309,2026-09-07 10:22:04.291966,47,Voice,434,No,True
INC-11310,2026-05-05 08:50:04.291966,50,Chat,1011,No,True
INC-11311,2026-08-13 23:51:04.291966,2,Voice,583,No,False
INC-11312,2026-04-24 20:04:04.291966,28,Voice,525,No,True
INC-11313,2026-03-31 12:40:04.291966,49,Chat,732,No,True
INC-11314,2026-03-27 20:49:04.291966,50,Voice,458,No,True
INC-11315,2026-09-08 06:43:04.291966,30,Chat,1089,N,True
INC-11316,2026-05-03 03:15:04.291966,38,Voice,314,N,False
INC-11317,2026-05-01 22:53:04.291966,4,Chat,481,No,True
INC-11318,2026-03-28 05:48:04.291966,1,Voice,660,Yes,False
INC-11319,2026-07-19 06:11:04.291966,8,Chat,1002,No,True
INC-11320,2026-08-30 17:05:04.291966,29,Voice,552,Y,True
INC-11321,2026-05-31 05:26:04.291966,39,Voice,350,Yes,True
INC-11322,2026-06-19 09:41:04.291966,3,Voice,568,No,True
INC-11323,2026-08-02 01:37:04.291966,32,Chat,955,No,False
INC-11324,2026-05-07 14:37:04.291966,10,Voice,289,No,True
INC-11325,2026-07-28 06:13:04.291966,10,Email,1927,No,True
INC-11326,2026-05-18 21:11:04.291966,19,Email,1547,No,True
INC-11327,2026-04-19 08:34:04.291966,46,Voice,432,No,True
INC-11328,2026-08-17 12:07:04.291966,34,Chat,824,No,False
INC-11329,2026-04-23 11:21:04.291966,33,Voice,238,N,False
INC-11330,2026-08-31 00:11:04.291966,23,Voice,551,Yes,True
INC-11331,2026-06-15 14:34:04.291966,28,Chat,952,No,True
INC-11332,2026-05-19 21:25:04.291966,32,Chat,861,No,False
INC-11333,2026-07-22 22:46:04.291966,50,Chat,1155,No,True
INC-11334,2026-04-27 06:45:04.291966,7,Voice,313,No,True
INC-11335,2026-09-06 21:23:04.291966,29,Voice,408,No,True
INC-11336,2026-04-12 04:49:04.291966,8,Voice,377,N,True
INC-11337,2026-07-18 00:43:04.291966,1,Chat,844,No,True
INC-11338,2026-05-18 15:28:04.291966,3,Chat,913,No,True
INC-11339,2026-04-07 04:20:04.291966,24,Chat,986,No,True
INC-11340,2026-07-10 01:31:04.291966,23,Voice,438,No,True
INC-11341,2026-04-05 21:15:04.291966,8,Voice,374,No,True
INC-11342,2026-07-21 08:07:04.291966,47,Voice,682,,True
INC-11343,2026-05-25 21:06:04.291966,37,Voice,769,No,True
INC-11344,2026-07-05 01:28:04.291966,3,Voice,497,No,True
INC-11345,2026-05-31 14:06:04.291966,33,Email,1272,Yes,True
INC-11346,2026-07-05 04:50:04.291966,28,Email,1942,No,True
INC-11347,2026-08-01 16:46:04.291966,47,Chat,610,No,True
INC-11348,2026-06-10 11:02:04.291966,8,Voice,439,No,True
INC-11349,2026-04-25 07:45:04.291966,34,Voice,396,Yes,True
INC-11350,2026-05-08 12:32:04.291966,35,Email,1152,N,True
INC-11351,2026-08-19 08:55:04.291966,32,Voice,446,N,True
INC-11352,2026-04-27 03:42:04.291966,24,Email,1240,No,True
INC-11353,2026-08-24 11:01:04.291966,14,Voice,481,No,True
INC-11354,2026-03-20 03:02:04.291966,32,Voice,483,Yes,False
INC-11355,2026-04-25 22:34:04.291966,46,Email,1313,No,True
INC-11356,2026-09-05 03:11:04.291966,43,Voice,435,No,True
INC-11357,2026-06-30 11:23:04.291966,16,Chat,853,No,True
INC-11358,2026-04-09 04:46:04.291966,4,Chat,1061,Yes,True
INC-11359,2026-04-17 10:25:04.291966,37,Voice,462,No,True
INC-11360,2026-07-06 11:28:04.291966,21,Voice,578,No,True
INC-11361,2026-03-19 20:19:04.291966,14,Chat,1017,,True
INC-11362,2026-06-17 01:16:04.291966,31,Chat,1014,No,True
INC-11363,2026-09-09 08:50:04.291966,48,Voice,646,No,True
INC-11364,2026-09-01 12:21:04.291966,18,Email,1164,Yes,False
INC-11365,2026-07-24 09:29:04.291966,7,Voice,423,No,True
INC-11366,2026-08-14 18:04:04.291966,10,Voice,691,No,True
INC-11367,2026-06-24 09:16:04.291966,7,Voice,449,No,False
INC-11368,2026-07-23 18:40:04.291966,33,Voice,142,No,True
INC-11369,2026-08-19 07:17:04.291966,23,Voice,455,,True
INC-11370,2026-06-29 19:01:04.291966,21,Email,1540,No,True
INC-11371,2026-08-18 14:01:04.291966,19,Voice,165,No,True
INC-11372,2026-09-02 15:54:04.291966,48,Voice,640,No,True
INC-11373,2026-06-22 07:17:04.291966,19,Voice,394,No,True
INC-11374,2026-08-06 18:19:04.291966,36,Chat,965,N,True
INC-11375,2026-05-04 20:53:04.291966,29,Email,1432,No,True
INC-11376,2026-08-11 21:27:04.291966,18,Voice,325,No,True
INC-11377,2026-06-25 18:51:04.291966,2,Voice,351,No,True
INC-11378,2026-04-07 01:45:04.291966,1,Voice,367,No,True
INC-11379,2026-07-01 23:11:04.291966,47,Voice,610,No,True
INC-11380,2026-06-17 12:36:04.291966,5,Voice,462,No,False
INC-11381,2026-04-14 20:17:04.291966,20,Voice,417,No,True
INC-11382,2026-06-16 22:51:04.291966,11,Voice,367,No,True
INC-11383,2026-09-12 01:18:04.291966,42,Chat,1139,No,True
INC-11384,2026-08-09 02:26:04.291966,2,Voice,655,No,True
INC-11385,2026-05-23 15:12:04.291966,3,Email,1855,N,False
INC-11386,2026-07-25 12:37:04.291966,23,Email,1647,No,False
INC-11387,2026-04-08 22:45:04.291966,12,Chat,957,No,False
INC-11388,2026-04-07 08:47:04.291966,20,Voice,334,No,True
INC-11389,2026-09-08 13:52:04.291966,5,Voice,450,No,True
INC-11390,2026-07-13 20:55:04.291966,37,Voice,397,No,True
INC-11391,2026-08-09 18:19:04.291966,38,Chat,534,No,True
INC-11392,2026-08-18 12:22:04.291966,30,Voice,606,,False
INC-11393,2026-07-07 02:55:04.291966,9,Email,1291,No,False
INC-11394,2026-04-11 03:32:04.291966,34,Email,1858,No,True
INC-11395,2026-06-09 23:05:04.291966,44,Voice,585,No,True
INC-11396,2026-07-12 15:02:04.291966,35,Chat,1011,No,True
INC-11397,2026-07-13 18:54:04.291966,22,Voice,553,Yes,True
INC-11398,2026-06-27 12:21:04.291966,44,Voice,406,Y,True
INC-11399,2026-05-26 16:22:04.291966,24,Voice,702,No,False
INC-11400,2026-06-04 13:38:04.291966,17,Voice,485,No,False
INC-11401,2026-05-02 08:59:04.291966,10,Email,1590,No,True
INC-11402,2026-05-14 14:58:04.291966,30,Voice,402,No,True
INC-11403,2026-04-29 02:12:04.291966,46,Voice,368,No,True
INC-11404,2026-09-06 22:04:04.291966,23,Chat,995,Yes,True
INC-11405,2026-08-29 22:06:04.291966,32,Chat,943,No,True
INC-11406,2026-08-25 20:52:04.291966,17,Voice,385,No,True
INC-11407,2026-04-05 00:17:04.291966,50,Email,1068,No,False
INC-11408,2026-05-22 01:34:04.291966,17,Chat,646,No,True
INC-11409,2026-04-19 18:21:04.291966,14,Voice,623,No,True
INC-11410,2026-06-14 04:03:04.291966,9,Voice,406,No,True
INC-11411,2026-08-12 00:04:04.291966,40,Voice,439,No,False
INC-11412,2026-04-20 21:38:04.291966,2,Email,1935,No,True
INC-11413,2026-05-10 12:50:04.291966,45,Chat,675,No,False
INC-11414,2026-08-01 02:33:04.291966,25,Email,1281,No,True
INC-11415,2026-07-08 04:33:04.291966,39,Voice,387,No,True
INC-11416,2026-04-01 10:18:04.291966,9,Voice,674,,False
INC-11417,2026-08-24 11:13:04.291966,22,Voice,719,No,True
INC-11418,2026-08-16 16:29:04.291966,43,Voice,570,Yes,True
INC-11419,2026-05-08 03:15:04.291966,46,Chat,1056,,True
INC-11420,2026-08-17 12:43:04.291966,4,Chat,783,No,True
INC-11421,2026-08-17 20:59:04.291966,26,Voice,713,No,False
INC-11422,2026-04-25 07:00:04.291966,29,Voice,512,Yes,True
INC-11423,2026-08-22 19:36:04.291966,45,Voice,582,No,True
INC-11424,2026-08-05 18:52:04.291966,34,Voice,467,No,False
INC-11425,2026-07-25 02:36:04.291966,23,Voice,447,No,True
INC-11426,2026-07-29 22:33:04.291966,37,Voice,679,No,True
INC-11427,2026-06-22 04:00:04.291966,11,Voice,544,No,True
INC-11428,2026-08-29 09:12:04.291966,6,Voice,654,No,True
INC-11429,2026-07-20 04:14:04.291966,18,Voice,510,Yes,True
INC-11430,2026-07-31 18:43:04.291966,21,Voice,378,No,True
INC-11431,2026-09-01 23:40:04.291966,42,Chat,783,No,True
INC-11432,2026-07-07 10:54:04.291966,36,Voice,492,No,False
INC-11433,2026-03-28 13:21:04.291966,41,Email,1312,N,True
INC-11434,2026-03-27 21:58:04.291966,38,Voice,347,No,True
INC-11435,2026-05-23 05:51:04.291966,34,Voice,624,Yes,True
INC-11436,2026-05-07 16:03:04.291966,17,Voice,414,Yes,True
INC-11437,2026-03-30 05:55:04.291966,37,Voice,496,No,True
INC-11438,2026-09-09 05:34:04.291966,25,Email,1588,No,True
INC-11439,2026-05-30 08:26:04.291966,38,Voice,409,No,True
INC-11440,2026-06-17 15:34:04.291966,12,Email,1935,No,True
INC-11441,2026-08-24 14:24:04.291966,23,Email,1164,No,False
INC-11442,2026-07-09 04:45:04.291966,42,Chat,952,No,True
INC-11443,2026-05-02 01:58:04.291966,22,Chat,949,No,True
INC-11444,2026-03-27 00:44:04.291966,21,Chat,889,No,True
INC-11445,2026-05-13 19:03:04.291966,27,Voice,324,No,True
INC-11446,2026-07-03 10:34:04.291966,31,Chat,1074,No,True
INC-11447,2026-05-24 17:29:04.291966,6,Voice,569,No,True
INC-11448,2026-04-03 06:21:04.291966,27,Voice,398,No,True
INC-11449,2026-05-01 22:30:04.291966,40,Voice,564,No,True
INC-11450,2026-08-13 04:20:04.291966,34,Chat,974,,True
INC-11451,2026-05-05 13:08:04.291966,12,Email,1115,Yes,True
INC-11452,2026-06-06 14:27:04.291966,45,Voice,377,No,True
INC-11453,2026-07-04 08:38:04.291966,7,Email,1841,No,True
INC-11454,2026-06-25 06:42:04.291966,10,Voice,517,No,True
INC-11455,2026-06-24 20:16:04.291966,45,Voice,412,No,True
INC-11456,2026-04-06 21:40:04.291966,17,Voice,376,N,True
INC-11457,2026-04-14 23:57:04.291966,26,Voice,418,No,True
INC-11458,2026-09-09 02:27:04.291966,21,Voice,426,Y,True
INC-11459,2026-07-13 18:24:04.291966,28,Chat,730,No,True
INC-11460,2026-04-14 09:49:04.291966,46,Email,977,No,True
INC-11461,2026-09-01 07:59:04.291966,2,Voice,616,No,True
INC-11462,2026-09-15 22:27:04.291966,43,Voice,596,No,True
INC-11463,2026-04-04 04:41:04.291966,1,Email,1118,N,False
INC-11464,2026-06-11 17:32:04.291966,36,Chat,927,Yes,False
INC-11465,2026-06-14 23:53:04.291966,26,Voice,371,N,True
INC-11466,2026-05-12 16:58:04.291966,29,Voice,448,No,True
INC-11467,2026-05-09 08:28:04.291966,21,Email,1396,,True
INC-11468,2026-04-09 06:03:04.291966,11,Chat,814,No,True
INC-11469,2026-06-26 07:38:04.291966,40,Voice,720,No,True
INC-11470,2026-04-05 01:30:04.291966,11,Voice,427,Yes,True
INC-11471,2026-07-29 19:26:04.291966,36,Email,1257,No,True
INC-11472,2026-07-22 13:04:04.291966,49,Voice,388,No,True
INC-11473,2026-04-26 17:48:04.291966,39,Email,1813,No,True
INC-11474,2026-04-04 04:08:04.291966,40,Voice,281,No,False
INC-11475,2026-04-20 01:36:04.291966,35,Chat,747,No,True
INC-11476,2026-09-13 03:36:04.291966,34,Voice,653,No,True
INC-11477,2026-03-21 12:38:04.291966,47,Voice,509,No,True
INC-11478,2026-08-02 12:18:04.291966,24,Email,1557,No,True
INC-11479,2026-08-22 06:08:04.291966,22,Voice,735,No,False
INC-11480,2026-05-23 07:10:04.291966,5,Chat,949,No,True
INC-11481,2026-04-04 01:40:04.291966,33,Voice,395,No,True
INC-11482,2026-04-18 18:04:04.291966,36,Voice,446,,True
INC-11483,2026-05-30 13:39:04.291966,47,Voice,343,Yes,True
INC-11484,2026-04-15 18:30:04.291966,20,Chat,1151,No,True
INC-11485,2026-07-01 18:31:04.291966,19,Voice,548,No,True
INC-11486,2026-07-14 19:42:04.291966,35,Voice,614,No,True
INC-11487,2026-06-23 03:24:04.291966,43,Voice,625,No,True
INC-11488,2026-05-26 23:18:04.291966,17,Chat,817,No,True
INC-11489,2026-08-28 05:29:04.291966,45,Chat,711,Yes,True
INC-11490,2026-05-24 22:49:04.291966,43,Voice,473,No,True
INC-11491,2026-04-18 15:46:04.291966,34,Voice,375,No,True
INC-11492,2026-04-30 15:56:04.291966,9,Email,1549,Yes,True
INC-11493,2026-05-12 22:10:04.291966,26,Voice,615,Yes,False
INC-11494,2026-08-29 03:10:04.291966,2,Email,1449,No,True
INC-11495,2026-09-12 15:39:04.291966,9,Email,1544,No,True
INC-11496,2026-07-15 00:33:04.291966,9,Chat,881,No,True
INC-11497,2026-05-12 22:14:04.291966,40,Voice,576,N,True
INC-11498,2026-06-19 18:32:04.291966,17,Email,1299,No,True
INC-11499,2026-08-24 19:53:04.291966,1,Chat,460,,True
INC-11500,2026-07-06 16:57:04.291966,25,Chat,994,N,True
INC-11501,2026-07-02 12:47:04.291966,43,Voice,598,No,True
INC-11502,2026-07-12 12:14:04.291966,40,Voice,533,No,True
INC-11503,2026-05-14 00:23:04.291966,42,Voice,403,No,True
INC-11504,2026-07-23 14:29:04.291966,25,Chat,672,No,True
INC-11505,2026-07-07 11:47:04.291966,39,Chat,998,No,True
INC-11506,2026-03-30 16:14:04.291966,35,Voice,496,No,True
INC-11507,2026-06-04 19:43:04.291966,3,Voice,464,No,True
INC-11508,2026-09-14 01:08:04.291966,50,Voice,698,No,True
INC-11509,2026-05-29 21:19:04.291966,37,Chat,710,No,True
INC-11510,2026-06-12 11:32:04.291966,44,Email,2032,No,True
INC-11511,2026-07-30 15:17:04.291966,44,Voice,483,No,True
INC-11512,2026-06-18 19:13:04.291966,30,Voice,259,No,True
INC-11513,2026-04-10 12:19:04.291966,38,Voice,458,No,True
INC-11514,2026-06-15 15:09:04.291966,34,Chat,1091,No,True
INC-11515,2026-03-24 01:52:04.291966,12,Chat,826,Yes,True
INC-11516,2026-04-13 23:19:04.291966,19,Email,1057,No,True
INC-11517,2026-08-09 18:09:04.291966,37,Voice,460,N,True
INC-11518,2026-05-02 06:52:04.291966,44,Email,1242,No,True
INC-11519,2026-04-11 18:02:04.291966,49,Voice,539,No,True
INC-11520,2026-08-17 17:43:04.291966,17,Chat,1054,Yes,True
INC-11521,2026-07-13 13:56:04.291966,10,Voice,353,No,True
INC-11522,2026-05-27 12:36:04.291966,49,Email,1288,No,True
INC-11523,2026-04-01 02:42:04.291966,47,Chat,1051,No,True
INC-11524,2026-06-05 04:40:04.291966,12,Chat,728,No,True
INC-11525,2026-03-21 11:54:04.291966,16,Email,1175,No,True
INC-11526,2026-08-02 06:40:04.291966,24,Voice,338,N,True
INC-11527,2026-09-12 09:36:04.291966,19,Voice,522,No,True
INC-11528,2026-06-16 21:51:04.291966,8,Email,1592,No,True
INC-11529,2026-08-08 08:46:04.291966,31,Voice,397,No,True
INC-11530,2026-09-09 22:35:04.291966,21,Voice,480,,True
INC-11531,2026-05-25 21:38:04.291966,17,Voice,663,No,True
INC-11532,2026-08-15 22:42:04.291966,23,Chat,705,No,True
INC-11533,2026-05-11 11:01:04.291966,37,Voice,245,No,True
INC-11534,2026-07-12 17:49:04.291966,16,Voice,534,Yes,True
INC-11535,2026-07-18 07:09:04.291966,6,Voice,466,No,True
INC-11536,2026-07-19 16:27:04.291966,8,Voice,394,No,True
INC-11537,2026-09-08 03:25:04.291966,25,Email,1695,No,True
INC-11538,2026-07-20 08:07:04.291966,18,Email,1751,N,True
INC-11539,2026-08-07 04:40:04.291966,25,Chat,458,No,True
INC-11540,2026-09-10 06:37:04.291966,12,Voice,401,No,True
INC-11541,2026-04-28 12:03:04.291966,15,Email,2195,No,False
INC-11542,2026-08-14 12:04:04.291966,26,Chat,1016,No,True
INC-11543,2026-05-21 01:55:04.291966,41,Voice,561,No,False
INC-11544,2026-04-01 01:51:04.291966,45,Email,1851,Y,False
INC-11545,2026-06-15 03:33:04.291966,26,Chat,903,No,True
INC-11546,2026-07-28 04:36:04.291966,47,Chat,1059,No,False
INC-11547,2026-08-24 08:24:04.291966,32,Chat,1043,No,True
INC-11548,2026-05-29 19:26:04.291966,10,Voice,544,No,True
INC-11549,2026-05-25 06:11:04.291966,16,Voice,441,No,True
INC-11550,2026-04-25 18:32:04.291966,7,Chat,934,No,True
INC-11551,2026-05-10 05:24:04.291966,17,Voice,409,N,True
INC-11552,2026-07-26 07:49:04.291966,23,Voice,481,N,True
INC-11553,2026-07-18 01:03:04.291966,26,Chat,666,No,True
INC-11554,2026-05-23 18:40:04.291966,21,Chat,741,Yes,True
INC-11555,2026-09-02 23:55:04.291966,22,Voice,446,No,True
INC-11556,2026-07-04 02:50:04.291966,7,Chat,711,,True
INC-11557,2026-03-23 03:31:04.291966,14,Email,1348,Yes,True
INC-11558,2026-07-20 03:15:04.291966,15,Chat,867,No,True
INC-11559,2026-07-11 14:30:04.291966,7,Voice,528,No,True
INC-11560,2026-08-27 17:47:04.291966,9,Voice,593,No,True
INC-11561,2026-06-29 17:54:04.291966,48,Voice,424,No,True
INC-11562,2026-08-25 21:49:04.291966,8,Voice,640,No,True
INC-11563,2026-05-27 21:24:04.291966,50,Voice,592,No,False
INC-11564,2026-06-08 05:26:04.291966,23,Voice,540,Yes,True
INC-11565,2026-04-15 22:09:04.291966,29,Voice,498,Yes,True
INC-11566,2026-08-26 08:11:04.291966,18,Email,1595,Yes,False
INC-11567,2026-06-25 20:13:04.291966,31,Voice,622,No,True
INC-11568,2026-06-14 01:49:04.291966,30,Chat,1144,No,True
INC-11569,2026-07-25 02:12:04.291966,39,Chat,1166,No,True
INC-11570,2026-07-20 18:32:04.291966,35,Voice,484,No,True
INC-11571,2026-04-14 14:43:04.291966,18,Email,1666,No,False
INC-11572,2026-08-27 23:23:04.291966,42,Chat,1168,No,True
INC-11573,2026-07-03 15:20:04.291966,39,Voice,405,No,False
INC-11574,2026-07-13 00:45:04.291966,17,Chat,836,No,True
INC-11575,2026-06-18 09:35:04.291966,14,Voice,481,No,True
INC-11576,2026-04-19 20:10:04.291966,31,Chat,1079,N,True
INC-11577,2026-03-22 15:18:04.291966,24,Voice,589,Yes,True
INC-11578,2026-07-22 16:05:04.291966,35,Email,1430,N,True
INC-11579,2026-08-20 07:14:04.291966,44,Voice,298,No,True
INC-11580,2026-08-29 00:05:04.291966,45,Chat,949,No,True
INC-11581,2026-05-21 00:30:04.291966,34,Voice,369,N,False
INC-11582,2026-04-29 08:16:04.291966,3,Chat,602,No,True
INC-11583,2026-03-22 07:36:04.291966,37,Chat,647,No,True
INC-11584,2026-07-14 11:39:04.291966,43,Voice,519,No,True
INC-11585,2026-06-25 17:52:04.291966,40,Chat,1172,No,True
INC-11586,2026-08-01 16:13:04.291966,26,Voice,484,No,True
INC-11587,2026-03-28 18:56:04.291966,23,Email,1563,No,True
INC-11588,2026-05-28 16:08:04.291966,44,Voice,621,Yes,False
INC-11589,2026-06-26 02:17:04.291966,39,Email,1036,No,False
INC-11590,2026-04-28 10:05:04.291966,15,Email,1656,No,True
INC-11591,2026-09-02 02:47:04.291966,49,Voice,478,No,False
INC-11592,2026-04-02 03:52:04.291966,4,Voice,547,,True
INC-11593,2026-05-09 03:18:04.291966,29,Voice,421,No,True
INC-11594,2026-06-02 12:25:04.291966,22,Email,1254,No,True
INC-11595,2026-08-25 22:58:04.291966,25,Voice,496,No,True
INC-11596,2026-07-13 23:05:04.291966,13,Chat,1229,No,False
INC-11597,2026-08-11 22:02:04.291966,18,Email,1758,Yes,True
INC-11598,2026-06-18 23:31:04.291966,33,Voice,419,,True
INC-11599,2026-06-09 00:49:04.291966,16,Chat,631,No,True
INC-11600,2026-07-26 05:49:04.291966,45,Voice,278,No,True
INC-11601,2026-04-02 20:47:04.291966,42,Voice,637,,True
INC-11602,2026-08-03 08:04:04.291966,44,Chat,708,N,True
INC-11603,2026-07-05 23:47:04.291966,2,Voice,440,No,False
INC-11604,2026-08-28 16:24:04.291966,35,Voice,638,Yes,True
INC-11605,2026-06-28 10:00:04.291966,42,Email,1015,No,True
INC-11606,2026-09-06 17:11:04.291966,34,Voice,659,No,True
INC-11607,2026-05-01 18:33:04.291966,30,Email,1423,No,True
INC-11608,2026-09-14 20:03:04.291966,13,Email,1155,No,True
INC-11609,2026-06-10 20:41:04.291966,13,Voice,450,No,False
INC-11610,2026-06-11 06:09:04.291966,18,Voice,393,No,True
INC-11611,2026-07-08 06:24:04.291966,32,Chat,988,No,True
INC-11612,2026-07-05 23:39:04.291966,32,Voice,402,N,True
INC-11613,2026-05-16 02:35:04.291966,35,Voice,250,No,False
INC-11614,2026-09-15 04:51:04.291966,39,Chat,855,Yes,True
INC-11615,2026-07-28 13:14:04.291966,46,Voice,317,No,True
INC-11616,2026-09-11 03:21:04.291966,29,Email,1561,No,False
INC-11617,2026-09-01 13:17:04.291966,49,Voice,337,,True
INC-11618,2026-07-04 21:44:04.291966,29,Voice,421,No,False
INC-11619,2026-08-05 12:16:04.291966,44,Voice,501,No,False
INC-11620,2026-05-11 04:41:04.291966,16,Email,1436,,True
INC-11621,2026-08-04 23:38:04.291966,44,Chat,950,N,True
INC-11622,2026-08-21 16:55:04.291966,47,Email,1704,No,True
INC-11623,2026-07-12 19:45:04.291966,10,Voice,341,No,False
INC-11624,2026-07-03 12:12:04.291966,30,Voice,472,No,True
INC-11625,2026-04-20 20:03:04.291966,25,Voice,80,No,True
INC-11626,2026-07-26 02:59:04.291966,39,Voice,509,,True
INC-11627,2026-08-31 01:34:04.291966,20,Chat,839,Yes,True
INC-11628,2026-05-12 03:42:04.291966,5,Chat,703,No,True
INC-11629,2026-06-29 04:37:04.291966,1,Voice,517,No,True
INC-11630,2026-07-28 13:01:04.291966,30,Email,1851,No,True
INC-11631,2026-09-15 14:13:04.291966,49,Voice,422,No,True
INC-11632,2026-07-11 09:39:04.291966,3,Email,1216,No,True
INC-11633,2026-03-21 17:22:04.291966,45,Voice,499,No,True
INC-11634,2026-07-06 15:18:04.291966,14,Voice,319,,True
INC-11635,2026-08-19 07:21:04.291966,30,Voice,400,No,True
INC-11636,2026-03-24 18:35:04.291966,50,Voice,626,No,True
INC-11637,2026-08-02 20:59:04.291966,4,Chat,912,No,True
INC-11638,2026-05-26 07:28:04.291966,18,Voice,254,No,True
INC-11639,2026-07-19 15:37:04.291966,37,Voice,264,No,True
INC-11640,2026-06-25 17:43:04.291966,25,Chat,932,No,False
INC-11641,2026-05-27 00:34:04.291966,48,Chat,1072,No,True
INC-11642,2026-09-09 07:46:04.291966,1,Email,1014,No,True
INC-11643,2026-08-08 00:03:04.291966,46,Voice,533,Yes,True
INC-11644,2026-06-02 04:24:04.291966,15,Chat,1166,Yes,True
INC-11645,2026-08-29 04:37:04.291966,9,Chat,1277,No,True
INC-11646,2026-05-04 23:09:04.291966,15,Voice,519,No,True
INC-11647,2026-03-29 06:04:04.291966,49,Voice,540,Yes,True
INC-11648,2026-07-26 06:48:04.291966,24,Voice,224,No,True
INC-11649,2026-08-09 12:11:04.291966,4,Voice,731,No,True
INC-11650,2026-07-07 01:01:04.291966,12,Voice,410,No,True
INC-11651,2026-07-11 13:03:04.291966,37,Voice,367,No,True
INC-11652,2026-07-03 16:32:04.291966,37,Chat,848,No,True
INC-11653,2026-09-08 12:51:04.291966,43,Chat,1202,No,True
INC-11654,2026-08-14 20:43:04.291966,6,Email,2162,No,True
INC-11655,2026-08-29 02:23:04.291966,39,Chat,925,No,True
INC-11656,2026-07-01 21:27:04.291966,46,Voice,599,No,True
INC-11657,2026-07-22 10:17:04.291966,24,Email,1512,No,True
INC-11658,2026-05-26 06:53:04.291966,11,Email,1188,No,True
INC-11659,2026-08-31 20:59:04.291966,13,Voice,657,No,True
INC-11660,2026-09-15 14:40:04.291966,34,Chat,775,No,True
INC-11661,2026-08-07 07:38:04.291966,25,Email,1960,N,False
INC-11662,2026-07-29 20:49:04.291966,7,Chat,1159,Yes,False
INC-11663,2026-03-24 19:48:04.291966,4,Email,1684,No,True
INC-11664,2026-08-05 11:09:04.291966,8,Voice,699,No,True
INC-11665,2026-09-04 12:46:04.291966,20,Voice,747,No,True
INC-11666,2026-06-12 09:06:04.291966,29,Voice,458,Yes,True
INC-11667,2026-07-09 06:42:04.291966,45,Chat,738,No,True
INC-11668,2026-05-10 05:52:04.291966,46,Email,940,No,True
INC-11669,2026-04-01 22:44:04.291966,10,Email,2173,No,True
INC-11670,2026-08-25 00:06:04.291966,43,Voice,427,No,True
INC-11671,2026-07-04 02:48:04.291966,34,Voice,616,N,True
INC-11672,2026-08-19 16:05:04.291966,26,Email,1277,No,False
INC-11673,2026-07-23 13:03:04.291966,41,Chat,1207,,True
INC-11674,2026-05-11 14:20:04.291966,49,Voice,395,No,False
INC-11675,2026-08-18 03:20:04.291966,3,Voice,336,Yes,True
INC-11676,2026-04-19 20:46:04.291966,6,Chat,858,,True
INC-11677,2026-07-24 21:29:04.291966,5,Chat,793,Yes,False
INC-11678,2026-08-03 04:07:04.291966,5,Voice,551,No,False
INC-11679,2026-05-27 20:18:04.291966,47,Voice,473,Yes,True
INC-11680,2026-06-24 10:17:04.291966,23,Email,1688,No,True
INC-11681,2026-09-11 15:54:04.291966,49,Chat,841,N,True
INC-11682,2026-04-25 05:41:04.291966,9,Voice,400,No,True
INC-11683,2026-03-30 21:14:04.291966,35,Voice,409,No,True
INC-11684,2026-05-08 10:09:04.291966,20,Chat,1308,No,True
INC-11685,2026-03-27 08:54:04.291966,49,Voice,507,No,True
INC-11686,2026-08-13 02:27:04.291966,42,Voice,241,No,True
INC-11687,2026-05-31 22:14:04.291966,35,Chat,795,No,True
INC-11688,2026-04-30 18:57:04.291966,50,Voice,491,No,False
INC-11689,2026-05-11 09:21:04.291966,18,Chat,1269,No,True
INC-11690,2026-05-19 05:39:04.291966,17,Voice,603,No,True
INC-11691,2026-09-15 07:24:04.291966,24,Chat,715,No,False
INC-11692,2026-08-14 04:48:04.291966,3,Voice,770,No,True
INC-11693,2026-08-13 20:05:04.291966,32,Voice,476,No,True
INC-11694,2026-05-09 02:24:04.291966,35,Voice,629,N,True
INC-11695,2026-03-29 07:45:04.291966,38,Email,1153,No,True
INC-11696,2026-09-16 15:00:04.291966,13,Email,780,No,True
INC-11697,2026-06-08 03:40:04.291966,47,Voice,310,No,True
INC-11698,2026-03-28 23:06:04.291966,25,Chat,249,No,True
INC-11699,2026-04-05 21:05:04.291966,9,Chat,1322,Yes,True
INC-11700,2026-05-01 06:54:04.291966,4,Email,1564,No,True
INC-11701,2026-08-16 03:27:04.291966,14,Voice,369,No,True
INC-11702,2026-05-03 18:39:04.291966,37,Chat,990,No,True
INC-11703,2026-08-02 19:25:04.291966,34,Voice,502,,True
INC-11704,2026-05-18 07:14:04.291966,11,Voice,554,No,True
INC-11705,2026-04-03 23:04:04.291966,41,Email,1862,N,True
INC-11706,2026-05-04 15:06:04.291966,3,Chat,842,No,True
INC-11707,2026-09-13 15:26:04.291966,28,Voice,374,No,True
INC-11708,2026-03-20 19:10:04.291966,29,Voice,579,No,True
INC-11709,2026-05-26 12:43:04.291966,9,Chat,1060,Yes,True
INC-11710,2026-04-26 21:41:04.291966,3,Chat,920,No,False
INC-11711,2026-06-03 01:17:04.291966,25,Voice,741,N,True
INC-11712,2026-05-08 08:02:04.291966,34,Email,1368,No,True
INC-11713,2026-08-28 09:00:04.291966,12,Voice,372,No,True
INC-11714,2026-08-08 12:28:04.291966,42,Voice,530,No,True
INC-11715,2026-05-15 09:26:04.291966,9,Email,1297,No,True
INC-11716,2026-06-12 18:51:04.291966,15,Voice,539,No,True
INC-11717,2026-09-12 19:07:04.291966,40,Voice,380,Yes,True
INC-11718,2026-06-14 17:15:04.291966,25,Chat,819,No,True
INC-11719,2026-08-07 21:33:04.291966,5,Email,2067,No,True
INC-11720,2026-05-06 18:17:04.291966,11,Voice,431,N,True
INC-11721,2026-08-08 21:33:04.291966,34,Email,1260,No,False
INC-11722,2026-06-22 14:28:04.291966,24,Chat,1134,No,True
INC-11723,2026-06-13 16:25:04.291966,15,Voice,353,Yes,True
INC-11724,2026-04-08 22:24:04.291966,38,Chat,761,No,False
INC-11725,2026-07-22 00:12:04.291966,8,Voice,549,No,True
INC-11726,2026-09-14 21:13:04.291966,5,Voice,592,No,True
INC-11727,2026-08-09 22:28:04.291966,48,Chat,1144,N,True
INC-11728,2026-05-16 09:56:04.291966,26,Email,1275,No,True
INC-11729,2026-06-16 22:58:04.291966,18,Voice,551,No,True
INC-11730,2026-04-15 03:26:04.291966,6,Voice,424,,True
INC-11731,2026-07-01 07:41:04.291966,37,Voice,407,No,True
INC-11732,2026-07-01 17:18:04.291966,48,Voice,624,No,True
INC-11733,2026-04-03 20:13:04.291966,13,Voice,414,No,True
INC-11734,2026-04-22 12:55:04.291966,28,Voice,513,No,True
INC-11735,2026-08-01 03:01:04.291966,5,Chat,931,No,True
INC-11736,2026-07-21 14:48:04.291966,13,Voice,351,No,True
INC-11737,2026-03-21 02:07:04.291966,17,Voice,595,No,True
INC-11738,2026-05-17 05:03:04.291966,50,Email,1668,No,True
INC-11739,2026-06-21 13:20:04.291966,40,Email,904,No,True
INC-11740,2026-08-31 19:02:04.291966,45,Voice,513,No,True
INC-11741,2026-06-05 16:19:04.291966,32,Voice,387,No,True
INC-11742,2026-07-15 23:30:04.291966,29,Chat,1119,No,True
INC-11743,2026-08-28 21:20:04.291966,3,Voice,306,N,True
INC-11744,2026-06-24 14:12:04.291966,40,Voice,437,No,True
INC-11745,2026-07-22 15:23:04.291966,34,Chat,972,No,True
INC-11746,2026-09-04 19:14:04.291966,40,Voice,486,N,True
INC-11747,2026-07-04 03:11:04.291966,27,Voice,571,No,True
INC-11748,2026-07-10 13:12:04.291966,13,Voice,297,,False
INC-11749,2026-06-01 07:56:04.291966,45,Voice,678,No,True
INC-11750,2026-07-13 17:10:04.291966,33,Voice,543,No,True
INC-11751,2026-08-30 19:03:04.291966,6,Email,1907,No,True
INC-11752,2026-04-28 00:03:04.291966,24,Voice,584,No,True
INC-11753,2026-03-20 18:48:04.291966,19,Voice,478,Y,True
INC-11754,2026-05-16 18:37:04.291966,16,Voice,325,No,True
INC-11755,2026-08-13 05:15:04.291966,40,Email,1330,No,True
INC-11756,2026-06-23 09:30:04.291966,28,Chat,1217,No,True
INC-11757,2026-08-29 23:41:04.291966,33,Voice,646,Yes,True
INC-11758,2026-04-25 21:30:04.291966,48,Email,1314,No,True
INC-11759,2026-05-12 16:17:04.291966,41,Voice,141,No,True
INC-11760,2026-04-26 23:24:04.291966,13,Voice,454,N,True
INC-11761,2026-08-11 15:10:04.291966,43,Voice,445,No,True
INC-11762,2026-08-29 09:08:04.291966,45,Voice,450,No,True
INC-11763,2026-05-24 10:35:04.291966,25,Voice,543,No,True
INC-11764,2026-04-22 09:37:04.291966,42,Chat,1075,No,True
INC-11765,2026-08-06 15:43:04.291966,36,Voice,598,No,True
INC-11766,2026-07-13 04:53:04.291966,27,Chat,989,No,True
INC-11767,2026-07-11 12:35:04.291966,38,Voice,263,Yes,True
INC-11768,2026-03-19 23:16:04.291966,7,Voice,439,N,True
INC-11769,2026-05-03 04:51:04.291966,5,Voice,756,Yes,True
INC-11770,2026-07-13 13:19:04.291966,43,Email,1612,No,True
INC-11771,2026-04-06 20:18:04.291966,45,Voice,524,No,False
INC-11772,2026-03-21 12:26:04.291966,31,Chat,971,No,True
INC-11773,2026-04-22 16:58:04.291966,23,Voice,529,No,True
INC-11774,2026-06-03 00:38:04.291966,42,Voice,194,No,True
INC-11775,2026-07-17 05:54:04.291966,10,Voice,451,No,True
INC-11776,2026-08-29 06:00:04.291966,32,Voice,475,No,True
INC-11777,2026-05-12 02:10:04.291966,43,Voice,633,No,True
INC-11778,2026-07-02 22:20:04.291966,30,Voice,485,Yes,True
INC-11779,2026-07-28 04:32:04.291966,39,Chat,570,Yes,True
INC-11780,2026-04-09 06:43:04.291966,31,Voice,531,Yes,True
INC-11781,2026-08-01 20:39:04.291966,18,Chat,739,No,False
INC-11782,2026-08-09 20:26:04.291966,36,Voice,333,No,True
INC-11783,2026-09-01 16:51:04.291966,2,Chat,733,No,True
INC-11784,2026-08-17 08:33:04.291966,14,Chat,1008,No,True
INC-11785,2026-03-28 14:35:04.291966,13,Voice,631,No,True
INC-11786,2026-05-23 06:03:04.291966,29,Voice,537,No,False
INC-11787,2026-06-01 10:46:04.291966,12,Chat,1026,No,True
INC-11788,2026-09-06 13:27:04.291966,39,Email,1641,No,False
INC-11789,2026-06-23 07:41:04.291966,2,Voice,492,No,True
INC-11790,2026-08-21 15:56:04.291966,32,Voice,563,No,False
INC-11791,2026-07-16 05:23:04.291966,13,Email,774,No,True
INC-11792,2026-06-09 02:52:04.291966,46,Voice,493,No,True
INC-11793,2026-08-02 11:52:04.291966,27,Chat,691,No,True
INC-11794,2026-06-08 09:55:04.291966,49,Voice,619,N,True
INC-11795,2026-09-06 06:54:04.291966,41,Voice,462,No,True
INC-11796,2026-08-08 11:52:04.291966,17,Chat,906,No,False
INC-11797,2026-05-12 18:29:04.291966,40,Chat,598,,True
INC-11798,2026-09-06 01:00:04.291966,31,Voice,602,No,True
INC-11799,2026-08-03 11:13:04.291966,34,Voice,555,No,True
INC-11800,2026-05-18 04:49:04.291966,24,Chat,1011,Yes,True
INC-11801,2026-05-23 11:26:04.291966,45,Chat,737,No,True
INC-11802,2026-06-05 17:08:04.291966,35,Voice,387,Y,True
INC-11803,2026-09-08 15:11:04.291966,48,Chat,944,Y,True
INC-11804,2026-07-19 05:33:04.291966,6,Chat,761,No,True
INC-11805,2026-04-23 21:30:04.291966,19,Chat,986,No,True
INC-11806,2026-09-12 18:25:04.291966,30,Chat,467,No,True
INC-11807,2026-05-24 22:20:04.291966,7,Voice,421,No,False
INC-11808,2026-09-07 02:54:04.291966,10,Chat,1259,No,True
INC-11809,2026-09-14 14:14:04.291966,41,Chat,987,No,True
INC-11810,2026-07-23 22:30:04.291966,32,Voice,500,No,True
INC-11811,2026-05-11 17:47:04.291966,34,Voice,718,Y,True
INC-11812,2026-08-17 21:21:04.291966,28,Voice,199,No,False
INC-11813,2026-05-30 05:38:04.291966,15,Chat,736,Yes,False
INC-11814,2026-05-13 06:00:04.291966,30,Voice,431,No,False
INC-11815,2026-05-31 14:56:04.291966,37,Chat,1071,Y,True
INC-11816,2026-05-25 01:35:04.291966,29,Email,1762,No,True
INC-11817,2026-07-11 05:25:04.291966,22,Chat,726,No,True
INC-11818,2026-04-05 07:22:04.291966,4,Email,1799,No,True
INC-11819,2026-04-27 19:45:04.291966,20,Email,1379,N,True
INC-11820,2026-04-24 00:03:04.291966,32,Voice,625,N,True
INC-11821,2026-08-28 06:39:04.291966,36,Chat,693,No,True
INC-11822,2026-05-29 06:55:04.291966,50,Voice,465,No,True
INC-11823,2026-09-10 13:24:04.291966,4,Email,1352,No,True
INC-11824,2026-07-17 15:26:04.291966,27,Voice,606,No,True
INC-11825,2026-05-17 18:43:04.291966,17,Email,1343,N,True
INC-11826,2026-07-11 09:19:04.291966,12,Chat,891,No,True
INC-11827,2026-09-02 07:01:04.291966,22,Chat,1001,No,False
INC-11828,2026-05-24 14:20:04.291966,17,Voice,545,No,True
INC-11829,2026-04-11 01:20:04.291966,10,Voice,586,No,True
INC-11830,2026-06-24 23:05:04.291966,1,Chat,942,No,True
INC-11831,2026-05-07 15:21:04.291966,22,Voice,429,Yes,True
INC-11832,2026-08-14 21:51:04.291966,26,Email,1395,No,True
INC-11833,2026-08-01 08:37:04.291966,18,Voice,483,No,True
INC-11834,2026-08-11 21:22:04.291966,50,Chat,949,No,False
INC-11835,2026-07-23 16:00:04.291966,14,Voice,462,,True
INC-11836,2026-07-06 04:44:04.291966,47,Chat,903,No,True
INC-11837,2026-05-12 08:47:04.291966,29,Chat,596,No,True
INC-11838,2026-03-31 19:37:04.291966,12,Voice,560,No,True
INC-11839,2026-03-30 02:00:04.291966,36,Voice,501,No,True
INC-11840,2026-05-01 22:24:04.291966,35,Voice,600,No,True
INC-11841,2026-06-11 00:36:04.291966,12,Chat,900,No,True
INC-11842,2026-04-06 07:14:04.291966,7,Chat,552,,True
INC-11843,2026-05-05 06:53:04.291966,29,Chat,828,No,True
INC-11844,2026-06-04 23:36:04.291966,11,Chat,860,No,False
INC-11845,2026-07-01 00:37:04.291966,33,Voice,569,No,True
INC-11846,2026-06-07 06:51:04.291966,6,Voice,231,No,True
INC-11847,2026-04-02 06:45:04.291966,47,Voice,484,No,True
INC-11848,2026-05-17 03:49:04.291966,15,Voice,541,,False
INC-11849,2026-04-22 05:47:04.291966,32,Email,1301,Yes,True
INC-11850,2026-06-23 23:50:04.291966,11,Email,1522,No,True
INC-11851,2026-03-26 21:03:04.291966,23,Voice,404,No,False
INC-11852,2026-05-10 02:30:04.291966,26,Chat,754,Yes,True
INC-11853,2026-06-10 22:15:04.291966,34,Email,1377,N,True
INC-11854,2026-05-05 18:05:04.291966,46,Voice,394,No,True
INC-11855,2026-08-28 16:59:04.291966,34,Voice,562,No,True
INC-11856,2026-04-08 02:50:04.291966,29,Voice,391,No,True
INC-11857,2026-08-22 02:20:04.291966,4,Chat,719,No,True
INC-11858,2026-08-07 21:45:04.291966,17,Email,2030,No,True
INC-11859,2026-07-19 10:41:04.291966,35,Chat,1092,No,True
INC-11860,2026-09-05 10:51:04.291966,13,Voice,256,No,True
INC-11861,2026-07-01 13:51:04.291966,41,Voice,388,No,True
INC-11862,2026-04-12 22:45:04.291966,39,Chat,948,Yes,False
INC-11863,2026-08-06 01:55:04.291966,15,Email,1597,Yes,True
INC-11864,2026-07-06 14:56:04.291966,29,Chat,601,No,True
INC-11865,2026-09-03 07:47:04.291966,29,Chat,1131,Yes,True
INC-11866,2026-06-27 07:51:04.291966,11,Voice,579,No,True
INC-11867,2026-05-31 09:09:04.291966,32,Email,1644,No,False
INC-11868,2026-08-23 07:08:04.291966,2,Chat,1171,No,True
INC-11869,2026-03-30 10:16:04.291966,47,Voice,534,No,True
INC-11870,2026-04-16 11:59:04.291966,14,Chat,989,No,False
INC-11871,2026-06-14 00:03:04.291966,20,Voice,666,No,True
INC-11872,2026-07-31 00:19:04.291966,22,Voice,612,No,True
INC-11873,2026-08-24 22:11:04.291966,11,Voice,379,No,True
INC-11874,2026-03-29 06:12:04.291966,27,Voice,555,No,True
INC-11875,2026-04-09 03:56:04.291966,3,Voice,400,No,True
INC-11876,2026-04-27 23:43:04.291966,17,Voice,540,Y,True
INC-11877,2026-08-26 01:52:04.291966,44,Chat,995,No,True
INC-11878,2026-04-09 08:11:04.291966,28,Voice,313,No,False
INC-11879,2026-08-13 16:04:04.291966,29,Voice,465,Yes,True
INC-11880,2026-07-05 02:25:04.291966,21,Voice,511,No,True
INC-11881,2026-04-08 23:25:04.291966,47,Chat,812,No,True
INC-11882,2026-03-22 16:32:04.291966,16,Voice,517,No,True
INC-11883,2026-08-31 22:54:04.291966,37,Voice,576,No,True
INC-11884,2026-09-13 18:01:04.291966,20,Email,1490,No,False
INC-11885,2026-08-07 23:57:04.291966,6,Chat,944,No,True
INC-11886,2026-04-08 22:44:04.291966,19,Email,1915,No,True
INC-11887,2026-05-07 09:09:04.291966,5,Voice,536,No,True
INC-11888,2026-07-06 18:26:04.291966,3,Voice,504,No,True
INC-11889,2026-09-04 07:09:04.291966,1,Chat,708,No,False
INC-11890,2026-08-07 06:16:04.291966,38,Voice,560,No,False
INC-11891,2026-04-28 08:02:04.291966,15,Voice,519,No,True
INC-11892,2026-04-03 08:20:04.291966,34,Voice,634,No,True
INC-11893,2026-07-10 19:15:04.291966,35,Email,1514,No,True
INC-11894,2026-04-22 10:21:04.291966,49,Voice,262,No,True
INC-11895,2026-07-26 06:13:04.291966,25,Email,989,No,False
INC-11896,2026-03-22 04:20:04.291966,24,Email,1720,No,True
INC-11897,2026-08-12 17:38:04.291966,12,Voice,411,,True
INC-11898,2026-08-11 01:15:04.291966,18,Chat,987,No,True
INC-11899,2026-09-08 16:19:04.291966,15,Chat,922,Yes,True
INC-11900,2026-06-08 02:17:04.291966,44,Email,1449,No,True
INC-11901,2026-06-24 10:18:04.291966,16,Voice,468,No,True
INC-11902,2026-09-05 12:23:04.291966,27,Chat,726,No,True
INC-11903,2026-07-05 18:57:04.291966,8,Voice,478,No,True
INC-11904,2026-06-17 19:43:04.291966,46,Email,1324,No,True
INC-11905,2026-04-22 06:56:04.291966,25,Voice,435,N,True
INC-11906,2026-08-12 14:46:04.291966,17,Voice,441,No,True
INC-11907,2026-03-30 05:59:04.291966,29,Chat,854,,False
INC-11908,2026-07-24 03:38:04.291966,8,Email,1776,No,False
INC-11909,2026-07-06 07:35:04.291966,15,Chat,874,N,True
INC-11910,2026-06-15 07:26:04.291966,27,Voice,602,N,False
INC-11911,2026-08-21 11:17:04.291966,46,Voice,664,No,True
INC-11912,2026-04-30 18:21:04.291966,50,Email,1756,No,True
INC-11913,2026-05-16 13:38:04.291966,7,Chat,1006,No,True
INC-11914,2026-05-04 20:37:04.291966,3,Email,1598,No,True
INC-11915,2026-04-03 03:01:04.291966,29,Voice,583,N,True
INC-11916,2026-03-24 10:08:04.291966,44,Voice,490,No,False
INC-11917,2026-09-11 00:29:04.291966,24,Chat,1096,Yes,True
INC-11918,2026-07-11 13:06:04.291966,3,Email,1684,No,True
INC-11919,2026-07-22 08:09:04.291966,20,Voice,436,No,True
INC-11920,2026-03-25 10:54:04.291966,46,Email,1768,No,True
INC-11921,2026-07-29 10:57:04.291966,15,Chat,918,Yes,False
INC-11922,2026-09-16 04:27:04.291966,25,Voice,467,No,True
INC-11923,2026-03-26 00:56:04.291966,30,Voice,422,No,True
INC-11924,2026-04-23 20:11:04.291966,14,Voice,499,N,True
INC-11925,2026-05-03 11:52:04.291966,7,Chat,1099,No,True
INC-11926,2026-04-22 17:01:04.291966,17,Voice,586,No,True
INC-11927,2026-06-26 06:36:04.291966,44,Voice,522,Yes,True
INC-11928,2026-05-28 00:06:04.291966,20,Email,1679,Yes,True
INC-11929,2026-05-06 23:25:04.291966,36,Voice,632,No,False
INC-11930,2026-08-16 23:42:04.291966,9,Voice,462,No,True
INC-11931,2026-06-26 17:17:04.291966,38,Voice,346,No,True
INC-11932,2026-07-30 21:54:04.291966,48,Chat,1160,No,True
INC-11933,2026-05-16 00:29:04.291966,22,Chat,794,No,True
INC-11934,2026-04-04 14:13:04.291966,2,Voice,397,No,True
INC-11935,2026-08-21 06:28:04.291966,24,Chat,540,Y,True
INC-11936,2026-04-15 21:35:04.291966,8,Chat,1014,Yes,True
INC-11937,2026-07-03 02:33:04.291966,11,Voice,285,No,False
INC-11938,2026-04-25 15:13:04.291966,13,Voice,389,No,True
INC-11939,2026-06-23 04:13:04.291966,17,Voice,550,N,True
INC-11940,2026-06-23 23:25:04.291966,8,Voice,566,Y,False
INC-11941,2026-07-17 17:27:04.291966,21,Chat,769,N,True
INC-11942,2026-06-07 10:40:04.291966,18,Chat,873,Yes,True
INC-11943,2026-08-04 02:31:04.291966,30,Voice,375,No,True
INC-11944,2026-04-07 02:00:04.291966,18,Voice,414,No,False
INC-11945,2026-06-09 11:20:04.291966,46,Voice,511,N,True
INC-11946,2026-07-27 04:18:04.291966,47,Chat,799,No,True
INC-11947,2026-08-28 12:30:04.291966,31,Voice,450,N,True
INC-11948,2026-09-07 00:26:04.291966,38,Chat,607,No,True
INC-11949,2026-07-16 05:59:04.291966,32,Voice,615,No,False
INC-11950,2026-09-01 09:07:04.291966,11,Chat,1002,No,True
INC-11951,2026-05-07 23:05:04.291966,45,Email,1737,No,True
INC-11952,2026-05-06 21:59:04.291966,25,Voice,634,No,True
INC-11953,2026-05-05 17:57:04.291966,33,Voice,380,No,True
INC-11954,2026-07-02 05:35:04.291966,38,Email,1392,No,True
INC-11955,2026-05-01 20:04:04.291966,41,Voice,252,No,True
INC-11956,2026-07-02 07:32:04.291966,8,Chat,1528,No,True
INC-11957,2026-04-05 11:07:04.291966,11,Voice,462,No,False
INC-11958,2026-09-13 11:26:04.291966,22,Chat,1107,,True
INC-11959,2026-03-27 05:41:04.291966,24,Voice,331,No,True
INC-11960,2026-09-06 22:12:04.291966,41,Email,1798,No,True
INC-11961,2026-05-07 04:41:04.291966,17,Chat,1271,No,True
INC-11962,2026-03-22 15:41:04.291966,12,Chat,887,No,True
INC-11963,2026-08-26 18:11:04.291966,46,Chat,697,Yes,True
INC-11964,2026-09-07 02:56:04.291966,32,Chat,872,No,False
INC-11965,2026-06-22 10:05:04.291966,15,Voice,212,No,False
INC-11966,2026-06-27 03:02:04.291966,16,Email,1488,No,True
INC-11967,2026-07-02 17:18:04.291966,22,Email,1746,No,True
INC-11968,2026-04-17 17:55:04.291966,28,Voice,475,N,False
INC-11969,2026-05-12 05:50:04.291966,20,Email,1414,No,True
INC-11970,2026-08-25 14:06:04.291966,33,Chat,1005,No,True
INC-11971,2026-08-04 08:35:04.291966,10,Chat,1020,,True
INC-11972,2026-08-10 18:57:04.291966,40,Voice,280,No,False
INC-11973,2026-07-02 21:19:04.291966,32,Voice,490,No,True
INC-11974,2026-06-06 19:20:04.291966,50,Voice,772,No,False
INC-11975,2026-07-03 14:04:04.291966,33,Voice,319,No,False
INC-11976,2026-04-17 10:22:04.291966,2,Chat,882,No,True
INC-11977,2026-03-24 13:43:04.291966,33,Voice,713,,False
INC-11978,2026-06-12 04:48:04.291966,33,Voice,612,No,False
INC-11979,2026-05-29 09:30:04.291966,41,Email,1345,No,True
INC-11980,2026-08-25 02:10:04.291966,13,Voice,504,N,True
INC-11981,2026-07-10 08:08:04.291966,30,Voice,479,,True
INC-11982,2026-05-13 11:46:04.291966,33,Voice,390,No,True
INC-11983,2026-05-10 03:44:04.291966,13,Voice,471,No,True
INC-11984,2026-05-24 23:39:04.291966,26,Chat,844,No,True
INC-11985,2026-04-24 01:29:04.291966,22,Chat,922,No,False
INC-11986,2026-04-18 10:39:04.291966,39,Chat,750,No,False
INC-11987,2026-05-04 23:57:04.291966,2,Voice,326,No,True
INC-11988,2026-08-12 16:26:04.291966,38,Chat,891,No,True
INC-11989,2026-04-04 08:52:04.291966,39,Voice,685,No,True
INC-11990,2026-05-05 07:34:04.291966,26,Voice,489,No,True
INC-11991,2026-08-28 10:50:04.291966,46,Voice,440,No,True
INC-11992,2026-06-24 01:49:04.291966,50,Voice,570,No,True
INC-11993,2026-05-13 10:50:04.291966,15,Voice,461,,True
INC-11994,2026-03-30 21:35:04.291966,34,Voice,704,No,True
INC-11995,2026-04-18 16:49:04.291966,42,Email,1498,No,False
INC-11996,2026-04-03 16:46:04.291966,44,Voice,564,N,True
INC-11997,2026-04-08 01:20:04.291966,49,Voice,389,No,True
INC-11998,2026-08-05 10:41:04.291966,40,Voice,540,No,True
INC-11999,2026-04-05 20:55:04.291966,11,Chat,955,No,True
INC-12000,2026-07-25 16:24:04.291966,3,Voice,473,No,True
INC-12001,2026-08-23 14:17:04.291966,6,Email,1349,No,True
INC-12002,2026-05-25 17:10:04.291966,9,Email,1308,,True
INC-12003,2026-08-26 14:09:04.291966,6,Voice,513,No,True
INC-12004,2026-09-07 04:58:04.291966,9,Voice,555,No,True
INC-12005,2026-06-29 22:38:04.291966,39,Voice,464,No,True
INC-12006,2026-09-07 11:56:04.291966,31,Chat,957,No,True
INC-12007,2026-04-27 17:51:04.291966,32,Voice,475,No,True
INC-12008,2026-06-10 13:21:04.291966,41,Voice,491,No,True
INC-12009,2026-04-28 13:57:04.291966,50,Voice,455,Yes,True
INC-12010,2026-06-18 13:55:04.291966,12,Chat,903,No,True
INC-12011,2026-09-13 09:48:04.291966,8,Voice,803,No,False
INC-12012,2026-05-24 20:39:04.291966,8,Voice,517,,False
INC-12013,2026-05-15 00:23:04.291966,50,Chat,1029,No,True
INC-12014,2026-05-08 10:36:04.291966,28,Chat,987,No,True
INC-12015,2026-07-23 12:47:04.291966,20,Email,1421,Yes,True
INC-12016,2026-03-20 11:21:04.291966,47,Voice,635,No,False
INC-12017,2026-07-29 16:57:04.291966,7,Chat,841,No,True
INC-12018,2026-06-09 00:49:04.291966,11,Chat,1111,No,True
INC-12019,2026-07-26 00:10:04.291966,20,Voice,439,N,True
INC-12020,2026-04-13 01:30:04.291966,16,Chat,708,No,True
INC-12021,2026-08-26 20:10:04.291966,4,Voice,523,N,True
INC-12022,2026-08-18 15:19:04.291966,6,Email,1168,,False
INC-12023,2026-07-17 12:25:04.291966,22,Voice,544,No,True
INC-12024,2026-07-11 00:37:04.291966,26,Chat,661,No,True
INC-12025,2026-07-25 10:07:04.291966,3,Voice,441,No,False
INC-12026,2026-04-24 11:33:04.291966,41,Email,1070,No,True
INC-12027,2026-07-05 04:41:04.291966,42,Voice,818,Y,True
INC-12028,2026-08-06 04:22:04.291966,14,Email,1003,No,True
INC-12029,2026-05-20 10:33:04.291966,11,Email,1502,No,True
INC-12030,2026-07-08 06:26:04.291966,18,Voice,617,Yes,True
INC-12031,2026-07-30 11:58:04.291966,12,Email,1810,No,True
INC-12032,2026-08-26 12:52:04.291966,23,Email,1755,No,True
INC-12033,2026-06-27 16:07:04.291966,12,Voice,441,No,True
INC-12034,2026-04-10 20:06:04.291966,13,Voice,642,No,True
INC-12035,2026-05-11 00:57:04.291966,25,Chat,1082,No,True
INC-12036,2026-08-09 20:27:04.291966,45,Voice,505,,True
INC-12037,2026-09-07 00:42:04.291966,19,Voice,508,No,True
INC-12038,2026-05-01 00:52:04.291966,46,Voice,443,,True
INC-12039,2026-06-21 09:04:04.291966,36,Voice,370,No,True
INC-12040,2026-06-13 18:43:04.291966,45,Voice,628,No,True
INC-12041,2026-03-22 01:47:04.291966,8,Voice,637,No,True
INC-12042,2026-06-11 19:28:04.291966,29,Email,1234,No,True
INC-12043,2026-08-02 05:54:04.291966,32,Chat,869,Yes,True
INC-12044,2026-09-16 10:31:04.291966,44,Voice,462,No,True
INC-12045,2026-05-11 07:59:04.291966,18,Chat,893,N,True
INC-12046,2026-05-03 03:39:04.291966,6,Chat,912,No,False
INC-12047,2026-07-14 18:29:04.291966,18,Email,1784,,True
INC-12048,2026-09-05 01:51:04.291966,19,Voice,390,No,True
INC-12049,2026-07-01 20:25:04.291966,22,Voice,378,,True
INC-12050,2026-04-13 16:11:04.291966,37,Email,1870,No,False
INC-12051,2026-07-19 13:18:04.291966,32,Email,1361,No,True
INC-12052,2026-04-22 21:14:04.291966,41,Chat,647,No,True
INC-12053,2026-03-20 18:50:04.291966,3,Chat,802,N,True
INC-12054,2026-03-28 05:52:04.291966,28,Voice,440,No,True
INC-12055,2026-07-23 02:50:04.291966,10,Chat,1210,No,True
INC-12056,2026-07-20 18:29:04.291966,35,Voice,590,Yes,True
INC-12057,2026-06-30 08:15:04.291966,29,Voice,617,No,True
INC-12058,2026-06-24 02:45:04.291966,15,Email,1745,Y,True
INC-12059,2026-06-28 02:43:04.291966,33,Voice,593,No,True
INC-12060,2026-08-06 06:30:04.291966,7,Voice,397,No,True
INC-12061,2026-03-26 09:49:04.291966,12,Email,1440,Yes,True
INC-12062,2026-03-28 11:53:04.291966,49,Voice,361,N,True
INC-12063,2026-06-26 03:57:04.291966,30,Email,1436,,False
INC-12064,2026-08-21 21:19:04.291966,21,Email,1705,No,True
INC-12065,2026-04-13 11:40:04.291966,31,Chat,926,No,True
INC-12066,2026-05-26 20:12:04.291966,24,Voice,637,No,True
INC-12067,2026-04-19 05:57:04.291966,20,Voice,343,Yes,True
INC-12068,2026-07-09 10:50:04.291966,37,Voice,540,No,True
INC-12069,2026-06-18 17:04:04.291966,4,Voice,330,No,False
INC-12070,2026-04-21 17:46:04.291966,28,Voice,491,No,True
INC-12071,2026-09-13 15:55:04.291966,44,Email,1722,Yes,True
INC-12072,2026-08-21 14:45:04.291966,20,Voice,454,Yes,True
INC-12073,2026-06-13 15:34:04.291966,24,Chat,1010,Yes,True
INC-12074,2026-05-25 10:44:04.291966,50,Voice,364,No,True
INC-12075,2026-06-25 15:13:04.291966,49,Chat,567,No,True
INC-12076,2026-05-23 23:40:04.291966,32,Email,1667,No,True
INC-12077,2026-08-14 04:41:04.291966,41,Voice,689,No,True
INC-12078,2026-07-03 20:02:04.291966,36,Voice,360,N,True
INC-12079,2026-06-14 17:14:04.291966,34,Chat,1144,No,False
INC-12080,2026-09-11 15:30:04.291966,36,Chat,908,No,True
INC-12081,2026-07-28 05:07:04.291966,2,Chat,632,No,True
INC-12082,2026-09-15 19:04:04.291966,15,Voice,344,Yes,True
INC-12083,2026-08-28 03:50:04.291966,34,Voice,481,No,True
INC-12084,2026-05-31 19:37:04.291966,36,Email,1378,No,True
INC-12085,2026-05-10 16:07:04.291966,6,Email,1106,No,True
INC-12086,2026-09-03 00:17:04.291966,39,Voice,276,No,True
INC-12087,2026-05-21 12:32:04.291966,42,Email,1245,,True
INC-12088,2026-09-11 17:41:04.291966,12,Voice,503,No,True
INC-12089,2026-04-18 00:56:04.291966,3,Voice,479,No,True
INC-12090,2026-06-14 00:41:04.291966,45,Voice,419,Yes,True
INC-12091,2026-03-22 20:39:04.291966,18,Voice,504,No,False
INC-12092,2026-03-29 18:01:04.291966,40,Chat,1108,No,True
INC-12093,2026-05-27 12:40:04.291966,21,Voice,527,No,False
INC-12094,2026-08-15 16:11:04.291966,15,Voice,465,No,True
INC-12095,2026-04-07 21:24:04.291966,33,Chat,1085,No,True
INC-12096,2026-07-06 01:54:04.291966,35,Chat,708,No,True
INC-12097,2026-03-28 02:42:04.291966,26,Chat,855,No,True
INC-12098,2026-06-23 21:06:04.291966,8,Email,1439,Yes,True
INC-12099,2026-03-27 20:56:04.291966,36,Voice,331,No,False
INC-12100,2026-03-27 14:17:04.291966,48,Chat,816,No,True
INC-12101,2026-04-21 19:56:04.291966,30,Chat,485,No,True
INC-12102,2026-09-03 02:38:04.291966,23,Chat,1282,No,True
INC-12103,2026-07-12 21:17:04.291966,42,Voice,367,,True
INC-12104,2026-03-26 02:07:04.291966,44,Voice,670,No,True
INC-12105,2026-08-28 13:57:04.291966,14,Email,1511,No,True
INC-12106,2026-04-30 16:45:04.291966,14,Voice,547,No,True
INC-12107,2026-05-29 18:39:04.291966,2,Email,1353,Yes,True
INC-12108,2026-04-21 17:16:04.291966,37,Chat,941,No,True
INC-12109,2026-06-19 04:13:04.291966,5,Chat,1030,No,False
INC-12110,2026-03-22 21:57:04.291966,38,Email,1699,No,True
INC-12111,2026-09-06 05:21:04.291966,45,Chat,1054,No,True
INC-12112,2026-06-10 19:17:04.291966,41,Voice,435,No,True
INC-12113,2026-04-26 05:26:04.291966,47,Chat,803,Y,True
INC-12114,2026-03-28 02:01:04.291966,14,Email,1021,No,True
INC-12115,2026-09-06 06:09:04.291966,39,Voice,542,Y,True
INC-12116,2026-08-09 22:36:04.291966,25,Voice,609,No,True
INC-12117,2026-06-05 03:21:04.291966,20,Voice,673,No,True
INC-12118,2026-04-11 09:08:04.291966,2,Email,1591,,True
INC-12119,2026-03-25 04:28:04.291966,39,Voice,388,,True
INC-12120,2026-07-08 01:33:04.291966,6,Chat,560,No,False
INC-12121,2026-03-27 19:04:04.291966,17,Voice,605,No,True
INC-12122,2026-07-18 23:26:04.291966,25,Voice,264,No,True
INC-12123,2026-08-27 23:03:04.291966,28,Chat,831,No,True
INC-12124,2026-08-15 15:58:04.291966,2,Voice,453,No,True
INC-12125,2026-07-30 22:14:04.291966,35,Chat,886,No,True
INC-12126,2026-04-26 21:31:04.291966,37,Chat,907,No,False
INC-12127,2026-05-12 18:22:04.291966,5,Email,1541,No,True
INC-12128,2026-03-21 06:46:04.291966,1,Voice,190,No,False
INC-12129,2026-06-18 09:44:04.291966,40,Email,1504,No,True
INC-12130,2026-08-17 23:48:04.291966,12,Chat,454,Yes,True
INC-12131,2026-08-19 20:34:04.291966,36,Email,1719,No,True
INC-12132,2026-07-18 12:12:04.291966,45,Voice,413,No,True
INC-12133,2026-07-22 01:58:04.291966,23,Chat,468,No,True
INC-12134,2026-07-17 09:58:04.291966,47,Email,1255,No,True
INC-12135,2026-03-21 05:28:04.291966,31,Email,1328,No,False
INC-12136,2026-08-09 10:02:04.291966,11,Voice,622,No,True
INC-12137,2026-06-06 15:46:04.291966,10,Voice,503,No,True
INC-12138,2026-09-06 11:46:04.291966,3,Voice,521,N,True
INC-12139,2026-06-29 10:56:04.291966,14,Voice,621,No,True
INC-12140,2026-03-25 08:22:04.291966,16,Voice,468,No,True
INC-12141,2026-03-24 11:21:04.291966,10,Voice,570,No,True
INC-12142,2026-05-02 13:08:04.291966,29,Email,1705,No,True
INC-12143,2026-05-28 13:10:04.291966,10,Voice,325,No,True
INC-12144,2026-07-19 15:46:04.291966,12,Chat,1194,N,True
INC-12145,2026-05-21 13:27:04.291966,30,Voice,309,No,True
INC-12146,2026-04-23 08:59:04.291966,41,Voice,590,No,True
INC-12147,2026-04-02 10:54:04.291966,1,Voice,297,No,True
INC-12148,2026-07-23 03:44:04.291966,5,Voice,552,No,True
INC-12149,2026-05-19 01:28:04.291966,20,Chat,1272,N,True
INC-12150,2026-03-22 22:11:04.291966,8,Email,1436,No,True
INC-12151,2026-05-05 16:25:04.291966,43,Voice,449,Yes,True
INC-12152,2026-04-07 06:58:04.291966,12,Voice,553,No,True
INC-12153,2026-05-30 12:44:04.291966,1,Voice,440,No,True
INC-12154,2026-09-12 13:28:04.291966,20,Email,2045,Yes,True
INC-12155,2026-06-08 23:53:04.291966,28,Chat,938,No,True
INC-12156,2026-05-15 06:14:04.291966,43,Chat,835,No,True
INC-12157,2026-06-20 03:44:04.291966,37,Chat,791,No,True
INC-12158,2026-05-01 23:27:04.291966,47,Email,1220,Yes,False
INC-12159,2026-05-21 18:19:04.291966,37,Voice,404,,False
INC-12160,2026-04-19 09:08:04.291966,12,Voice,437,No,True
INC-12161,2026-03-25 11:15:04.291966,37,Email,1353,No,True
INC-12162,2026-03-26 05:12:04.291966,49,Chat,768,No,True
INC-12163,2026-04-30 23:09:04.291966,49,Chat,1319,No,True
INC-12164,2026-08-01 17:18:04.291966,44,Chat,693,No,False
INC-12165,2026-09-15 16:31:04.291966,28,Voice,497,No,True
INC-12166,2026-04-16 21:43:04.291966,47,Chat,1018,No,True
INC-12167,2026-09-16 15:45:04.291966,15,Chat,1026,No,False
INC-12168,2026-05-26 09:07:04.291966,6,Voice,472,No,True
INC-12169,2026-09-13 20:46:04.291966,44,Chat,851,No,True
INC-12170,2026-04-24 19:26:04.291966,20,Email,1635,No,True
INC-12171,2026-06-16 08:02:04.291966,50,Voice,511,Yes,True
INC-12172,2026-06-01 11:12:04.291966,14,Voice,448,Y,True
INC-12173,2026-08-04 14:48:04.291966,2,Voice,292,No,True
INC-12174,2026-04-12 15:06:04.291966,9,Chat,806,No,True
INC-12175,2026-04-17 07:27:04.291966,37,Voice,342,Yes,True
INC-12176,2026-09-05 06:47:04.291966,20,Chat,766,No,True
INC-12177,2026-04-04 11:18:04.291966,26,Email,1509,No,True
INC-12178,2026-07-06 13:46:04.291966,29,Voice,523,No,True
INC-12179,2026-07-25 14:43:04.291966,1,Email,2034,No,True
INC-12180,2026-04-17 06:11:04.291966,35,Email,1338,No,True
INC-12181,2026-04-14 16:24:04.291966,6,Voice,572,,True
INC-12182,2026-07-21 00:20:04.291966,37,Voice,516,No,True
INC-12183,2026-07-10 01:25:04.291966,5,Email,1888,No,True
INC-12184,2026-05-12 00:51:04.291966,33,Email,1672,No,True
INC-12185,2026-07-31 19:18:04.291966,49,Voice,358,Yes,True
INC-12186,2026-06-28 22:21:04.291966,14,Voice,273,No,True
INC-12187,2026-05-25 03:21:04.291966,12,Voice,517,No,True
INC-12188,2026-07-06 18:44:04.291966,42,Email,1341,No,True
INC-12189,2026-07-03 07:30:04.291966,20,Voice,362,No,True
INC-12190,2026-04-20 18:42:04.291966,50,Chat,646,No,False
INC-12191,2026-07-08 05:52:04.291966,24,Email,1548,,True
INC-12192,2026-06-10 17:36:04.291966,43,Voice,660,No,False
INC-12193,2026-07-04 00:14:04.291966,34,Chat,818,No,True
INC-12194,2026-03-23 20:34:04.291966,25,Voice,550,Y,False
INC-12195,2026-05-17 12:31:04.291966,50,Email,1469,,True
INC-12196,2026-06-19 16:42:04.291966,29,Voice,325,No,False
INC-12197,2026-09-16 13:25:04.291966,39,Chat,1046,No,True
INC-12198,2026-07-09 06:13:04.291966,31,Chat,681,No,True
INC-12199,2026-07-19 06:44:04.291966,47,Voice,482,No,True
INC-12200,2026-06-27 18:56:04.291966,43,Voice,439,No,False
INC-12201,2026-07-14 06:22:04.291966,50,Voice,587,No,True
INC-12202,2026-08-15 10:36:04.291966,23,Voice,353,No,True
INC-12203,2026-07-30 01:16:04.291966,44,Email,1617,No,True
INC-12204,2026-08-01 05:49:04.291966,38,Email,1248,No,True
INC-12205,2026-06-28 01:22:04.291966,20,Voice,418,No,False
INC-12206,2026-06-03 15:51:04.291966,23,Chat,172,No,True
INC-12207,2026-06-09 00:38:04.291966,45,Chat,1318,Y,True
INC-12208,2026-04-28 10:04:04.291966,16,Email,1665,,True
INC-12209,2026-07-27 20:24:04.291966,50,Voice,387,No,True
INC-12210,2026-05-13 22:36:04.291966,42,Voice,345,Yes,False
INC-12211,2026-08-30 13:06:04.291966,8,Voice,420,No,True
INC-12212,2026-06-22 00:52:04.291966,50,Chat,1043,Yes,True
INC-12213,2026-08-12 17:19:04.291966,21,Voice,252,No,True
INC-12214,2026-09-16 01:34:04.291966,1,Voice,463,No,True
INC-12215,2026-06-22 18:14:04.291966,8,Voice,692,No,True
INC-12216,2026-05-26 07:49:04.291966,29,Chat,673,No,True
INC-12217,2026-04-17 21:57:04.291966,32,Voice,489,N,True
INC-12218,2026-07-29 01:33:04.291966,38,Voice,744,No,False
INC-12219,2026-08-03 00:14:04.291966,5,Voice,555,No,True
INC-12220,2026-04-13 01:58:04.291966,47,Voice,495,No,True
INC-12221,2026-08-22 07:37:04.291966,22,Chat,1001,No,True
INC-12222,2026-06-19 19:41:04.291966,47,Voice,431,No,True
INC-12223,2026-04-21 17:03:04.291966,34,Voice,635,No,True
INC-12224,2026-09-04 14:47:04.291966,1,Chat,820,No,True
INC-12225,2026-09-15 17:16:04.291966,26,Voice,244,No,True
INC-12226,2026-05-04 01:09:04.291966,43,Voice,433,No,True
INC-12227,2026-06-15 05:02:04.291966,10,Email,1209,N,True
INC-12228,2026-04-08 05:11:04.291966,30,Voice,446,No,True
INC-12229,2026-07-24 22:52:04.291966,50,Voice,448,No,True
INC-12230,2026-09-07 12:25:04.291966,18,Voice,623,N,True
INC-12231,2026-07-06 12:59:04.291966,17,Voice,563,No,True
INC-12232,2026-07-20 10:18:04.291966,26,Chat,952,No,False
INC-12233,2026-08-12 00:35:04.291966,8,Chat,899,No,False
INC-12234,2026-05-27 17:23:04.291966,47,Chat,688,Yes,True
INC-12235,2026-08-20 23:09:04.291966,40,Voice,218,Yes,True
INC-12236,2026-07-10 03:15:04.291966,49,Voice,493,No,True
INC-12237,2026-06-15 17:23:04.291966,12,Email,1738,No,True
INC-12238,2026-03-20 14:32:04.291966,27,Email,1467,No,False
INC-12239,2026-08-10 08:19:04.291966,8,Voice,415,No,True
INC-12240,2026-07-18 06:19:04.291966,25,Voice,535,Y,False
INC-12241,2026-03-31 14:19:04.291966,46,Voice,470,No,False
INC-12242,2026-04-18 07:38:04.291966,4,Voice,682,No,True
INC-12243,2026-04-12 05:54:04.291966,33,Voice,627,Yes,True
INC-12244,2026-04-17 19:40:04.291966,1,Voice,595,No,True
INC-12245,2026-05-05 16:14:04.291966,19,Chat,1051,No,True
INC-12246,2026-09-04 23:10:04.291966,31,Chat,641,No,True
INC-12247,2026-05-20 13:41:04.291966,16,Voice,559,No,True
INC-12248,2026-04-09 22:36:04.291966,14,Voice,525,No,True
INC-12249,2026-07-24 02:52:04.291966,48,Email,1681,No,False
INC-12250,2026-08-07 09:40:04.291966,5,Voice,539,No,False
INC-12251,2026-06-01 20:21:04.291966,41,Chat,990,No,True
INC-12252,2026-07-05 20:02:04.291966,26,Voice,804,No,False
INC-12253,2026-07-30 07:10:04.291966,28,Chat,884,No,True
INC-12254,2026-05-06 02:33:04.291966,2,Voice,592,N,True
INC-12255,2026-03-29 02:17:04.291966,50,Voice,423,No,True
INC-12256,2026-05-16 07:41:04.291966,6,Voice,574,N,False
INC-12257,2026-08-07 05:06:04.291966,9,Voice,592,Yes,True
INC-12258,2026-06-01 12:09:04.291966,33,Voice,523,Yes,True
INC-12259,2026-09-04 16:57:04.291966,41,Chat,1233,No,True
INC-12260,2026-07-30 01:59:04.291966,25,Voice,373,No,True
INC-12261,2026-07-21 14:03:04.291966,48,Voice,421,No,True
INC-12262,2026-08-24 16:55:04.291966,13,Chat,942,No,False
INC-12263,2026-05-18 19:40:04.291966,9,Chat,1076,No,True
INC-12264,2026-03-29 11:45:04.291966,13,Email,1553,No,True
INC-12265,2026-07-20 10:24:04.291966,31,Chat,1157,No,True
INC-12266,2026-05-25 22:15:04.291966,41,Voice,400,No,False
INC-12267,2026-09-12 23:25:04.291966,11,Chat,671,,True
INC-12268,2026-04-30 16:38:04.291966,4,Email,1592,No,True
INC-12269,2026-08-28 11:59:04.291966,34,Email,1476,No,True
INC-12270,2026-04-21 06:10:04.291966,38,Voice,545,No,True
INC-12271,2026-07-31 16:50:04.291966,46,Voice,476,N,False
INC-12272,2026-07-14 04:40:04.291966,4,Voice,439,No,True
INC-12273,2026-08-17 15:35:04.291966,38,Chat,885,No,True
INC-12274,2026-03-22 11:47:04.291966,19,Chat,905,No,True
INC-12275,2026-04-04 01:26:04.291966,6,Chat,839,No,True
INC-12276,2026-04-18 18:11:04.291966,34,Voice,455,N,True
INC-12277,2026-07-13 17:45:04.291966,18,Chat,819,No,False
INC-12278,2026-05-10 11:17:04.291966,13,Email,1756,No,True
INC-12279,2026-03-23 17:08:04.291966,41,Voice,503,No,True
INC-12280,2026-07-24 00:36:04.291966,23,Chat,1351,No,True
INC-12281,2026-09-12 05:55:04.291966,19,Voice,499,,True
INC-12282,2026-06-28 05:03:04.291966,45,Email,1334,,True
INC-12283,2026-05-17 13:48:04.291966,11,Email,2301,No,True
INC-12284,2026-05-11 03:36:04.291966,1,Chat,982,No,True
INC-12285,2026-06-13 20:21:04.291966,24,Chat,1098,No,True
INC-12286,2026-08-01 19:43:04.291966,7,Email,1677,No,True
INC-12287,2026-09-09 11:41:04.291966,25,Voice,554,Y,True
INC-12288,2026-07-25 07:02:04.291966,21,Voice,544,No,True
INC-12289,2026-07-28 02:06:04.291966,15,Chat,679,No,True
INC-12290,2026-06-17 02:47:04.291966,1,Voice,524,Yes,True
INC-12291,2026-05-20 05:52:04.291966,12,Voice,321,No,True
INC-12292,2026-08-31 18:30:04.291966,7,Email,1447,N,True
INC-12293,2026-07-30 13:57:04.291966,15,Chat,754,Yes,True
INC-12294,2026-05-23 21:21:04.291966,21,Voice,522,No,False
INC-12295,2026-09-12 04:33:04.291966,19,Voice,520,No,True
INC-12296,2026-05-31 18:53:04.291966,29,Voice,537,No,True
INC-12297,2026-09-05 14:17:04.291966,25,Voice,514,No,True
INC-12298,2026-07-24 14:37:04.291966,33,Voice,407,No,True
INC-12299,2026-04-25 04:23:04.291966,49,Chat,847,No,True
INC-12300,2026-04-29 07:43:04.291966,32,Voice,590,No,True
INC-12301,2026-08-03 01:21:04.291966,49,Voice,608,,False
INC-12302,2026-05-11 07:10:04.291966,35,Voice,342,,True
INC-12303,2026-08-03 02:13:04.291966,44,Email,1040,No,True
INC-12304,2026-06-21 17:21:04.291966,38,Voice,392,No,True
INC-12305,2026-08-27 12:31:04.291966,26,Voice,605,,True
INC-12306,2026-07-09 06:58:04.291966,11,Voice,625,No,True
INC-12307,2026-04-24 08:09:04.291966,35,Chat,715,No,True
INC-12308,2026-07-08 16:54:04.291966,8,Chat,961,No,True
INC-12309,2026-04-02 22:24:04.291966,46,Voice,700,,True
INC-12310,2026-04-19 08:29:04.291966,14,Voice,529,No,True
INC-12311,2026-06-24 04:46:04.291966,10,Voice,650,No,True
INC-12312,2026-08-12 06:27:04.291966,2,Chat,1099,No,True
INC-12313,2026-06-27 02:24:04.291966,46,Chat,717,Yes,True
INC-12314,2026-05-05 12:54:04.291966,9,Voice,457,No,True
INC-12315,2026-05-08 23:06:04.291966,3,Voice,484,,True
INC-12316,2026-03-25 06:22:04.291966,21,Voice,492,No,False
INC-12317,2026-07-21 03:37:04.291966,26,Voice,589,Yes,True
INC-12318,2026-04-07 18:30:04.291966,8,Chat,981,,True
INC-12319,2026-04-21 13:37:04.291966,48,Voice,127,No,True
INC-12320,2026-08-12 15:41:04.291966,2,Voice,322,No,True
INC-12321,2026-08-10 10:15:04.291966,6,Voice,217,No,False
INC-12322,2026-07-08 19:50:04.291966,28,Email,1552,No,True
INC-12323,2026-07-29 21:58:04.291966,29,Email,1572,No,False
INC-12324,2026-09-02 19:39:04.291966,26,Voice,513,,True
INC-12325,2026-05-22 19:47:04.291966,25,Voice,364,Yes,False
INC-12326,2026-08-27 16:32:04.291966,12,Voice,560,No,True
INC-12327,2026-06-25 07:23:04.291966,5,Voice,565,No,True
INC-12328,2026-07-27 16:35:04.291966,34,Voice,329,No,True
INC-12329,2026-07-05 08:04:04.291966,48,Chat,606,No,True
INC-12330,2026-04-08 04:33:04.291966,37,Chat,899,N,True
INC-12331,2026-08-17 08:03:04.291966,15,Email,2037,No,True
INC-12332,2026-06-20 12:42:04.291966,44,Voice,683,No,True
INC-12333,2026-06-07 00:13:04.291966,36,Email,1669,No,True
INC-12334,2026-06-02 22:25:04.291966,15,Chat,754,Yes,True
INC-12335,2026-03-19 20:41:04.291966,43,Voice,586,Yes,True
INC-12336,2026-08-21 14:50:04.291966,48,Voice,425,Yes,True
INC-12337,2026-09-04 07:24:04.291966,23,Voice,387,No,True
INC-12338,2026-05-20 07:40:04.291966,6,Voice,222,No,True
INC-12339,2026-05-22 11:09:04.291966,46,Voice,492,Y,False
INC-12340,2026-07-17 17:16:04.291966,50,Chat,774,No,True
INC-12341,2026-04-10 00:43:04.291966,44,Voice,491,No,True
INC-12342,2026-08-11 06:45:04.291966,43,Email,810,No,False
INC-12343,2026-09-02 04:46:04.291966,45,Voice,500,No,True
INC-12344,2026-07-25 04:29:04.291966,21,Email,770,N,True
INC-12345,2026-05-06 10:44:04.291966,23,Voice,610,No,True
INC-12346,2026-06-06 10:16:04.291966,43,Chat,1004,No,True
INC-12347,2026-07-20 15:48:04.291966,16,Voice,446,No,True
INC-12348,2026-07-13 11:38:04.291966,47,Voice,547,Yes,True
INC-12349,2026-04-29 20:31:04.291966,15,Email,1206,Yes,False
INC-12350,2026-08-13 13:29:04.291966,25,Voice,488,No,True
INC-12351,2026-05-21 17:50:04.291966,36,Chat,1058,No,True
INC-12352,2026-05-20 08:56:04.291966,11,Chat,281,Yes,True
INC-12353,2026-05-05 20:49:04.291966,15,Voice,426,No,True
INC-12354,2026-04-02 23:00:04.291966,4,Voice,477,No,True
INC-12355,2026-04-16 22:48:04.291966,21,Chat,860,No,True
INC-12356,2026-08-17 18:23:04.291966,13,Voice,654,No,True
INC-12357,2026-04-11 02:19:04.291966,22,Chat,675,No,True
INC-12358,2026-05-07 11:18:04.291966,19,Email,1313,No,True
INC-12359,2026-07-25 04:01:04.291966,34,Voice,250,No,True
INC-12360,2026-04-15 15:53:04.291966,14,Voice,661,No,True
INC-12361,2026-05-31 13:54:04.291966,4,Chat,850,No,True
INC-12362,2026-08-24 18:30:04.291966,48,Voice,427,No,True
INC-12363,2026-05-13 19:10:04.291966,46,Voice,473,N,True
INC-12364,2026-06-05 12:05:04.291966,27,Voice,556,No,True
INC-12365,2026-08-04 06:00:04.291966,29,Chat,969,No,True
INC-12366,2026-07-26 22:18:04.291966,47,Voice,797,Yes,True
INC-12367,2026-04-29 05:26:04.291966,28,Voice,534,N,True
INC-12368,2026-05-11 21:50:04.291966,35,Chat,806,No,True
INC-12369,2026-04-25 15:19:04.291966,8,Voice,412,No,False
INC-12370,2026-07-22 01:54:04.291966,16,Voice,432,No,False
INC-12371,2026-04-02 23:37:04.291966,42,Email,1049,N,False
INC-12372,2026-08-27 13:40:04.291966,36,Chat,907,No,True
INC-12373,2026-08-08 10:09:04.291966,30,Email,1735,No,True
INC-12374,2026-04-29 06:24:04.291966,18,Voice,406,No,False
INC-12375,2026-06-30 22:38:04.291966,2,Chat,738,No,True
INC-12376,2026-05-14 16:09:04.291966,49,Voice,661,Yes,True
INC-12377,2026-08-29 06:27:04.291966,13,Voice,308,No,True
INC-12378,2026-06-11 01:32:04.291966,4,Voice,231,N,True
INC-12379,2026-08-05 17:36:04.291966,26,Voice,341,No,True
INC-12380,2026-07-12 20:28:04.291966,25,Email,1037,No,True
INC-12381,2026-08-18 13:52:04.291966,30,Voice,526,No,False
INC-12382,2026-09-04 21:09:04.291966,11,Chat,827,N,True
INC-12383,2026-05-13 10:00:04.291966,7,Chat,856,N,True
INC-12384,2026-05-31 10:28:04.291966,31,Chat,1130,No,True
INC-12385,2026-03-23 19:45:04.291966,44,Voice,397,No,True
INC-12386,2026-03-19 19:38:04.291966,10,Chat,1055,No,True
INC-12387,2026-08-21 10:42:04.291966,39,Voice,661,No,True
INC-12388,2026-04-07 16:54:04.291966,13,Voice,425,No,True
INC-12389,2026-09-14 09:25:04.291966,31,Email,1721,No,True
INC-12390,2026-03-22 19:27:04.291966,7,Voice,450,No,True
INC-12391,2026-07-15 06:11:04.291966,49,Voice,590,No,True
INC-12392,2026-08-01 01:12:04.291966,42,Email,1028,No,False
INC-12393,2026-08-12 01:56:04.291966,42,Voice,282,No,True
INC-12394,2026-04-29 17:37:04.291966,36,Chat,821,No,True
INC-12395,2026-07-04 10:37:04.291966,20,Voice,373,,True
INC-12396,2026-07-06 07:22:04.291966,4,Voice,417,No,True
INC-12397,2026-03-21 06:30:04.291966,7,Voice,453,N,True
INC-12398,2026-06-18 18:08:04.291966,1,Voice,566,No,True
INC-12399,2026-04-14 10:24:04.291966,44,Voice,431,No,False
INC-12400,2026-08-18 10:28:04.291966,45,Chat,735,No,True
INC-12401,2026-06-16 10:27:04.291966,42,Chat,829,No,False
INC-12402,2026-05-29 12:35:04.291966,47,Email,1269,No,True
INC-12403,2026-06-25 02:34:04.291966,13,Voice,367,No,True
INC-12404,2026-05-14 17:33:04.291966,22,Chat,577,,True
INC-12405,2026-04-07 16:59:04.291966,21,Chat,913,No,True
INC-12406,2026-08-11 14:07:04.291966,22,Email,1329,No,True
INC-12407,2026-08-21 22:59:04.291966,28,Voice,595,No,True
INC-12408,2026-07-29 06:19:04.291966,9,Chat,610,No,True
INC-12409,2026-04-09 10:28:04.291966,26,Email,1337,Yes,True
INC-12410,2026-05-31 21:01:04.291966,9,Voice,697,No,False
INC-12411,2026-05-16 20:18:04.291966,15,Email,1218,No,True
INC-12412,2026-06-08 12:19:04.291966,10,Voice,451,No,True
INC-12413,2026-08-29 13:14:04.291966,24,Chat,656,No,True
INC-12414,2026-08-22 01:52:04.291966,42,Email,1095,No,True
INC-12415,2026-08-05 14:41:04.291966,8,Chat,1209,No,True
INC-12416,2026-06-26 11:38:04.291966,24,Voice,500,No,True
INC-12417,2026-03-26 05:27:04.291966,16,Voice,496,,True
INC-12418,2026-04-02 04:17:04.291966,49,Email,991,No,True
INC-12419,2026-04-22 07:11:04.291966,26,Voice,523,Yes,True
INC-12420,2026-09-03 01:34:04.291966,27,Voice,618,,True
INC-12421,2026-06-06 06:52:04.291966,37,Chat,1129,No,True
INC-12422,2026-07-13 11:30:04.291966,4,Voice,560,No,True
INC-12423,2026-05-26 07:57:04.291966,50,Voice,344,No,True
INC-12424,2026-05-27 22:00:04.291966,24,Voice,517,Y,True
INC-12425,2026-03-29 01:54:04.291966,19,Voice,560,No,True
INC-12426,2026-08-08 11:31:04.291966,36,Chat,541,No,True
INC-12427,2026-07-01 01:23:04.291966,39,Chat,675,No,True
INC-12428,2026-04-02 07:09:04.291966,10,Chat,1077,No,True
INC-12429,2026-06-25 18:25:04.291966,25,Email,1762,No,True
INC-12430,2026-05-14 07:45:04.291966,18,Email,1035,No,True
INC-12431,2026-05-17 12:04:04.291966,19,Chat,1059,Yes,True
INC-12432,2026-07-05 20:19:04.291966,36,Voice,491,No,True
INC-12433,2026-03-26 22:44:04.291966,10,Chat,1056,No,True
INC-12434,2026-05-04 11:49:04.291966,33,Voice,403,No,True
INC-12435,2026-03-25 05:26:04.291966,50,Chat,1029,No,True
INC-12436,2026-04-16 16:45:04.291966,5,Chat,1068,No,False
INC-12437,2026-04-21 05:20:04.291966,47,Voice,437,No,True
INC-12438,2026-07-12 21:03:04.291966,49,Email,1505,No,True
INC-12439,2026-07-29 02:11:04.291966,35,Voice,402,No,True
INC-12440,2026-06-22 05:48:04.291966,44,Chat,1230,No,False
INC-12441,2026-04-20 11:38:04.291966,34,Voice,465,No,True
INC-12442,2026-06-28 13:10:04.291966,33,Email,1223,N,True
INC-12443,2026-05-25 21:53:04.291966,21,Voice,394,No,True
INC-12444,2026-07-18 06:54:04.291966,17,Voice,495,No,True
INC-12445,2026-09-05 04:58:04.291966,22,Voice,570,No,True
INC-12446,2026-05-25 02:23:04.291966,48,Voice,319,No,True
INC-12447,2026-04-06 18:27:04.291966,37,Voice,701,No,True
INC-12448,2026-08-25 02:17:04.291966,15,Chat,961,No,True
INC-12449,2026-06-22 03:41:04.291966,35,Voice,535,,True
INC-12450,2026-06-08 08:52:04.291966,28,Voice,468,N,True
INC-12451,2026-05-12 00:40:04.291966,7,Voice,482,Yes,True
INC-12452,2026-03-28 04:27:04.291966,32,Email,1455,No,True
INC-12453,2026-04-24 06:08:04.291966,11,Chat,1103,No,True
INC-12454,2026-09-11 17:10:04.291966,10,Chat,898,No,True
INC-12455,2026-06-01 05:24:04.291966,9,Chat,1053,No,False
INC-12456,2026-04-03 06:05:04.291966,14,Voice,427,No,True
INC-12457,2026-04-14 14:31:04.291966,13,Voice,503,No,True
INC-12458,2026-03-24 15:49:04.291966,25,Voice,383,No,True
INC-12459,2026-06-20 01:35:04.291966,2,Email,1864,,True
INC-12460,2026-07-29 07:28:04.291966,35,Email,1249,No,True
INC-12461,2026-07-31 02:26:04.291966,7,Voice,441,No,False
INC-12462,2026-09-14 07:42:04.291966,21,Voice,442,No,True
INC-12463,2026-03-25 13:23:04.291966,18,Voice,437,Y,True
INC-12464,2026-07-11 01:06:04.291966,3,Voice,566,Y,False
INC-12465,2026-05-24 01:14:04.291966,42,Chat,836,No,True
INC-12466,2026-08-10 08:11:04.291966,39,Voice,647,N,True
INC-12467,2026-04-13 01:51:04.291966,41,Email,1254,No,True
INC-12468,2026-08-26 20:36:04.291966,49,Voice,500,Yes,True
INC-12469,2026-04-01 12:32:04.291966,11,Email,1267,No,True
INC-12470,2026-08-22 11:20:04.291966,39,Chat,984,No,True
INC-12471,2026-06-12 03:26:04.291966,24,Chat,896,No,True
INC-12472,2026-05-28 01:26:04.291966,46,Chat,868,No,True
INC-12473,2026-07-22 03:22:04.291966,19,Chat,1137,Yes,False
INC-12474,2026-08-15 20:08:04.291966,4,Chat,769,No,True
INC-12475,2026-04-14 17:24:04.291966,26,Chat,1017,No,True
INC-12476,2026-05-21 22:27:04.291966,38,Chat,746,No,True
INC-12477,2026-04-19 02:47:04.291966,42,Email,1533,Yes,False
INC-12478,2026-07-30 06:33:04.291966,32,Chat,660,Yes,True
INC-12479,2026-07-15 22:52:04.291966,39,Chat,767,No,True
INC-12480,2026-06-12 20:11:04.291966,45,Email,1475,N,False
INC-12481,2026-07-15 18:15:04.291966,46,Voice,697,No,True
INC-12482,2026-05-06 00:03:04.291966,36,Voice,492,No,True
INC-12483,2026-05-04 18:44:04.291966,40,Voice,678,No,True
INC-12484,2026-04-11 07:09:04.291966,37,Chat,944,,False
INC-12485,2026-05-05 04:19:04.291966,33,Email,1383,No,True
INC-12486,2026-03-30 14:26:04.291966,36,Voice,664,Y,True
INC-12487,2026-08-08 19:49:04.291966,3,Chat,987,No,True
INC-12488,2026-04-07 11:07:04.291966,9,Chat,771,,True
INC-12489,2026-04-18 03:35:04.291966,8,Voice,536,No,True
INC-12490,2026-07-30 10:57:04.291966,33,Chat,841,,True
INC-12491,2026-07-28 20:31:04.291966,6,Email,903,No,True
INC-12492,2026-08-02 19:55:04.291966,41,Voice,592,,True
INC-12493,2026-04-18 02:44:04.291966,39,Chat,1118,No,True
INC-12494,2026-08-15 09:13:04.291966,4,Chat,1267,No,True
INC-12495,2026-04-15 00:56:04.291966,13,Voice,530,No,True
INC-12496,2026-05-05 11:06:04.291966,49,Voice,450,No,True
INC-12497,2026-08-31 08:54:04.291966,2,Email,1750,No,True
INC-12498,2026-04-01 03:30:04.291966,5,Voice,581,No,False
INC-12499,2026-04-24 11:47:04.291966,44,Voice,676,No,True
INC-12500,2026-07-29 14:06:04.291966,27,Voice,474,N,True
INC-12501,2026-05-10 15:40:04.291966,32,Chat,866,Yes,True
INC-12502,2026-07-21 22:51:04.291966,21,Chat,756,No,True
INC-12503,2026-08-25 18:59:04.291966,8,Chat,1007,Y,True
INC-12504,2026-03-31 08:49:04.291966,38,Voice,294,No,True
INC-12505,2026-06-16 08:54:04.291966,8,Email,1732,No,True
INC-12506,2026-05-11 06:17:04.291966,50,Voice,550,N,True
INC-12507,2026-07-30 07:43:04.291966,3,Voice,550,No,True
INC-12508,2026-06-14 07:52:04.291966,44,Voice,496,No,True
INC-12509,2026-04-16 23:10:04.291966,3,Voice,663,,True
INC-12510,2026-08-18 14:35:04.291966,22,Email,1761,Y,False
INC-12511,2026-08-13 04:11:04.291966,6,Email,1317,No,True
INC-12512,2026-05-17 07:02:04.291966,2,Voice,409,Yes,True
INC-12513,2026-07-23 07:39:04.291966,23,Email,1236,No,False
INC-12514,2026-08-18 03:14:04.291966,44,Chat,1010,No,True
INC-12515,2026-04-29 18:20:04.291966,2,Email,1199,No,True
INC-12516,2026-04-27 07:04:04.291966,38,Voice,610,No,False
INC-12517,2026-07-22 04:36:04.291966,17,Chat,1164,Yes,True
INC-12518,2026-05-12 00:25:04.291966,35,Voice,374,No,True
INC-12519,2026-05-08 22:21:04.291966,34,Email,1444,No,False
INC-12520,2026-06-16 23:44:04.291966,23,Voice,481,Y,True
INC-12521,2026-08-03 15:43:04.291966,30,Chat,1076,N,True
INC-12522,2026-08-08 20:25:04.291966,8,Voice,673,No,True
INC-12523,2026-06-23 11:20:04.291966,22,Voice,277,No,True
INC-12524,2026-04-21 09:46:04.291966,44,Chat,836,No,True
INC-12525,2026-06-28 07:01:04.291966,36,Email,1420,No,True
INC-12526,2026-04-22 01:48:04.291966,5,Chat,619,No,True
INC-12527,2026-04-28 16:59:04.291966,13,Email,1354,No,True
INC-12528,2026-06-04 22:58:04.291966,29,Voice,531,Yes,True
INC-12529,2026-07-10 21:03:04.291966,31,Chat,844,No,True
INC-12530,2026-08-21 13:04:04.291966,47,Voice,294,No,True
INC-12531,2026-06-17 22:04:04.291966,16,Voice,824,Yes,True
INC-12532,2026-08-26 19:36:04.291966,42,Chat,953,No,True
INC-12533,2026-09-03 03:11:04.291966,30,Chat,922,No,False
INC-12534,2026-04-12 07:33:04.291966,16,Chat,680,No,True
INC-12535,2026-08-15 02:30:04.291966,12,Chat,952,No,True
INC-12536,2026-05-21 12:34:04.291966,17,Chat,867,No,False
INC-12537,2026-05-12 21:38:04.291966,16,Voice,253,,True
INC-12538,2026-07-08 05:06:04.291966,12,Voice,351,No,True
INC-12539,2026-09-10 23:12:04.291966,8,Chat,1058,No,True
INC-12540,2026-08-25 23:45:04.291966,20,Voice,713,N,True
INC-12541,2026-08-01 11:06:04.291966,3,Voice,524,No,True
INC-12542,2026-05-06 21:15:04.291966,16,Voice,612,No,True
INC-12543,2026-08-10 15:19:04.291966,30,Chat,868,No,True
INC-12544,2026-04-16 04:40:04.291966,45,Voice,469,No,True
INC-12545,2026-09-07 07:23:04.291966,23,Chat,1118,No,True
INC-12546,2026-06-08 17:17:04.291966,28,Chat,1232,Yes,True
INC-12547,2026-04-09 08:50:04.291966,40,Voice,636,Y,True
INC-12548,2026-09-09 06:57:04.291966,5,Chat,686,Yes,True
INC-12549,2026-04-19 08:07:04.291966,20,Chat,886,N,True
INC-12550,2026-05-15 11:08:04.291966,40,Chat,955,N,True
INC-12551,2026-05-29 10:35:04.291966,44,Chat,848,,True
INC-12552,2026-06-16 00:37:04.291966,1,Voice,526,No,True
INC-12553,2026-06-11 01:07:04.291966,30,Chat,1064,No,True
INC-12554,2026-05-24 05:15:04.291966,21,Voice,600,No,True
INC-12555,2026-05-29 05:40:04.291966,20,Email,2005,No,True
INC-12556,2026-05-06 08:42:04.291966,6,Email,1401,N,True
INC-12557,2026-05-09 17:07:04.291966,22,Chat,627,No,True
INC-12558,2026-05-22 14:52:04.291966,18,Voice,522,No,True
INC-12559,2026-07-23 23:03:04.291966,8,Voice,706,N,False
INC-12560,2026-07-02 11:57:04.291966,39,Voice,422,Yes,True
INC-12561,2026-07-28 09:05:04.291966,32,Voice,562,No,True
INC-12562,2026-04-11 10:37:04.291966,33,Voice,563,No,True
INC-12563,2026-07-23 00:47:04.291966,16,Chat,938,No,True
INC-12564,2026-03-20 12:18:04.291966,12,Voice,480,No,True
INC-12565,2026-04-10 20:04:04.291966,38,Email,1222,No,True
INC-12566,2026-09-02 04:45:04.291966,34,Voice,206,N,True
INC-12567,2026-04-27 08:51:04.291966,14,Email,1166,No,True
INC-12568,2026-06-13 17:03:04.291966,36,Email,1382,No,True
INC-12569,2026-04-13 06:44:04.291966,33,Chat,1119,No,True
INC-12570,2026-05-18 21:05:04.291966,23,Chat,879,No,True
INC-12571,2026-09-08 13:12:04.291966,50,Voice,417,No,True
INC-12572,2026-03-21 23:21:04.291966,45,Chat,721,Yes,False
INC-12573,2026-06-17 16:27:04.291966,2,Voice,558,Yes,True
INC-12574,2026-09-09 10:21:04.291966,41,Voice,643,No,True
INC-12575,2026-03-27 02:07:04.291966,21,Chat,1112,No,True
INC-12576,2026-05-21 02:04:04.291966,2,Voice,552,No,True
INC-12577,2026-04-11 16:40:04.291966,27,Chat,604,No,True
INC-12578,2026-07-23 03:02:04.291966,9,Voice,437,No,True
INC-12579,2026-04-02 05:52:04.291966,1,Voice,713,No,True
INC-12580,2026-04-06 01:13:04.291966,11,Voice,614,Y,True
INC-12581,2026-08-14 19:11:04.291966,3,Voice,295,No,True
INC-12582,2026-04-08 07:48:04.291966,23,Voice,473,No,True
INC-12583,2026-04-27 05:44:04.291966,26,Voice,523,,True
INC-12584,2026-05-11 07:39:04.291966,4,Voice,388,No,True
INC-12585,2026-04-22 21:02:04.291966,18,Email,807,,True
INC-12586,2026-07-29 10:16:04.291966,6,Voice,491,No,True
INC-12587,2026-07-09 08:52:04.291966,35,Chat,742,Y,True
INC-12588,2026-08-01 21:44:04.291966,22,Voice,385,No,True
INC-12589,2026-07-15 04:12:04.291966,43,Email,1393,Yes,True
INC-12590,2026-09-09 04:33:04.291966,15,Voice,463,,True
INC-12591,2026-03-20 05:16:04.291966,22,Voice,478,,True
INC-12592,2026-09-03 09:22:04.291966,37,Chat,723,No,True
INC-12593,2026-07-25 11:03:04.291966,42,Voice,453,,False
INC-12594,2026-07-16 02:51:04.291966,12,Chat,548,No,True
INC-12595,2026-08-24 10:13:04.291966,47,Voice,517,No,True
INC-12596,2026-05-16 04:59:04.291966,49,Email,643,No,True
INC-12597,2026-05-31 10:26:04.291966,42,Voice,445,No,False
INC-12598,2026-07-25 05:04:04.291966,38,Voice,590,No,True
INC-12599,2026-03-26 05:32:04.291966,18,Chat,688,No,True
INC-12600,2026-06-04 07:02:04.291966,45,Voice,565,Yes,True
INC-12601,2026-07-25 06:18:04.291966,35,Email,1846,No,True
INC-12602,2026-08-05 11:30:04.291966,30,Voice,83,No,False
INC-12603,2026-05-22 18:04:04.291966,24,Chat,869,No,True
INC-12604,2026-08-08 18:23:04.291966,42,Voice,134,No,True
INC-12605,2026-04-27 06:59:04.291966,30,Email,1464,No,True
INC-12606,2026-06-17 10:40:04.291966,14,Chat,898,No,True
INC-12607,2026-06-29 21:38:04.291966,6,Voice,182,No,True
INC-12608,2026-05-27 17:09:04.291966,3,Voice,710,No,False
INC-12609,2026-08-06 00:24:04.291966,16,Voice,514,No,False
INC-12610,2026-06-12 08:43:04.291966,7,Email,1245,No,False
INC-12611,2026-04-04 10:53:04.291966,14,Voice,655,No,True
INC-12612,2026-06-25 03:52:04.291966,9,Voice,264,No,True
INC-12613,2026-05-25 01:15:04.291966,15,Voice,332,N,True
INC-12614,2026-04-20 22:15:04.291966,21,Voice,204,Yes,True
INC-12615,2026-08-12 06:28:04.291966,35,Chat,1260,No,True
INC-12616,2026-07-24 15:38:04.291966,2,Email,1599,No,True
INC-12617,2026-06-09 05:19:04.291966,27,Chat,1031,Yes,False
INC-12618,2026-09-01 00:46:04.291966,2,Email,1590,No,True
INC-12619,2026-08-28 12:49:04.291966,35,Chat,1014,No,True
INC-12620,2026-08-29 02:40:04.291966,18,Voice,489,No,True
INC-12621,2026-05-11 09:50:04.291966,14,Voice,512,,True
INC-12622,2026-09-15 15:07:04.291966,20,Chat,921,Yes,True
INC-12623,2026-08-15 07:57:04.291966,18,Email,1317,No,True
INC-12624,2026-07-02 21:49:04.291966,10,Email,1486,No,True
INC-12625,2026-06-25 01:03:04.291966,25,Voice,512,No,True
INC-12626,2026-07-13 23:57:04.291966,2,Voice,493,No,True
INC-12627,2026-09-04 10:37:04.291966,25,Voice,302,N,False
INC-12628,2026-06-22 21:55:04.291966,33,Email,1096,Yes,True
INC-12629,2026-09-15 12:20:04.291966,36,Email,1824,No,True
INC-12630,2026-07-01 08:57:04.291966,31,Chat,838,No,True
INC-12631,2026-04-03 07:20:04.291966,14,Voice,550,No,True
INC-12632,2026-05-19 11:07:04.291966,1,Chat,681,No,True
INC-12633,2026-05-16 21:38:04.291966,46,Voice,303,No,True
INC-12634,2026-08-21 05:28:04.291966,16,Voice,378,Yes,True
INC-12635,2026-07-06 07:48:04.291966,46,Chat,855,No,True
INC-12636,2026-09-04 06:01:04.291966,3,Voice,400,No,True
INC-12637,2026-03-20 11:01:04.291966,35,Voice,635,No,False
INC-12638,2026-08-30 08:45:04.291966,41,Email,1553,No,True
INC-12639,2026-07-13 21:53:04.291966,6,Chat,1269,No,True
INC-12640,2026-03-27 05:35:04.291966,25,Voice,528,No,True
INC-12641,2026-06-23 01:34:04.291966,13,Chat,417,N,True
INC-12642,2026-09-11 00:43:04.291966,34,Voice,606,No,True
INC-12643,2026-06-18 09:56:04.291966,8,Chat,598,No,True
INC-12644,2026-04-25 06:16:04.291966,21,Chat,946,,True
INC-12645,2026-03-19 22:12:04.291966,34,Chat,745,No,True
INC-12646,2026-05-27 10:09:04.291966,4,Chat,1328,No,False
INC-12647,2026-06-24 02:20:04.291966,25,Voice,652,No,True
INC-12648,2026-08-04 04:08:04.291966,15,Voice,390,No,True
INC-12649,2026-09-06 20:07:04.291966,4,Voice,464,,True
INC-12650,2026-09-15 03:09:04.291966,45,Voice,509,No,True
INC-12651,2026-04-28 04:12:04.291966,12,Chat,1072,No,True
INC-12652,2026-07-05 02:36:04.291966,32,Voice,483,,True
INC-12653,2026-05-15 13:02:04.291966,32,Voice,357,No,True
INC-12654,2026-05-06 00:13:04.291966,28,Voice,393,Yes,True
INC-12655,2026-06-29 00:26:04.291966,13,Email,1498,No,False
INC-12656,2026-05-01 02:56:04.291966,31,Voice,628,No,False
INC-12657,2026-03-27 03:36:04.291966,14,Chat,985,No,True
INC-12658,2026-04-06 17:34:04.291966,20,Voice,387,No,True
INC-12659,2026-05-30 02:34:04.291966,18,Voice,557,N,True
INC-12660,2026-05-25 23:42:04.291966,29,Voice,433,No,True
INC-12661,2026-06-27 08:06:04.291966,6,Chat,1078,No,True
INC-12662,2026-09-14 01:25:04.291966,32,Chat,1405,No,False
INC-12663,2026-08-14 01:26:04.291966,29,Email,1392,No,True
INC-12664,2026-08-16 07:00:04.291966,43,Voice,576,No,True
INC-12665,2026-04-22 14:32:04.291966,2,Voice,390,,True
INC-12666,2026-04-13 15:19:04.291966,23,Email,1466,No,True
INC-12667,2026-08-26 18:38:04.291966,19,Voice,483,No,True
INC-12668,2026-03-20 00:46:04.291966,31,Chat,861,No,True
INC-12669,2026-05-22 04:48:04.291966,5,Chat,1392,No,True
INC-12670,2026-04-06 06:20:04.291966,19,Voice,443,Yes,True
INC-12671,2026-06-13 02:33:04.291966,34,Chat,1017,No,True
INC-12672,2026-06-09 09:32:04.291966,10,Voice,248,No,True
INC-12673,2026-04-13 03:11:04.291966,25,Voice,531,No,True
INC-12674,2026-03-31 19:00:04.291966,2,Voice,617,No,True
INC-12675,2026-09-14 10:22:04.291966,11,Email,1341,Y,True
INC-12676,2026-06-24 06:38:04.291966,50,Voice,178,N,True
INC-12677,2026-08-27 01:55:04.291966,31,Chat,892,N,True
INC-12678,2026-04-10 23:46:04.291966,15,Email,1505,No,True
INC-12679,2026-06-23 16:56:04.291966,9,Chat,1044,N,True
INC-12680,2026-05-17 00:41:04.291966,23,Chat,1302,No,True
INC-12681,2026-06-22 16:02:04.291966,19,Voice,434,No,False
INC-12682,2026-06-13 07:45:04.291966,9,Voice,377,No,True
INC-12683,2026-05-23 22:12:04.291966,35,Voice,339,Yes,True
INC-12684,2026-06-28 09:49:04.291966,21,Chat,939,No,False
INC-12685,2026-03-26 11:41:04.291966,9,Email,1643,No,True
INC-12686,2026-08-21 14:38:04.291966,28,Email,1336,No,True
INC-12687,2026-06-20 07:57:04.291966,46,Email,1733,No,True
INC-12688,2026-04-07 05:44:04.291966,7,Email,1639,No,True
INC-12689,2026-07-24 03:20:04.291966,16,Voice,485,No,True
INC-12690,2026-05-15 15:04:04.291966,16,Chat,719,N,True
INC-12691,2026-08-30 06:35:04.291966,33,Email,1355,No,True
INC-12692,2026-08-26 20:19:04.291966,4,Voice,188,Yes,False
INC-12693,2026-09-12 18:51:04.291966,4,Email,1570,No,True
INC-12694,2026-03-22 04:45:04.291966,39,Voice,483,No,True
INC-12695,2026-06-29 06:03:04.291966,40,Chat,937,No,True
INC-12696,2026-08-05 21:29:04.291966,17,Chat,1000,No,True
INC-12697,2026-06-17 20:28:04.291966,37,Email,1615,No,False
INC-12698,2026-06-05 06:00:04.291966,39,Voice,466,No,True
INC-12699,2026-06-24 02:46:04.291966,29,Chat,909,No,True
INC-12700,2026-03-31 17:54:04.291966,36,Chat,619,No,True
INC-12701,2026-07-31 18:54:04.291966,38,Voice,409,,True
INC-12702,2026-04-21 10:30:04.291966,39,Chat,910,No,True
INC-12703,2026-05-18 00:46:04.291966,50,Chat,752,Yes,True
INC-12704,2026-04-01 00:12:04.291966,37,Chat,1072,,False
INC-12705,2026-06-20 21:28:04.291966,35,Voice,400,No,True
INC-12706,2026-07-03 12:46:04.291966,7,Voice,505,No,True
INC-12707,2026-05-13 21:08:04.291966,27,Chat,923,No,True
INC-12708,2026-08-05 14:30:04.291966,28,Voice,569,No,True
INC-12709,2026-09-09 18:07:04.291966,22,Voice,588,No,False
INC-12710,2026-07-16 18:55:04.291966,14,Email,1708,No,False
INC-12711,2026-09-02 11:05:04.291966,7,Chat,478,Y,True
INC-12712,2026-04-14 02:24:04.291966,37,Chat,1138,Y,True
INC-12713,2026-07-29 21:12:04.291966,22,Voice,663,No,True
INC-12714,2026-07-11 11:27:04.291966,5,Voice,422,No,True
INC-12715,2026-05-04 14:19:04.291966,2,Voice,508,N,True
INC-12716,2026-06-01 17:52:04.291966,27,Voice,373,No,True
INC-12717,2026-08-23 11:27:04.291966,21,Chat,510,No,True
INC-12718,2026-08-09 01:45:04.291966,38,Chat,752,No,True
INC-12719,2026-09-02 07:01:04.291966,15,Voice,415,No,True
INC-12720,2026-05-12 11:12:04.291966,21,Voice,437,No,True
INC-12721,2026-05-31 15:49:04.291966,10,Voice,364,No,True
INC-12722,2026-09-03 01:17:04.291966,23,Voice,391,No,False
INC-12723,2026-09-03 03:00:04.291966,39,Voice,478,N,True
INC-12724,2026-07-26 14:24:04.291966,5,Email,1268,No,True
INC-12725,2026-05-11 21:15:04.291966,1,Chat,1008,No,True
INC-12726,2026-08-22 12:44:04.291966,13,Chat,1036,No,True
INC-12727,2026-07-09 10:44:04.291966,21,Voice,765,No,True
INC-12728,2026-08-28 11:46:04.291966,26,Email,1837,No,True
INC-12729,2026-04-16 00:31:04.291966,50,Chat,948,No,True
INC-12730,2026-05-31 14:57:04.291966,45,Chat,775,No,True
INC-12731,2026-04-08 19:04:04.291966,21,Voice,515,No,False
INC-12732,2026-05-09 05:37:04.291966,18,Email,1597,No,False
INC-12733,2026-09-08 23:45:04.291966,37,Email,1346,,True
INC-12734,2026-07-12 15:17:04.291966,45,Email,1735,No,True
INC-12735,2026-08-26 00:53:04.291966,32,Voice,312,No,True
INC-12736,2026-08-20 00:55:04.291966,36,Voice,450,No,True
INC-12737,2026-04-29 19:32:04.291966,17,Voice,546,No,True
INC-12738,2026-04-28 21:47:04.291966,35,Voice,445,No,True
INC-12739,2026-07-11 12:44:04.291966,49,Email,1437,No,False
INC-12740,2026-07-04 11:43:04.291966,11,Voice,463,No,True
INC-12741,2026-04-23 18:56:04.291966,21,Voice,379,No,True
INC-12742,2026-03-24 16:18:04.291966,26,Voice,620,No,True
INC-12743,2026-05-27 10:24:04.291966,4,Voice,357,No,True
INC-12744,2026-07-04 09:28:04.291966,34,Voice,518,No,True
INC-12745,2026-09-04 11:43:04.291966,48,Chat,982,No,True
INC-12746,2026-09-08 19:04:04.291966,18,Chat,710,No,True
INC-12747,2026-03-30 06:16:04.291966,40,Voice,488,No,False
INC-12748,2026-06-03 00:53:04.291966,35,Voice,370,No,False
INC-12749,2026-08-02 08:29:04.291966,41,Voice,646,No,True
INC-12750,2026-04-14 08:59:04.291966,29,Voice,343,No,True
INC-12751,2026-06-16 23:33:04.291966,29,Chat,769,No,True
INC-12752,2026-05-03 21:33:04.291966,38,Chat,655,No,False
INC-12753,2026-07-28 23:30:04.291966,42,Chat,628,N,True
INC-12754,2026-06-06 00:58:04.291966,21,Chat,1218,No,True
INC-12755,2026-04-27 23:24:04.291966,42,Voice,545,No,True
INC-12756,2026-09-02 16:09:04.291966,13,Email,1542,No,False
INC-12757,2026-06-07 13:39:04.291966,49,Email,1303,No,True
INC-12758,2026-09-10 23:14:04.291966,41,Email,1772,N,True
INC-12759,2026-04-14 00:06:04.291966,17,Voice,381,No,True
INC-12760,2026-06-13 08:38:04.291966,9,Email,1738,No,False
INC-12761,2026-08-18 10:03:04.291966,41,Email,1238,No,True
INC-12762,2026-07-10 04:02:04.291966,1,Email,1306,No,True
INC-12763,2026-06-12 21:49:04.291966,2,Voice,570,No,True
INC-12764,2026-08-06 07:48:04.291966,48,Chat,1072,Yes,True
INC-12765,2026-08-21 23:48:04.291966,29,Email,1679,No,False
INC-12766,2026-05-29 01:11:04.291966,33,Chat,690,N,False
INC-12767,2026-07-13 17:35:04.291966,10,Chat,810,,True
INC-12768,2026-07-23 13:41:04.291966,50,Email,1547,No,True
INC-12769,2026-03-28 06:38:04.291966,40,Voice,378,No,True
INC-12770,2026-08-14 00:27:04.291966,21,Chat,1174,N,False
INC-12771,2026-07-20 08:32:04.291966,28,Voice,191,Yes,True
INC-12772,2026-08-24 14:09:04.291966,11,Email,1266,No,True
INC-12773,2026-07-28 00:54:04.291966,34,Voice,418,N,True
INC-12774,2026-08-15 21:03:04.291966,8,Chat,331,No,True
INC-12775,2026-05-25 13:19:04.291966,22,Chat,620,N,True
INC-12776,2026-08-05 03:43:04.291966,8,Chat,1025,No,True
INC-12777,2026-06-01 12:08:04.291966,49,Chat,906,Yes,True
INC-12778,2026-08-30 01:52:04.291966,15,Email,1971,No,False
INC-12779,2026-03-27 02:31:04.291966,17,Email,1963,No,True
INC-12780,2026-07-03 12:07:04.291966,23,Voice,531,No,True
INC-12781,2026-07-14 20:37:04.291966,24,Voice,517,No,True
INC-12782,2026-05-07 02:22:04.291966,45,Voice,487,No,True
INC-12783,2026-08-11 14:30:04.291966,19,Voice,161,No,True
INC-12784,2026-05-14 20:47:04.291966,5,Chat,621,Yes,True
INC-12785,2026-08-16 21:38:04.291966,32,Email,1530,No,True
INC-12786,2026-07-30 16:27:04.291966,44,Email,1684,No,False
INC-12787,2026-05-22 03:13:04.291966,1,Voice,514,No,True
INC-12788,2026-07-06 01:13:04.291966,23,Voice,372,No,True
INC-12789,2026-04-02 15:56:04.291966,37,Chat,1087,No,True
INC-12790,2026-05-22 23:26:04.291966,8,Chat,1196,Yes,True
INC-12791,2026-07-29 22:22:04.291966,13,Voice,592,N,False
INC-12792,2026-04-02 02:36:04.291966,8,Email,1796,No,True
INC-12793,2026-07-19 05:40:04.291966,23,Email,1332,No,True
INC-12794,2026-06-11 21:11:04.291966,43,Voice,609,No,True
INC-12795,2026-07-05 20:10:04.291966,1,Email,1543,Yes,True
INC-12796,2026-08-11 21:20:04.291966,45,Voice,541,Yes,True
INC-12797,2026-05-09 09:00:04.291966,24,Chat,973,No,True
INC-12798,2026-04-24 19:56:04.291966,35,Voice,465,Yes,True
INC-12799,2026-05-15 18:24:04.291966,24,Voice,376,,False
INC-12800,2026-07-01 18:10:04.291966,17,Email,1475,N,True
INC-12801,2026-05-04 01:34:04.291966,5,Voice,598,No,True
INC-12802,2026-04-17 12:25:04.291966,20,Chat,811,Yes,True
INC-12803,2026-05-13 03:50:04.291966,21,Voice,587,No,True
INC-12804,2026-03-28 07:25:04.291966,40,Voice,568,No,True
INC-12805,2026-09-13 16:01:04.291966,31,Voice,444,No,False
INC-12806,2026-06-04 06:09:04.291966,46,Voice,646,No,True
INC-12807,2026-07-22 14:15:04.291966,36,Chat,828,No,True
INC-12808,2026-09-06 00:56:04.291966,11,Voice,661,No,True
INC-12809,2026-05-31 21:36:04.291966,15,Chat,986,N,True
INC-12810,2026-05-15 03:33:04.291966,19,Chat,896,N,False
INC-12811,2026-07-17 09:10:04.291966,7,Chat,722,No,True
INC-12812,2026-08-17 23:28:04.291966,28,Voice,469,No,True
INC-12813,2026-07-16 14:19:04.291966,43,Email,1438,No,True
INC-12814,2026-04-07 00:32:04.291966,5,Voice,329,No,True
INC-12815,2026-09-06 19:29:04.291966,5,Voice,453,N,True
INC-12816,2026-04-22 21:48:04.291966,30,Voice,383,No,True
INC-12817,2026-09-03 14:52:04.291966,32,Voice,550,No,True
INC-12818,2026-08-22 04:47:04.291966,8,Voice,636,No,True
INC-12819,2026-06-22 09:47:04.291966,10,Chat,654,N,True
INC-12820,2026-05-18 05:52:04.291966,38,Voice,685,No,True
INC-12821,2026-04-05 02:45:04.291966,47,Voice,464,No,False
INC-12822,2026-04-08 07:04:04.291966,32,Chat,704,N,True
INC-12823,2026-07-10 14:52:04.291966,48,Voice,570,No,True
INC-12824,2026-09-13 14:16:04.291966,28,Voice,426,No,True
INC-12825,2026-07-26 14:25:04.291966,17,Voice,470,No,True
INC-12826,2026-04-25 17:33:04.291966,31,Chat,819,N,False
INC-12827,2026-07-19 15:58:04.291966,8,Voice,381,No,True
INC-12828,2026-08-27 17:15:04.291966,40,Voice,566,No,True
INC-12829,2026-08-03 04:38:04.291966,25,Chat,842,Yes,True
INC-12830,2026-05-30 03:11:04.291966,9,Chat,612,No,True
INC-12831,2026-06-09 01:01:04.291966,2,Chat,1010,No,True
INC-12832,2026-05-20 21:39:04.291966,15,Email,1138,No,True
INC-12833,2026-06-02 22:34:04.291966,50,Voice,341,No,True
INC-12834,2026-07-18 12:31:04.291966,3,Voice,623,Yes,True
INC-12835,2026-09-13 11:57:04.291966,49,Voice,336,,True
INC-12836,2026-08-18 07:56:04.291966,36,Voice,202,Yes,True
INC-12837,2026-09-06 10:12:04.291966,4,Voice,554,No,True
INC-12838,2026-05-08 10:19:04.291966,14,Voice,443,No,False
INC-12839,2026-09-12 13:29:04.291966,41,Chat,856,No,True
INC-12840,2026-04-05 08:20:04.291966,41,Chat,837,Yes,True
INC-12841,2026-09-16 11:54:04.291966,25,Voice,507,No,False
INC-12842,2026-06-11 02:21:04.291966,50,Chat,749,No,True
INC-12843,2026-04-25 11:27:04.291966,10,Voice,657,,True
INC-12844,2026-05-04 22:01:04.291966,21,Voice,302,No,True
INC-12845,2026-06-14 06:14:04.291966,36,Chat,988,Yes,True
INC-12846,2026-05-10 18:00:04.291966,12,Voice,557,Yes,True
INC-12847,2026-04-12 22:41:04.291966,27,Voice,388,No,True
INC-12848,2026-04-02 15:05:04.291966,40,Voice,357,No,True
INC-12849,2026-08-31 04:41:04.291966,2,Email,1805,No,True
INC-12850,2026-05-21 21:46:04.291966,13,Chat,701,,True
INC-12851,2026-05-02 15:59:04.291966,32,Voice,407,No,True
INC-12852,2026-04-04 04:15:04.291966,31,Email,1766,No,True
INC-12853,2026-03-20 00:28:04.291966,16,Chat,906,Y,True
INC-12854,2026-06-14 20:34:04.291966,32,Chat,540,No,True
INC-12855,2026-07-11 08:26:04.291966,32,Email,2024,No,True
INC-12856,2026-04-20 04:04:04.291966,34,Voice,416,No,True
INC-12857,2026-05-28 07:08:04.291966,11,Voice,431,,True
INC-12858,2026-07-06 07:16:04.291966,10,Chat,951,No,True
INC-12859,2026-07-01 07:44:04.291966,15,Chat,1025,No,False
INC-12860,2026-09-04 17:14:04.291966,17,Chat,1292,No,True
INC-12861,2026-05-03 00:08:04.291966,40,Chat,567,No,True
INC-12862,2026-04-30 21:42:04.291966,18,Email,1747,No,True
INC-12863,2026-04-01 02:29:04.291966,9,Email,1722,No,True
INC-12864,2026-07-29 23:21:04.291966,25,Email,1458,No,True
INC-12865,2026-04-28 14:27:04.291966,40,Email,1736,No,True
INC-12866,2026-05-09 21:19:04.291966,14,Email,1780,No,True
INC-12867,2026-05-08 15:30:04.291966,25,Voice,314,No,True
INC-12868,2026-04-08 12:16:04.291966,50,Voice,689,No,True
INC-12869,2026-07-19 06:47:04.291966,22,Voice,292,No,True
INC-12870,2026-04-30 22:26:04.291966,30,Email,1159,No,False
INC-12871,2026-06-10 14:31:04.291966,20,Chat,847,No,False
INC-12872,2026-05-28 23:41:04.291966,21,Chat,1284,No,True
INC-12873,2026-09-14 04:08:04.291966,44,Voice,443,Y,True
INC-12874,2026-08-27 21:39:04.291966,32,Voice,476,No,True
INC-12875,2026-07-24 13:26:04.291966,46,Chat,1186,No,True
INC-12876,2026-06-25 00:59:04.291966,49,Voice,443,Y,True
INC-12877,2026-09-13 08:42:04.291966,21,Voice,338,No,True
INC-12878,2026-08-28 09:41:04.291966,35,Voice,429,No,True
INC-12879,2026-09-15 14:36:04.291966,32,Voice,644,No,True
INC-12880,2026-07-12 09:20:04.291966,30,Chat,914,No,True
INC-12881,2026-06-21 08:40:04.291966,39,Voice,711,No,False
INC-12882,2026-05-04 09:34:04.291966,49,Chat,1047,No,True
INC-12883,2026-06-06 06:09:04.291966,12,Voice,402,N,True
INC-12884,2026-04-01 08:05:04.291966,41,Email,1515,N,True
INC-12885,2026-05-01 12:15:04.291966,47,Voice,377,No,True
INC-12886,2026-05-15 09:42:04.291966,18,Chat,766,Y,True
INC-12887,2026-09-06 23:52:04.291966,21,Chat,1795,No,True
INC-12888,2026-06-14 21:24:04.291966,13,Voice,602,No,True
INC-12889,2026-04-12 17:44:04.291966,21,Email,1758,No,False
INC-12890,2026-03-28 05:07:04.291966,8,Chat,775,No,True
INC-12891,2026-07-19 00:10:04.291966,46,Voice,668,No,True
INC-12892,2026-05-10 08:26:04.291966,40,Voice,611,No,True
INC-12893,2026-03-29 03:26:04.291966,46,Email,2064,Yes,False
INC-12894,2026-04-24 13:04:04.291966,7,Chat,1266,No,True
INC-12895,2026-06-08 03:53:04.291966,23,Voice,302,Y,True
INC-12896,2026-06-06 06:36:04.291966,44,Voice,346,No,True
INC-12897,2026-04-23 17:52:04.291966,32,Email,1198,No,True
INC-12898,2026-07-30 15:34:04.291966,11,Chat,711,,True
INC-12899,2026-04-18 05:41:04.291966,22,Chat,964,No,True
INC-12900,2026-07-29 09:32:04.291966,22,Voice,411,No,True
INC-12901,2026-07-30 19:17:04.291966,43,Chat,1314,No,True
INC-12902,2026-05-05 08:44:04.291966,25,Voice,708,,True
INC-12903,2026-08-17 23:44:04.291966,22,Voice,479,No,True
INC-12904,2026-08-21 18:29:04.291966,28,Chat,1291,No,True
INC-12905,2026-07-01 06:28:04.291966,29,Email,1946,No,False
INC-12906,2026-05-26 13:57:04.291966,13,Voice,425,No,True
INC-12907,2026-09-04 13:42:04.291966,18,Voice,238,No,True
INC-12908,2026-08-08 02:41:04.291966,2,Chat,856,No,True
INC-12909,2026-07-01 16:20:04.291966,29,Chat,771,No,True
INC-12910,2026-09-09 17:20:04.291966,21,Email,1561,No,True
INC-12911,2026-07-03 16:08:04.291966,15,Chat,917,No,False
INC-12912,2026-06-14 15:12:04.291966,27,Voice,487,No,True
INC-12913,2026-08-13 16:49:04.291966,50,Email,1657,No,True
INC-12914,2026-08-29 05:46:04.291966,31,Chat,657,No,True
INC-12915,2026-06-03 05:23:04.291966,15,Email,1623,No,True
INC-12916,2026-03-21 22:22:04.291966,23,Chat,812,Yes,False
INC-12917,2026-06-25 00:02:04.291966,24,Email,1559,Yes,False
INC-12918,2026-06-16 20:17:04.291966,44,Voice,594,No,True
INC-12919,2026-04-19 04:41:04.291966,13,Voice,333,No,True
INC-12920,2026-05-23 09:27:04.291966,22,Email,1415,N,False
INC-12921,2026-04-27 03:29:04.291966,43,Voice,465,No,True
INC-12922,2026-04-12 12:04:04.291966,37,Voice,418,No,False
INC-12923,2026-08-25 19:45:04.291966,33,Chat,1079,No,True
INC-12924,2026-07-22 16:00:04.291966,3,Email,1283,,True
INC-12925,2026-06-29 23:12:04.291966,19,Voice,413,N,True
INC-12926,2026-06-03 18:14:04.291966,23,Email,1287,Yes,True
INC-12927,2026-06-19 11:11:04.291966,29,Chat,1118,No,True
INC-12928,2026-06-18 15:27:04.291966,30,Chat,801,Yes,True
INC-12929,2026-04-28 15:56:04.291966,39,Email,1638,No,True
INC-12930,2026-09-11 20:31:04.291966,44,Voice,717,No,False
INC-12931,2026-06-02 17:12:04.291966,47,Voice,471,No,True
INC-12932,2026-04-02 13:32:04.291966,25,Voice,613,Y,True
INC-12933,2026-06-06 06:53:04.291966,37,Chat,1234,No,True
INC-12934,2026-06-20 12:31:04.291966,47,Chat,1105,,True
INC-12935,2026-03-19 21:47:04.291966,8,Email,1494,Yes,True
INC-12936,2026-05-21 04:13:04.291966,42,Chat,1028,No,True
INC-12937,2026-08-23 04:26:04.291966,16,Chat,642,No,True
INC-12938,2026-03-30 12:38:04.291966,8,Chat,743,Yes,True
INC-12939,2026-07-23 19:03:04.291966,1,Voice,407,No,True
INC-12940,2026-04-09 00:54:04.291966,44,Voice,748,Yes,True
INC-12941,2026-05-07 08:58:04.291966,5,Email,1256,No,True
INC-12942,2026-03-21 04:13:04.291966,3,Voice,380,Yes,True
INC-12943,2026-05-31 08:15:04.291966,1,Voice,354,No,True
INC-12944,2026-04-10 02:57:04.291966,4,Chat,1011,No,True
INC-12945,2026-09-13 14:12:04.291966,40,Voice,497,,True
INC-12946,2026-08-15 04:26:04.291966,35,Email,1826,No,False
INC-12947,2026-04-04 09:20:04.291966,32,Voice,560,,True
INC-12948,2026-04-03 17:11:04.291966,42,Voice,314,No,True
INC-12949,2026-04-09 11:04:04.291966,34,Voice,383,No,True
INC-12950,2026-08-24 11:52:04.291966,43,Chat,1173,No,True
INC-12951,2026-06-02 20:15:04.291966,25,Voice,455,No,False
INC-12952,2026-06-27 08:20:04.291966,10,Chat,1137,No,True
INC-12953,2026-06-17 04:57:04.291966,21,Email,1455,No,True
INC-12954,2026-03-28 20:33:04.291966,46,Email,1209,No,True
INC-12955,2026-05-05 16:36:04.291966,39,Voice,443,No,True
INC-12956,2026-08-02 09:44:04.291966,27,Voice,363,Yes,True
INC-12957,2026-09-09 08:07:04.291966,27,Chat,786,No,False
INC-12958,2026-05-25 09:16:04.291966,2,Email,1560,No,True
INC-12959,2026-04-10 10:29:04.291966,41,Email,1653,No,True
INC-12960,2026-07-13 20:53:04.291966,48,Voice,289,N,True
INC-12961,2026-07-27 14:45:04.291966,13,Chat,896,No,False
INC-12962,2026-07-10 03:53:04.291966,9,Voice,409,No,True
INC-12963,2026-07-13 10:04:04.291966,36,Voice,402,N,False
INC-12964,2026-07-16 10:55:04.291966,22,Voice,495,No,True
INC-12965,2026-05-16 05:31:04.291966,42,Voice,413,No,False
INC-12966,2026-09-05 04:56:04.291966,26,Voice,645,No,False
INC-12967,2026-06-26 15:00:04.291966,12,Voice,622,No,True
INC-12968,2026-06-21 18:05:04.291966,17,Chat,1136,No,True
INC-12969,2026-08-26 10:45:04.291966,14,Voice,420,No,True
INC-12970,2026-07-16 07:14:04.291966,14,Chat,707,No,True
INC-12971,2026-06-16 06:59:04.291966,34,Voice,489,No,True
INC-12972,2026-04-10 20:13:04.291966,20,Voice,461,Yes,True
INC-12973,2026-08-30 16:11:04.291966,11,Voice,406,No,True
INC-12974,2026-07-02 12:28:04.291966,16,Voice,338,Y,True
INC-12975,2026-07-26 07:49:04.291966,31,Chat,891,Yes,True
INC-12976,2026-09-13 09:44:04.291966,6,Voice,431,No,False
INC-12977,2026-08-16 06:55:04.291966,19,Chat,1037,No,True
INC-12978,2026-09-07 04:40:04.291966,37,Voice,559,No,True
INC-12979,2026-06-24 03:41:04.291966,4,Chat,1120,No,True
INC-12980,2026-05-02 06:39:04.291966,47,Chat,648,Yes,True
INC-12981,2026-03-25 23:41:04.291966,4,Voice,528,No,True
INC-12982,2026-08-07 17:55:04.291966,20,Voice,392,No,True
INC-12983,2026-09-05 22:41:04.291966,10,Voice,333,Yes,True
INC-12984,2026-06-08 07:04:04.291966,24,Chat,814,No,True
INC-12985,2026-07-05 08:42:04.291966,35,Voice,608,No,True
INC-12986,2026-06-05 01:49:04.291966,26,Chat,825,No,True
INC-12987,2026-08-20 04:02:04.291966,37,Chat,1213,No,True
INC-12988,2026-07-08 05:46:04.291966,38,Email,1664,No,True
INC-12989,2026-06-12 01:30:04.291966,21,Chat,821,,True
INC-12990,2026-07-08 08:09:04.291966,40,Chat,1132,No,True
INC-12991,2026-08-06 07:19:04.291966,39,Voice,533,No,True
INC-12992,2026-06-23 05:28:04.291966,21,Email,1220,No,True
INC-12993,2026-05-06 04:00:04.291966,10,Chat,1271,N,True
INC-12994,2026-06-25 16:32:04.291966,38,Voice,511,Yes,True
INC-12995,2026-04-10 18:39:04.291966,46,Email,1505,No,True
INC-12996,2026-06-01 18:21:04.291966,4,Voice,377,No,True
INC-12997,2026-03-27 13:54:04.291966,45,Email,1853,,True
INC-12998,2026-05-12 18:51:04.291966,20,Email,1655,No,False
INC-12999,2026-05-19 14:29:04.291966,17,Voice,555,No,True
INC-13000,2026-09-10 00:52:04.291966,7,Chat,798,No,False
INC-13001,2026-04-24 09:27:04.291966,4,Voice,580,No,True
INC-13002,2026-03-29 13:22:04.291966,29,Voice,589,No,True
INC-13003,2026-04-03 00:04:04.291966,14,Voice,399,No,False
INC-13004,2026-09-09 07:59:04.291966,3,Chat,616,No,True
INC-13005,2026-09-14 10:48:04.291966,24,Voice,549,No,False
INC-13006,2026-09-05 11:06:04.291966,37,Voice,291,No,False
INC-13007,2026-07-06 16:56:04.291966,16,Chat,930,N,False
INC-13008,2026-06-24 07:42:04.291966,4,Voice,426,N,False
INC-13009,2026-04-22 20:04:04.291966,24,Voice,626,No,True
INC-13010,2026-04-29 14:46:04.291966,34,Voice,432,No,False
INC-13011,2026-07-17 07:26:04.291966,30,Voice,612,No,True
INC-13012,2026-05-13 00:23:04.291966,18,Voice,418,No,True
INC-13013,2026-08-11 13:26:04.291966,19,Voice,599,No,True
INC-13014,2026-05-19 22:54:04.291966,31,Email,2118,No,True
INC-13015,2026-04-30 12:12:04.291966,19,Chat,686,No,True
INC-13016,2026-07-06 12:40:04.291966,49,Voice,515,No,True
INC-13017,2026-04-30 20:51:04.291966,46,Voice,809,No,True
INC-13018,2026-08-21 06:44:04.291966,19,Voice,487,No,True
INC-13019,2026-05-26 19:33:04.291966,22,Chat,912,Yes,True
INC-13020,2026-08-21 13:20:04.291966,24,Voice,574,Yes,True
INC-13021,2026-09-14 10:38:04.291966,45,Voice,484,No,True
INC-13022,2026-06-09 22:09:04.291966,12,Email,987,No,True
INC-13023,2026-05-02 17:03:04.291966,30,Voice,615,,True
INC-13024,2026-07-04 12:29:04.291966,38,Voice,239,No,True
INC-13025,2026-04-15 13:58:04.291966,31,Email,1374,No,True
INC-13026,2026-07-24 22:27:04.291966,36,Chat,1141,Yes,True
INC-13027,2026-08-07 23:48:04.291966,19,Voice,437,No,True
INC-13028,2026-07-01 08:50:04.291966,48,Chat,761,No,True
INC-13029,2026-08-25 09:37:04.291966,45,Voice,585,No,True
INC-13030,2026-06-29 10:17:04.291966,36,Chat,729,N,True
INC-13031,2026-05-13 01:57:04.291966,30,Voice,333,No,True
INC-13032,2026-05-15 17:25:04.291966,49,Email,1582,No,True
INC-13033,2026-05-31 13:47:04.291966,33,Email,1445,No,True
INC-13034,2026-03-24 06:13:04.291966,18,Email,1126,No,False
INC-13035,2026-07-16 06:23:04.291966,49,Email,1691,No,True
INC-13036,2026-04-03 10:33:04.291966,28,Chat,992,No,True
INC-13037,2026-06-22 06:07:04.291966,47,Voice,436,No,True
INC-13038,2026-06-08 10:42:04.291966,11,Voice,445,No,True
INC-13039,2026-07-06 01:54:04.291966,45,Chat,994,No,True
INC-13040,2026-08-07 08:59:04.291966,33,Email,1857,No,True
INC-13041,2026-08-19 05:00:04.291966,17,Voice,446,Y,True
INC-13042,2026-04-25 15:17:04.291966,6,Email,1696,No,True
INC-13043,2026-08-26 15:45:04.291966,4,Email,1669,No,True
INC-13044,2026-06-16 20:32:04.291966,20,Email,1763,No,True
INC-13045,2026-04-20 11:19:04.291966,48,Email,1511,No,True
INC-13046,2026-05-13 05:30:04.291966,47,Voice,370,Yes,True
INC-13047,2026-04-28 14:40:04.291966,27,Voice,424,No,False
INC-13048,2026-05-18 22:03:04.291966,15,Voice,521,No,True
INC-13049,2026-06-08 23:18:04.291966,6,Voice,698,No,True
INC-13050,2026-06-21 17:30:04.291966,47,Chat,803,No,True
INC-13051,2026-04-24 04:20:04.291966,14,Email,1741,Yes,True
INC-13052,2026-08-18 01:14:04.291966,11,Email,1401,No,True
INC-13053,2026-08-11 17:20:04.291966,39,Chat,922,Yes,True
INC-13054,2026-04-01 18:14:04.291966,9,Voice,661,,False
INC-13055,2026-09-13 08:56:04.291966,26,Voice,571,No,True
INC-13056,2026-08-23 07:04:04.291966,16,Voice,331,No,False
INC-13057,2026-03-26 07:28:04.291966,5,Voice,411,No,True
INC-13058,2026-08-05 11:31:04.291966,10,Chat,1151,No,True
INC-13059,2026-09-06 14:44:04.291966,50,Voice,497,No,False
INC-13060,2026-04-09 12:45:04.291966,3,Voice,342,No,True
INC-13061,2026-08-31 17:36:04.291966,13,Voice,381,No,True
INC-13062,2026-06-11 22:53:04.291966,43,Chat,1040,,True
INC-13063,2026-04-09 12:13:04.291966,49,Voice,599,Yes,False
INC-13064,2026-03-29 04:38:04.291966,30,Voice,482,No,True
INC-13065,2026-06-15 16:54:04.291966,45,Voice,777,No,True
INC-13066,2026-04-03 11:13:04.291966,6,Email,1747,No,True
INC-13067,2026-07-12 14:48:04.291966,17,Voice,450,No,True
INC-13068,2026-08-23 04:48:04.291966,45,Chat,736,Y,True
INC-13069,2026-08-26 12:32:04.291966,19,Chat,705,,False
INC-13070,2026-04-20 23:32:04.291966,42,Chat,967,No,True
INC-13071,2026-05-29 04:19:04.291966,35,Email,1353,,True
INC-13072,2026-04-04 21:41:04.291966,46,Voice,680,No,True
INC-13073,2026-06-03 17:13:04.291966,26,Voice,655,No,True
INC-13074,2026-08-05 07:30:04.291966,5,Voice,555,No,True
INC-13075,2026-09-02 04:21:04.291966,29,Chat,664,No,True
INC-13076,2026-04-22 17:38:04.291966,37,Voice,399,No,True
INC-13077,2026-06-11 23:38:04.291966,20,Voice,630,No,True
INC-13078,2026-07-25 04:38:04.291966,49,Chat,787,No,False
INC-13079,2026-05-25 16:02:04.291966,21,Chat,1124,No,True
INC-13080,2026-09-01 12:42:04.291966,10,Voice,536,,True
INC-13081,2026-05-27 09:23:04.291966,5,Chat,910,No,False
INC-13082,2026-04-18 18:38:04.291966,36,Chat,759,No,True
INC-13083,2026-05-01 12:02:04.291966,6,Voice,468,No,True
INC-13084,2026-08-15 22:18:04.291966,26,Voice,502,No,True
INC-13085,2026-04-29 16:52:04.291966,4,Chat,1106,No,True
INC-13086,2026-08-26 11:50:04.291966,39,Chat,722,Yes,True
INC-13087,2026-07-23 11:31:04.291966,39,Voice,448,No,True
INC-13088,2026-04-02 02:24:04.291966,50,Voice,485,Yes,True
INC-13089,2026-09-14 12:05:04.291966,35,Chat,1032,Yes,True
INC-13090,2026-04-09 03:36:04.291966,1,Email,1227,No,True
INC-13091,2026-05-22 12:13:04.291966,24,Chat,636,No,True
INC-13092,2026-06-14 13:33:04.291966,36,Voice,560,Y,True
INC-13093,2026-05-06 17:44:04.291966,6,Voice,297,No,False
INC-13094,2026-07-03 07:00:04.291966,41,Email,1885,No,True
INC-13095,2026-06-28 02:54:04.291966,46,Voice,461,No,True
INC-13096,2026-05-31 11:42:04.291966,44,Email,1035,No,True
INC-13097,2026-08-29 10:18:04.291966,31,Email,1355,No,True
INC-13098,2026-03-27 16:09:04.291966,20,Voice,525,No,True
INC-13099,2026-05-24 22:27:04.291966,24,Email,1340,No,True
INC-13100,2026-05-22 09:58:04.291966,25,Voice,482,No,True
INC-13101,2026-09-10 15:40:04.291966,36,Email,1722,No,False
INC-13102,2026-08-09 15:53:04.291966,21,Voice,455,No,True
INC-13103,2026-08-16 18:51:04.291966,30,Voice,367,N,True
INC-13104,2026-07-31 19:43:04.291966,24,Chat,840,No,True
INC-13105,2026-08-14 15:46:04.291966,44,Chat,1182,No,True
INC-13106,2026-05-31 08:56:04.291966,42,Voice,682,No,False
INC-13107,2026-05-31 18:51:04.291966,30,Chat,496,Yes,False
INC-13108,2026-07-25 05:57:04.291966,22,Voice,610,No,True
INC-13109,2026-04-23 02:47:04.291966,28,Voice,510,No,True
INC-13110,2026-07-13 03:57:04.291966,7,Voice,590,No,True
INC-13111,2026-05-31 00:58:04.291966,35,Voice,413,No,True
INC-13112,2026-05-15 14:57:04.291966,28,Voice,267,No,True
INC-13113,2026-07-22 19:41:04.291966,14,Voice,550,Yes,True
INC-13114,2026-07-07 12:55:04.291966,10,Voice,367,No,False
INC-13115,2026-07-20 13:10:04.291966,16,Voice,313,No,False
INC-13116,2026-06-24 13:50:04.291966,16,Voice,321,N,False
INC-13117,2026-06-06 00:20:04.291966,31,Email,1680,No,True
INC-13118,2026-07-30 19:47:04.291966,42,Voice,496,N,True
INC-13119,2026-06-22 22:06:04.291966,25,Email,1734,No,True
INC-13120,2026-04-16 16:48:04.291966,13,Chat,1033,No,True
INC-13121,2026-04-22 04:46:04.291966,6,Chat,815,No,True
INC-13122,2026-05-09 12:48:04.291966,44,Chat,885,N,True
INC-13123,2026-08-06 19:34:04.291966,9,Email,1346,No,True
INC-13124,2026-07-05 23:56:04.291966,45,Voice,454,Yes,True
INC-13125,2026-04-13 20:28:04.291966,36,Chat,706,Yes,True
INC-13126,2026-03-26 06:10:04.291966,43,Chat,978,No,True
INC-13127,2026-05-15 14:48:04.291966,20,Chat,1115,No,True
INC-13128,2026-08-09 21:23:04.291966,18,Email,1255,No,True
INC-13129,2026-08-02 12:06:04.291966,43,Voice,633,No,False
INC-13130,2026-06-15 18:41:04.291966,21,Chat,922,No,True
INC-13131,2026-05-21 20:04:04.291966,4,Chat,948,N,True
INC-13132,2026-05-09 22:42:04.291966,50,Voice,276,Yes,True
INC-13133,2026-09-08 15:10:04.291966,33,Voice,263,No,True
INC-13134,2026-09-04 15:31:04.291966,27,Chat,928,N,True
INC-13135,2026-08-08 13:20:04.291966,7,Email,1736,No,False
INC-13136,2026-06-16 23:36:04.291966,6,Voice,399,No,True
INC-13137,2026-07-26 09:27:04.291966,15,Email,2001,No,True
INC-13138,2026-08-04 00:48:04.291966,18,Voice,568,Yes,True
INC-13139,2026-05-03 08:28:04.291966,32,Voice,370,No,True
INC-13140,2026-06-16 01:27:04.291966,11,Voice,483,No,True
INC-13141,2026-05-09 20:00:04.291966,20,Voice,777,No,True
INC-13142,2026-06-30 19:48:04.291966,24,Voice,330,No,True
INC-13143,2026-08-06 14:41:04.291966,15,Voice,543,No,True
INC-13144,2026-07-05 00:53:04.291966,48,Chat,835,No,False
INC-13145,2026-04-19 13:47:04.291966,7,Chat,1041,No,True
INC-13146,2026-06-28 16:35:04.291966,21,Voice,632,No,True
INC-13147,2026-08-11 05:50:04.291966,42,Voice,433,No,True
INC-13148,2026-07-11 22:37:04.291966,26,Voice,614,No,True
INC-13149,2026-04-25 08:21:04.291966,44,Chat,1344,Yes,True
INC-13150,2026-03-29 20:56:04.291966,14,Voice,487,No,True
INC-13151,2026-06-24 00:31:04.291966,37,Voice,574,No,True
INC-13152,2026-06-09 01:44:04.291966,21,Email,1322,No,False
INC-13153,2026-08-15 15:35:04.291966,18,Email,1505,No,True
INC-13154,2026-09-11 16:30:04.291966,5,Voice,458,No,True
INC-13155,2026-08-18 20:04:04.291966,3,Voice,575,No,False
INC-13156,2026-05-20 20:57:04.291966,23,Voice,624,No,True
INC-13157,2026-09-09 16:51:04.291966,26,Chat,878,No,True
INC-13158,2026-08-26 18:21:04.291966,37,Chat,1206,Yes,True
INC-13159,2026-05-16 13:11:04.291966,24,Voice,663,,True
INC-13160,2026-07-11 18:29:04.291966,49,Chat,1069,No,True
INC-13161,2026-06-13 18:08:04.291966,19,Voice,418,No,True
INC-13162,2026-05-20 12:14:04.291966,25,Voice,406,N,True
INC-13163,2026-07-22 08:33:04.291966,21,Voice,382,No,True
INC-13164,2026-08-26 01:23:04.291966,12,Voice,593,No,True
INC-13165,2026-04-16 17:06:04.291966,41,Voice,334,No,True
INC-13166,2026-06-07 08:18:04.291966,33,Voice,561,Yes,False
INC-13167,2026-09-15 17:13:04.291966,50,Voice,350,No,True
INC-13168,2026-08-13 06:33:04.291966,4,Voice,578,No,True
INC-13169,2026-07-19 14:20:04.291966,42,Chat,903,No,True
INC-13170,2026-05-05 20:16:04.291966,7,Voice,640,Yes,True
INC-13171,2026-04-03 22:31:04.291966,22,Voice,616,No,True
INC-13172,2026-04-21 20:42:04.291966,33,Chat,1187,No,True
INC-13173,2026-04-24 04:01:04.291966,17,Chat,1192,No,True
INC-13174,2026-07-28 23:39:04.291966,24,Email,1543,No,True
INC-13175,2026-07-03 02:57:04.291966,34,Voice,340,No,True
INC-13176,2026-04-07 16:29:04.291966,28,Voice,353,No,True
INC-13177,2026-04-25 10:48:04.291966,43,Chat,482,No,False
INC-13178,2026-08-03 22:54:04.291966,41,Chat,683,Yes,True
INC-13179,2026-08-24 06:55:04.291966,39,Voice,488,No,False
INC-13180,2026-06-10 17:38:04.291966,22,Email,1332,No,True
INC-13181,2026-05-26 16:45:04.291966,49,Voice,458,No,True
INC-13182,2026-04-02 03:23:04.291966,17,Email,1647,No,False
INC-13183,2026-09-12 20:24:04.291966,34,Email,1408,No,True
INC-13184,2026-08-13 23:36:04.291966,6,Chat,675,No,True
INC-13185,2026-08-10 00:11:04.291966,46,Email,1484,No,True
INC-13186,2026-03-23 17:48:04.291966,6,Chat,720,No,False
INC-13187,2026-06-20 03:09:04.291966,34,Voice,447,No,True
INC-13188,2026-08-04 23:55:04.291966,1,Voice,641,,True
INC-13189,2026-08-29 04:34:04.291966,10,Voice,447,No,False
INC-13190,2026-07-17 15:14:04.291966,21,Voice,692,No,True
INC-13191,2026-05-07 12:19:04.291966,5,Chat,1186,Yes,True
INC-13192,2026-04-28 15:39:04.291966,2,Voice,410,No,True
INC-13193,2026-05-15 13:19:04.291966,22,Voice,346,No,True
INC-13194,2026-08-03 02:49:04.291966,48,Chat,889,No,False
INC-13195,2026-09-04 05:05:04.291966,2,Email,1845,No,True
INC-13196,2026-04-17 07:27:04.291966,10,Voice,421,No,True
INC-13197,2026-07-12 18:18:04.291966,34,Voice,588,No,True
INC-13198,2026-07-26 00:57:04.291966,16,Voice,625,,True
INC-13199,2026-05-26 17:20:04.291966,48,Chat,745,No,True
INC-13200,2026-04-13 23:07:04.291966,39,Voice,398,Yes,True
INC-13201,2026-05-25 18:16:04.291966,22,Chat,1042,No,True
INC-13202,2026-03-25 01:35:04.291966,12,Voice,498,Yes,True
INC-13203,2026-05-26 13:50:04.291966,24,Voice,397,No,True
INC-13204,2026-05-16 04:14:04.291966,47,Email,1394,No,True
INC-13205,2026-03-30 06:12:04.291966,40,Voice,471,,True
INC-13206,2026-06-21 14:38:04.291966,38,Voice,292,No,True
INC-13207,2026-05-22 04:59:04.291966,10,Voice,571,No,True
INC-13208,2026-08-26 01:43:04.291966,35,Voice,422,No,True
INC-13209,2026-09-13 20:25:04.291966,49,Chat,343,No,True
INC-13210,2026-06-06 06:26:04.291966,32,Voice,477,No,True
INC-13211,2026-08-25 19:40:04.291966,7,Voice,391,No,True
INC-13212,2026-03-21 14:45:04.291966,21,Voice,682,No,True
INC-13213,2026-06-14 22:44:04.291966,20,Chat,782,No,True
INC-13214,2026-05-03 14:24:04.291966,26,Chat,680,No,True
INC-13215,2026-08-10 20:40:04.291966,4,Chat,1001,No,True
INC-13216,2026-09-07 02:26:04.291966,46,Chat,767,No,True
INC-13217,2026-06-02 17:28:04.291966,22,Voice,386,Yes,True
INC-13218,2026-08-03 16:19:04.291966,15,Voice,541,N,True
INC-13219,2026-04-05 12:12:04.291966,40,Voice,355,No,True
INC-13220,2026-07-14 08:56:04.291966,21,Voice,305,No,True
INC-13221,2026-05-29 18:10:04.291966,15,Voice,687,No,True
INC-13222,2026-06-23 13:35:04.291966,22,Chat,1015,No,True
INC-13223,2026-09-01 01:13:04.291966,28,Chat,847,,True
INC-13224,2026-08-20 20:59:04.291966,14,Email,1498,No,True
INC-13225,2026-08-13 13:23:04.291966,27,Voice,540,No,False
INC-13226,2026-07-10 11:43:04.291966,41,Chat,1094,No,True
INC-13227,2026-04-08 23:54:04.291966,40,Email,1273,Y,True
INC-13228,2026-08-22 17:40:04.291966,28,Chat,973,Y,True
INC-13229,2026-04-13 06:45:04.291966,26,Voice,419,N,True
INC-13230,2026-08-15 00:25:04.291966,49,Voice,457,Yes,True
INC-13231,2026-03-25 10:36:04.291966,2,Voice,499,No,True
INC-13232,2026-09-14 21:00:04.291966,25,Voice,479,No,True
INC-13233,2026-04-12 15:03:04.291966,3,Chat,1047,No,True
INC-13234,2026-04-03 21:28:04.291966,8,Voice,538,No,True
INC-13235,2026-08-17 18:10:04.291966,44,Voice,299,No,True
INC-13236,2026-03-30 02:22:04.291966,33,Chat,628,No,True
INC-13237,2026-08-20 02:54:04.291966,42,Chat,826,No,True
INC-13238,2026-04-25 06:31:04.291966,35,Voice,699,Y,True
INC-13239,2026-08-01 00:04:04.291966,6,Chat,729,No,True
INC-13240,2026-07-08 20:32:04.291966,39,Voice,455,No,True
INC-13241,2026-06-13 20:31:04.291966,23,Voice,415,No,True
INC-13242,2026-07-01 09:52:04.291966,25,Voice,413,No,True
INC-13243,2026-07-27 03:21:04.291966,50,Chat,935,Yes,True
INC-13244,2026-03-23 01:05:04.291966,43,Email,1920,No,True
INC-13245,2026-06-10 13:16:04.291966,19,Voice,534,No,True
INC-13246,2026-08-08 17:58:04.291966,5,Chat,739,Y,True
INC-13247,2026-04-20 13:41:04.291966,11,Voice,810,Y,True
INC-13248,2026-04-22 20:14:04.291966,12,Chat,915,No,True
INC-13249,2026-09-07 14:49:04.291966,10,Voice,410,N,True
INC-13250,2026-04-05 21:15:04.291966,8,Voice,649,No,True
INC-13251,2026-05-08 11:52:04.291966,24,Email,1359,,True
INC-13252,2026-08-15 15:18:04.291966,28,Chat,1232,Y,False
INC-13253,2026-09-03 08:38:04.291966,41,Voice,375,No,True
INC-13254,2026-04-01 07:55:04.291966,36,Voice,651,No,True
INC-13255,2026-07-04 12:57:04.291966,37,Voice,504,No,True
INC-13256,2026-09-12 16:52:04.291966,21,Voice,634,N,True
INC-13257,2026-03-27 19:44:04.291966,8,Email,2070,No,False
INC-13258,2026-03-28 05:57:04.291966,9,Email,1160,No,False
INC-13259,2026-05-06 21:19:04.291966,47,Voice,633,No,True
INC-13260,2026-03-30 08:22:04.291966,15,Voice,310,No,True
INC-13261,2026-08-11 10:28:04.291966,48,Email,1185,No,True
INC-13262,2026-07-21 19:24:04.291966,46,Voice,383,Yes,True
INC-13263,2026-08-29 16:33:04.291966,40,Chat,1000,No,False
INC-13264,2026-07-24 07:34:04.291966,18,Voice,483,No,True
INC-13265,2026-05-16 02:56:04.291966,42,Chat,866,No,True
INC-13266,2026-07-28 19:52:04.291966,20,Chat,929,No,True
INC-13267,2026-07-16 01:45:04.291966,6,Email,1677,No,True
INC-13268,2026-06-20 05:15:04.291966,12,Chat,1033,No,True
INC-13269,2026-08-17 21:50:04.291966,2,Voice,611,No,True
INC-13270,2026-06-18 04:22:04.291966,7,Chat,1264,Yes,True
INC-13271,2026-06-27 13:36:04.291966,16,Email,1493,No,True
INC-13272,2026-09-07 17:50:04.291966,3,Voice,417,No,True
INC-13273,2026-09-01 12:54:04.291966,45,Voice,553,No,False
INC-13274,2026-05-19 13:25:04.291966,3,Voice,342,No,True
INC-13275,2026-06-28 10:43:04.291966,27,Voice,398,Y,True
INC-13276,2026-06-04 02:34:04.291966,50,Voice,599,N,True
INC-13277,2026-04-28 12:27:04.291966,43,Chat,875,No,True
INC-13278,2026-09-11 08:00:04.291966,40,Voice,335,Yes,True
INC-13279,2026-08-31 20:41:04.291966,38,Email,1053,No,False
INC-13280,2026-07-02 17:51:04.291966,33,Voice,485,No,True
INC-13281,2026-07-09 03:13:04.291966,28,Voice,617,No,True
INC-13282,2026-04-24 14:12:04.291966,1,Voice,615,No,True
INC-13283,2026-09-09 10:40:04.291966,8,Voice,493,No,True
INC-13284,2026-08-16 07:17:04.291966,37,Voice,721,No,False
INC-13285,2026-04-20 00:47:04.291966,32,Voice,467,N,True
INC-13286,2026-06-29 16:58:04.291966,48,Voice,463,No,True
INC-13287,2026-07-04 05:43:04.291966,43,Chat,386,No,True
INC-13288,2026-04-26 10:10:04.291966,37,Chat,810,,True
INC-13289,2026-08-07 16:03:04.291966,4,Voice,582,No,True
INC-13290,2026-05-04 03:48:04.291966,30,Chat,1212,N,False
INC-13291,2026-07-12 17:23:04.291966,6,Chat,733,No,True
INC-13292,2026-05-04 09:42:04.291966,46,Voice,535,No,False
INC-13293,2026-05-15 06:15:04.291966,19,Email,1814,No,True
INC-13294,2026-03-29 03:20:04.291966,32,Email,1503,No,True
INC-13295,2026-07-17 07:36:04.291966,9,Voice,206,No,True
INC-13296,2026-04-19 22:27:04.291966,12,Voice,509,No,True
INC-13297,2026-08-19 00:36:04.291966,11,Voice,571,Yes,True
INC-13298,2026-06-22 02:12:04.291966,46,Voice,366,No,True
INC-13299,2026-05-20 10:26:04.291966,16,Chat,849,No,True
INC-13300,2026-04-14 02:42:04.291966,1,Voice,341,No,True
INC-13301,2026-05-19 00:41:04.291966,45,Chat,385,No,True
INC-13302,2026-08-03 04:49:04.291966,21,Chat,1105,,True
INC-13303,2026-07-11 10:38:04.291966,30,Chat,899,No,True
INC-13304,2026-04-07 02:12:04.291966,13,Chat,1219,,True
INC-13305,2026-09-05 13:12:04.291966,34,Voice,582,Yes,True
INC-13306,2026-03-25 13:43:04.291966,4,Voice,437,No,True
INC-13307,2026-09-16 13:35:04.291966,28,Chat,883,No,False
INC-13308,2026-05-06 07:15:04.291966,38,Voice,547,No,False
INC-13309,2026-05-19 21:51:04.291966,31,Voice,596,No,True
INC-13310,2026-08-30 14:19:04.291966,27,Email,1596,No,False
INC-13311,2026-08-08 02:56:04.291966,5,Chat,1121,Yes,True
INC-13312,2026-04-19 11:50:04.291966,25,Voice,444,No,True
INC-13313,2026-04-21 10:24:04.291966,3,Chat,700,No,True
INC-13314,2026-07-04 03:18:04.291966,33,Chat,887,Yes,True
INC-13315,2026-05-11 03:52:04.291966,4,Voice,504,No,True
INC-13316,2026-05-05 22:47:04.291966,25,Voice,335,No,True
INC-13317,2026-05-15 04:58:04.291966,20,Email,1098,No,True
INC-13318,2026-06-23 02:02:04.291966,34,Voice,533,No,True
INC-13319,2026-06-30 17:36:04.291966,26,Voice,431,No,True
INC-13320,2026-09-11 14:33:04.291966,5,Voice,460,No,True
INC-13321,2026-08-19 21:52:04.291966,35,Chat,828,,True
INC-13322,2026-03-23 23:32:04.291966,28,Voice,662,No,True
INC-13323,2026-04-11 15:58:04.291966,29,Voice,631,No,False
INC-13324,2026-09-02 05:15:04.291966,9,Voice,331,No,True
INC-13325,2026-07-14 06:18:04.291966,38,Email,1340,No,True
INC-13326,2026-03-22 06:35:04.291966,50,Voice,582,,True
INC-13327,2026-09-02 01:31:04.291966,6,Chat,1020,No,False
INC-13328,2026-08-16 13:34:04.291966,19,Email,1487,No,True
INC-13329,2026-05-20 07:23:04.291966,44,Voice,343,Y,True
INC-13330,2026-06-08 22:05:04.291966,11,Email,1295,,False
INC-13331,2026-04-06 14:37:04.291966,2,Email,1344,No,True
INC-13332,2026-05-04 11:24:04.291966,47,Email,1583,No,True
INC-13333,2026-05-11 14:04:04.291966,44,Voice,684,No,True
INC-13334,2026-06-10 01:08:04.291966,44,Chat,762,No,True
INC-13335,2026-07-21 16:49:04.291966,9,Chat,694,No,True
INC-13336,2026-06-26 18:13:04.291966,21,Email,1467,No,False
INC-13337,2026-08-21 01:09:04.291966,24,Voice,603,No,True
INC-13338,2026-04-29 17:11:04.291966,34,Chat,610,No,True
INC-13339,2026-09-08 10:14:04.291966,22,Voice,654,,True
INC-13340,2026-06-17 17:49:04.291966,3,Voice,459,No,True
INC-13341,2026-08-03 20:18:04.291966,12,Voice,391,Y,True
INC-13342,2026-06-27 21:01:04.291966,28,Chat,579,No,True
INC-13343,2026-06-12 00:12:04.291966,30,Voice,564,No,True
INC-13344,2026-03-27 11:22:04.291966,26,Chat,865,No,True
INC-13345,2026-07-25 05:49:04.291966,48,Email,1551,No,False
INC-13346,2026-09-04 13:47:04.291966,21,Voice,371,No,False
INC-13347,2026-06-18 06:28:04.291966,28,Chat,836,No,True
INC-13348,2026-06-13 09:20:04.291966,26,Voice,421,No,True
INC-13349,2026-06-07 13:44:04.291966,33,Voice,467,No,True
INC-13350,2026-07-12 12:14:04.291966,21,Chat,766,No,True
INC-13351,2026-06-19 03:08:04.291966,35,Email,1039,No,True
INC-13352,2026-08-17 09:26:04.291966,34,Chat,1445,No,True
INC-13353,2026-04-25 01:48:04.291966,41,Chat,627,,True
INC-13354,2026-04-10 17:28:04.291966,47,Voice,501,,True
INC-13355,2026-08-25 14:21:04.291966,18,Voice,267,No,True
INC-13356,2026-07-02 09:34:04.291966,11,Chat,500,No,True
INC-13357,2026-03-19 23:40:04.291966,23,Voice,491,Yes,True
INC-13358,2026-08-09 12:43:04.291966,48,Voice,500,No,True
INC-13359,2026-07-05 22:23:04.291966,22,Chat,1152,No,False
INC-13360,2026-08-21 02:38:04.291966,17,Voice,527,N,True
INC-13361,2026-08-23 11:57:04.291966,5,Voice,462,No,False
INC-13362,2026-07-27 22:19:04.291966,44,Chat,710,No,True
INC-13363,2026-05-23 02:19:04.291966,11,Chat,1199,No,True
INC-13364,2026-09-11 03:31:04.291966,30,Email,1778,No,True
INC-13365,2026-06-27 09:17:04.291966,15,Chat,650,No,True
INC-13366,2026-06-18 03:03:04.291966,27,Voice,484,No,True
INC-13367,2026-03-21 09:44:04.291966,35,Email,1543,No,False
INC-13368,2026-07-29 05:52:04.291966,33,Chat,830,No,True
INC-13369,2026-07-12 04:21:04.291966,20,Voice,572,No,True
INC-13370,2026-07-23 01:23:04.291966,16,Voice,579,No,True
INC-13371,2026-08-04 10:25:04.291966,34,Chat,861,Yes,True
INC-13372,2026-07-14 15:34:04.291966,2,Chat,843,No,False
INC-13373,2026-03-26 13:33:04.291966,35,Chat,1199,No,True
INC-13374,2026-05-10 20:12:04.291966,40,Chat,1086,No,True
INC-13375,2026-08-09 11:49:04.291966,28,Chat,914,Yes,True
INC-13376,2026-07-08 09:56:04.291966,47,Email,1011,No,True
INC-13377,2026-06-22 17:38:04.291966,39,Chat,968,Yes,True
INC-13378,2026-09-07 04:27:04.291966,6,Voice,563,No,True
INC-13379,2026-08-29 22:52:04.291966,9,Email,673,No,True
INC-13380,2026-04-24 19:32:04.291966,20,Voice,510,No,True
INC-13381,2026-04-20 01:06:04.291966,1,Chat,816,No,True
INC-13382,2026-06-11 07:23:04.291966,8,Email,1433,No,False
INC-13383,2026-06-05 19:26:04.291966,23,Chat,718,No,True
INC-13384,2026-07-27 05:02:04.291966,3,Chat,870,No,False
INC-13385,2026-09-01 07:38:04.291966,4,Voice,647,No,True
INC-13386,2026-07-09 13:13:04.291966,25,Voice,426,No,True
INC-13387,2026-05-12 05:28:04.291966,47,Voice,595,No,True
INC-13388,2026-05-20 01:00:04.291966,38,Chat,738,No,False
INC-13389,2026-05-04 04:12:04.291966,15,Chat,1051,No,True
INC-13390,2026-04-19 10:15:04.291966,21,Chat,900,No,True
INC-13391,2026-07-02 22:06:04.291966,35,Voice,522,No,True
INC-13392,2026-09-15 17:55:04.291966,46,Voice,480,No,True
INC-13393,2026-06-01 07:58:04.291966,14,Chat,1028,No,True
INC-13394,2026-06-09 18:30:04.291966,36,Voice,171,No,True
INC-13395,2026-04-21 21:17:04.291966,12,Chat,616,No,True
INC-13396,2026-07-06 14:35:04.291966,17,Chat,983,Yes,False
INC-13397,2026-05-03 14:09:04.291966,39,Chat,491,N,True
INC-13398,2026-04-22 00:22:04.291966,9,Voice,416,Yes,True
INC-13399,2026-03-21 15:54:04.291966,35,Email,1483,N,True
INC-13400,2026-05-20 03:54:04.291966,13,Voice,380,Yes,True
INC-13401,2026-07-19 02:35:04.291966,15,Email,1292,No,False
INC-13402,2026-07-13 16:55:04.291966,18,Voice,512,No,False
INC-13403,2026-05-15 19:12:04.291966,33,Voice,601,No,True
INC-13404,2026-07-10 23:22:04.291966,6,Email,1212,Yes,False
INC-13405,2026-04-07 07:28:04.291966,27,Voice,410,No,True
INC-13406,2026-07-22 05:14:04.291966,23,Chat,753,No,True
INC-13407,2026-05-08 18:02:04.291966,27,Email,773,N,True
INC-13408,2026-08-23 21:30:04.291966,34,Email,1542,No,True
INC-13409,2026-06-01 20:40:04.291966,46,Email,1780,No,True
INC-13410,2026-05-10 16:46:04.291966,38,Voice,601,Yes,True
INC-13411,2026-04-30 08:18:04.291966,14,Chat,725,No,True
INC-13412,2026-08-30 21:59:04.291966,36,Voice,329,No,True
INC-13413,2026-06-03 22:15:04.291966,8,Voice,482,Yes,True
INC-13414,2026-04-07 17:46:04.291966,35,Email,1748,No,True
INC-13415,2026-06-02 20:10:04.291966,19,Voice,498,No,True
INC-13416,2026-06-15 22:26:04.291966,30,Chat,957,Yes,True
INC-13417,2026-06-21 18:41:04.291966,14,Chat,1128,No,True
INC-13418,2026-07-04 15:14:04.291966,20,Chat,752,No,False
INC-13419,2026-08-23 17:32:04.291966,49,Email,1434,Yes,False
INC-13420,2026-07-24 10:29:04.291966,25,Voice,676,Y,True
INC-13421,2026-08-17 20:03:04.291966,40,Chat,860,No,True
INC-13422,2026-03-27 16:50:04.291966,24,Email,1119,Yes,True
INC-13423,2026-06-08 02:01:04.291966,14,Voice,399,No,True
INC-13424,2026-06-08 12:29:04.291966,26,Voice,367,No,True
INC-13425,2026-05-02 09:35:04.291966,38,Chat,971,No,True
INC-13426,2026-08-05 06:41:04.291966,23,Voice,372,No,True
INC-13427,2026-05-03 18:49:04.291966,22,Voice,512,Yes,True
INC-13428,2026-05-30 05:51:04.291966,48,Email,1279,No,True
INC-13429,2026-07-25 12:05:04.291966,19,Chat,475,No,False
INC-13430,2026-06-20 03:32:04.291966,46,Email,1591,No,False
INC-13431,2026-05-12 20:02:04.291966,3,Email,1544,No,False
INC-13432,2026-07-28 07:53:04.291966,42,Chat,1003,No,False
INC-13433,2026-04-16 16:41:04.291966,19,Voice,399,No,True
INC-13434,2026-07-04 21:22:04.291966,9,Voice,386,No,True
INC-13435,2026-09-13 02:46:04.291966,28,Voice,528,No,True
INC-13436,2026-06-22 10:50:04.291966,20,Email,1955,No,False
INC-13437,2026-04-03 21:18:04.291966,45,Voice,481,No,True
INC-13438,2026-08-16 00:03:04.291966,7,Voice,530,No,True
INC-13439,2026-09-14 09:00:04.291966,14,Chat,835,No,True
INC-13440,2026-08-16 03:00:04.291966,9,Voice,294,No,True
INC-13441,2026-07-03 08:13:04.291966,19,Voice,596,Y,True
INC-13442,2026-06-27 02:57:04.291966,47,Chat,1081,No,False
INC-13443,2026-07-16 03:23:04.291966,14,Voice,565,No,False
INC-13444,2026-08-19 22:04:04.291966,38,Voice,458,Yes,True
INC-13445,2026-06-27 18:43:04.291966,36,Voice,551,No,True
INC-13446,2026-07-22 12:53:04.291966,40,Chat,1078,No,True
INC-13447,2026-04-01 15:10:04.291966,17,Chat,1224,Yes,False
INC-13448,2026-04-11 04:47:04.291966,30,Voice,598,No,False
INC-13449,2026-05-16 12:05:04.291966,9,Chat,912,,True
INC-13450,2026-07-30 13:14:04.291966,33,Voice,323,No,True
INC-13451,2026-04-18 09:26:04.291966,25,Email,1546,No,True
INC-13452,2026-06-18 07:59:04.291966,14,Voice,510,No,True
INC-13453,2026-08-31 21:25:04.291966,11,Chat,1041,Yes,False
INC-13454,2026-07-26 02:16:04.291966,35,Email,1906,,True
INC-13455,2026-08-02 18:29:04.291966,41,Email,1471,N,True
INC-13456,2026-04-24 02:06:04.291966,14,Voice,732,No,True
INC-13457,2026-05-24 21:48:04.291966,30,Voice,268,Yes,True
INC-13458,2026-08-13 02:27:04.291966,41,Chat,983,No,True
INC-13459,2026-06-03 06:46:04.291966,4,Voice,384,No,True
INC-13460,2026-04-07 18:04:04.291966,4,Email,927,No,False
INC-13461,2026-04-16 08:34:04.291966,28,Chat,859,No,True
INC-13462,2026-09-10 23:33:04.291966,8,Chat,608,No,True
INC-13463,2026-07-01 00:24:04.291966,2,Voice,460,No,True
INC-13464,2026-05-15 21:20:04.291966,41,Chat,906,Yes,True
INC-13465,2026-05-29 04:02:04.291966,46,Chat,1123,No,True
INC-13466,2026-05-24 00:48:04.291966,22,Email,1047,No,True
INC-13467,2026-06-19 21:50:04.291966,41,Voice,589,No,False
INC-13468,2026-05-02 16:58:04.291966,16,Voice,491,No,False
INC-13469,2026-08-09 23:09:04.291966,29,Voice,603,No,True
INC-13470,2026-06-13 08:04:04.291966,49,Voice,428,Yes,True
INC-13471,2026-04-09 08:44:04.291966,48,Chat,633,,True
INC-13472,2026-05-09 03:59:04.291966,30,Email,1134,No,False
INC-13473,2026-08-03 12:11:04.291966,12,Voice,324,No,True
INC-13474,2026-05-09 19:19:04.291966,35,Email,1643,Yes,True
INC-13475,2026-07-14 02:56:04.291966,11,Voice,657,No,True
INC-13476,2026-06-30 19:49:04.291966,46,Voice,412,No,True
INC-13477,2026-05-25 11:55:04.291966,50,Voice,555,,True
INC-13478,2026-06-26 05:32:04.291966,21,Voice,297,,True
INC-13479,2026-09-06 21:51:04.291966,21,Email,1554,No,True
INC-13480,2026-04-22 06:48:04.291966,5,Voice,560,,True
INC-13481,2026-06-19 14:55:04.291966,48,Chat,610,No,True
INC-13482,2026-09-07 00:03:04.291966,20,Voice,455,No,True
INC-13483,2026-08-17 21:35:04.291966,37,Email,1714,No,False
INC-13484,2026-08-15 15:26:04.291966,3,Voice,127,Yes,True
INC-13485,2026-08-10 00:11:04.291966,44,Voice,640,,False
INC-13486,2026-05-25 02:43:04.291966,33,Voice,522,Yes,True
INC-13487,2026-06-30 06:02:04.291966,9,Voice,566,Y,True
INC-13488,2026-04-02 10:09:04.291966,9,Voice,430,No,True
INC-13489,2026-05-01 18:10:04.291966,4,Email,983,No,True
INC-13490,2026-06-25 14:33:04.291966,35,Chat,1006,Yes,True
INC-13491,2026-04-03 09:43:04.291966,17,Chat,883,Yes,True
INC-13492,2026-06-08 14:58:04.291966,34,Chat,906,No,True
INC-13493,2026-05-26 03:43:04.291966,24,Voice,610,No,False
INC-13494,2026-06-15 09:52:04.291966,32,Voice,571,No,False
INC-13495,2026-05-24 13:15:04.291966,1,Email,2076,No,True
INC-13496,2026-06-25 22:41:04.291966,8,Email,1546,No,True
INC-13497,2026-05-04 02:09:04.291966,45,Email,1292,No,False
INC-13498,2026-05-15 22:16:04.291966,23,Email,1443,No,False
INC-13499,2026-04-06 22:24:04.291966,47,Voice,529,No,True
INC-13500,2026-04-01 04:37:04.291966,40,Voice,601,No,True
INC-13501,2026-06-20 22:31:04.291966,12,Voice,303,No,True
INC-13502,2026-03-31 10:52:04.291966,12,Voice,481,No,True
INC-13503,2026-05-04 19:36:04.291966,46,Voice,673,N,True
INC-13504,2026-04-11 10:23:04.291966,47,Voice,451,N,True
INC-13505,2026-05-05 22:08:04.291966,15,Chat,1086,No,True
INC-13506,2026-08-14 19:26:04.291966,41,Email,1647,No,True
INC-13507,2026-08-31 13:16:04.291966,19,Chat,1091,Yes,True
INC-13508,2026-05-10 02:54:04.291966,26,Email,1257,,False
INC-13509,2026-04-28 20:33:04.291966,29,Voice,383,No,True
INC-13510,2026-03-29 06:11:04.291966,22,Voice,482,No,True
INC-13511,2026-04-05 20:34:04.291966,40,Chat,593,N,True
INC-13512,2026-05-15 11:16:04.291966,21,Voice,447,,False
INC-13513,2026-05-10 00:18:04.291966,38,Voice,510,No,True
INC-13514,2026-05-18 18:26:04.291966,20,Voice,694,No,True
INC-13515,2026-03-26 18:25:04.291966,29,Voice,528,No,True
INC-13516,2026-06-14 16:01:04.291966,4,Chat,1025,No,False
INC-13517,2026-09-04 23:41:04.291966,7,Voice,619,No,True
INC-13518,2026-05-18 16:21:04.291966,28,Chat,707,No,False
INC-13519,2026-09-05 10:48:04.291966,28,Chat,866,No,True
INC-13520,2026-06-13 14:02:04.291966,4,Voice,771,Y,True
INC-13521,2026-09-04 13:47:04.291966,22,Voice,470,No,True
INC-13522,2026-04-23 07:31:04.291966,12,Voice,613,No,True
INC-13523,2026-07-26 00:18:04.291966,45,Voice,595,No,True
INC-13524,2026-05-25 18:15:04.291966,3,Chat,604,No,True
INC-13525,2026-07-25 18:51:04.291966,22,Chat,962,,True
INC-13526,2026-06-25 03:42:04.291966,44,Chat,929,No,True
INC-13527,2026-08-07 18:13:04.291966,2,Voice,519,No,True
INC-13528,2026-03-21 06:45:04.291966,24,Chat,749,No,True
INC-13529,2026-04-09 02:10:04.291966,34,Chat,676,No,True
INC-13530,2026-08-22 07:46:04.291966,27,Voice,422,No,False
INC-13531,2026-03-22 21:36:04.291966,41,Chat,880,No,True
INC-13532,2026-08-23 20:24:04.291966,1,Voice,622,No,True
INC-13533,2026-05-15 08:54:04.291966,8,Chat,1263,No,True
INC-13534,2026-07-27 16:35:04.291966,23,Chat,1179,No,True
INC-13535,2026-07-03 02:52:04.291966,38,Voice,583,N,True
INC-13536,2026-05-05 01:55:04.291966,6,Chat,699,No,False
INC-13537,2026-07-30 08:25:04.291966,22,Voice,430,No,True
INC-13538,2026-05-20 23:42:04.291966,25,Voice,505,No,True
INC-13539,2026-08-26 16:56:04.291966,18,Email,1310,N,True
INC-13540,2026-09-04 15:33:04.291966,17,Email,1673,N,True
INC-13541,2026-07-07 13:09:04.291966,12,Voice,566,Yes,False
INC-13542,2026-08-08 12:40:04.291966,6,Voice,544,No,True
INC-13543,2026-04-01 09:43:04.291966,26,Voice,603,No,True
INC-13544,2026-07-01 16:00:04.291966,27,Voice,371,No,False
INC-13545,2026-04-10 20:48:04.291966,8,Email,1779,No,False
INC-13546,2026-07-10 05:24:04.291966,19,Email,1291,No,True
INC-13547,2026-05-25 04:35:04.291966,42,Chat,711,No,True
INC-13548,2026-06-08 14:49:04.291966,1,Voice,543,No,True
INC-13549,2026-05-27 23:16:04.291966,29,Chat,1143,No,False
INC-13550,2026-06-02 21:42:04.291966,45,Voice,538,Yes,True
INC-13551,2026-04-27 21:30:04.291966,49,Email,1506,No,False
INC-13552,2026-08-10 08:35:04.291966,35,Email,1593,No,True
INC-13553,2026-06-07 11:55:04.291966,40,Chat,927,No,True
INC-13554,2026-05-09 04:25:04.291966,14,Voice,344,No,True
INC-13555,2026-05-08 07:28:04.291966,35,Voice,330,N,True
INC-13556,2026-06-02 16:48:04.291966,48,Voice,470,No,True
INC-13557,2026-08-06 14:04:04.291966,45,Email,1523,Yes,True
INC-13558,2026-03-31 14:24:04.291966,20,Voice,481,No,True
INC-13559,2026-09-04 12:36:04.291966,49,Voice,561,No,True
INC-13560,2026-03-20 09:13:04.291966,13,Voice,454,No,True
INC-13561,2026-07-05 21:11:04.291966,38,Email,1668,No,True
INC-13562,2026-07-18 13:32:04.291966,49,Voice,462,No,True
INC-13563,2026-04-09 17:23:04.291966,46,Email,2047,No,False
INC-13564,2026-08-31 23:26:04.291966,49,Email,1524,No,True
INC-13565,2026-07-31 02:07:04.291966,8,Email,2202,No,True
INC-13566,2026-06-11 05:16:04.291966,43,Voice,522,No,True
INC-13567,2026-06-15 18:02:04.291966,20,Voice,454,No,True
INC-13568,2026-09-09 08:26:04.291966,33,Voice,372,No,True
INC-13569,2026-08-20 02:35:04.291966,26,Voice,306,No,False
INC-13570,2026-08-23 21:54:04.291966,39,Voice,361,Yes,True
INC-13571,2026-08-30 18:16:04.291966,21,Chat,724,,True
INC-13572,2026-05-27 22:11:04.291966,49,Voice,527,No,True
INC-13573,2026-07-17 22:49:04.291966,42,Email,1342,No,True
INC-13574,2026-05-10 14:26:04.291966,43,Voice,502,No,True
INC-13575,2026-06-02 15:28:04.291966,41,Chat,1156,Yes,True
INC-13576,2026-04-02 09:33:04.291966,9,Chat,882,No,True
INC-13577,2026-06-26 16:15:04.291966,24,Chat,1315,No,False
INC-13578,2026-07-07 08:11:04.291966,37,Email,1147,No,False
INC-13579,2026-09-04 08:23:04.291966,49,Chat,869,No,True
INC-13580,2026-06-04 06:54:04.291966,41,Email,1338,No,True
INC-13581,2026-04-25 02:09:04.291966,17,Voice,592,No,False
INC-13582,2026-07-26 09:53:04.291966,24,Chat,452,No,True
INC-13583,2026-03-21 12:51:04.291966,21,Voice,306,Y,False
INC-13584,2026-06-23 09:52:04.291966,39,Voice,467,No,True
INC-13585,2026-07-07 05:24:04.291966,41,Voice,666,No,True
INC-13586,2026-08-23 08:39:04.291966,39,Voice,507,No,True
INC-13587,2026-07-30 02:56:04.291966,13,Voice,317,No,True
INC-13588,2026-08-20 06:32:04.291966,11,Voice,336,No,True
INC-13589,2026-05-06 23:00:04.291966,46,Voice,680,No,True
INC-13590,2026-08-06 22:18:04.291966,19,Email,1313,No,True
INC-13591,2026-05-27 15:13:04.291966,11,Voice,366,No,True
INC-13592,2026-09-04 02:06:04.291966,13,Chat,1195,No,True
INC-13593,2026-05-04 17:24:04.291966,46,Voice,601,No,True
INC-13594,2026-07-11 13:13:04.291966,45,Email,1882,N,True
INC-13595,2026-05-27 17:47:04.291966,1,Email,1214,No,True
INC-13596,2026-08-16 06:17:04.291966,40,Chat,594,No,True
INC-13597,2026-07-02 02:42:04.291966,44,Chat,926,No,True
INC-13598,2026-09-08 12:51:04.291966,19,Voice,520,No,True
INC-13599,2026-09-03 23:54:04.291966,12,Email,1609,No,False
INC-13600,2026-09-05 06:58:04.291966,8,Email,1943,No,True
INC-13601,2026-03-25 11:30:04.291966,8,Email,979,No,True
INC-13602,2026-04-04 05:47:04.291966,45,Chat,1071,Yes,True
INC-13603,2026-07-30 22:17:04.291966,12,Voice,348,No,True
INC-13604,2026-09-16 11:43:04.291966,48,Email,1756,No,True
INC-13605,2026-04-27 08:56:04.291966,33,Voice,423,No,True
INC-13606,2026-05-11 06:40:04.291966,45,Chat,737,No,True
INC-13607,2026-04-20 19:09:04.291966,26,Voice,406,N,True
INC-13608,2026-04-06 22:44:04.291966,39,Email,1066,,True
INC-13609,2026-07-29 01:00:04.291966,28,Voice,484,No,True
INC-13610,2026-06-28 17:41:04.291966,5,Voice,387,No,True
INC-13611,2026-06-02 20:16:04.291966,8,Chat,1057,No,True
INC-13612,2026-06-21 15:33:04.291966,25,Chat,1028,Yes,True
INC-13613,2026-04-29 19:02:04.291966,27,Chat,1237,No,True
INC-13614,2026-06-11 19:38:04.291966,46,Voice,523,No,True
INC-13615,2026-04-04 13:59:04.291966,23,Voice,542,No,True
INC-13616,2026-03-27 06:00:04.291966,30,Chat,1180,No,True
INC-13617,2026-05-19 15:06:04.291966,45,Email,1311,No,True
INC-13618,2026-06-07 22:52:04.291966,47,Email,1053,No,True
INC-13619,2026-07-07 02:30:04.291966,23,Voice,504,No,True
INC-13620,2026-04-22 16:54:04.291966,49,Email,1073,No,True
INC-13621,2026-08-28 00:18:04.291966,47,Voice,774,No,True
INC-13622,2026-04-09 14:29:04.291966,20,Chat,1191,,False
INC-13623,2026-06-04 05:22:04.291966,18,Voice,739,No,False
INC-13624,2026-08-26 04:01:04.291966,18,Voice,487,No,True
INC-13625,2026-06-01 12:00:04.291966,2,Chat,1010,No,True
INC-13626,2026-06-23 14:04:04.291966,4,Chat,808,N,True
INC-13627,2026-07-13 18:41:04.291966,30,Voice,585,No,False
INC-13628,2026-07-10 14:05:04.291966,33,Voice,334,No,True
INC-13629,2026-09-06 10:45:04.291966,36,Voice,174,No,True
INC-13630,2026-05-08 15:16:04.291966,18,Chat,741,No,True
INC-13631,2026-06-24 00:40:04.291966,37,Voice,305,No,True
INC-13632,2026-05-17 08:59:04.291966,19,Voice,657,Yes,True
INC-13633,2026-08-25 15:07:04.291966,47,Chat,1263,No,True
INC-13634,2026-09-11 22:50:04.291966,28,Chat,619,Yes,True
INC-13635,2026-07-18 17:03:04.291966,40,Chat,1158,No,True
INC-13636,2026-09-14 05:52:04.291966,20,Chat,1090,No,False
INC-13637,2026-07-31 20:26:04.291966,49,Email,1029,No,False
INC-13638,2026-09-12 04:52:04.291966,33,Email,1382,Yes,True
INC-13639,2026-04-13 00:41:04.291966,12,Email,1325,No,True
INC-13640,2026-04-23 01:19:04.291966,15,Chat,1049,No,True
INC-13641,2026-05-28 13:34:04.291966,41,Voice,332,No,True
INC-13642,2026-07-09 12:43:04.291966,39,Email,1470,No,True
INC-13643,2026-04-04 13:28:04.291966,2,Voice,397,No,True
INC-13644,2026-04-17 18:09:04.291966,29,Voice,536,Yes,False
INC-13645,2026-04-05 13:40:04.291966,41,Voice,453,No,True
INC-13646,2026-08-08 06:44:04.291966,10,Voice,415,No,True
INC-13647,2026-05-21 20:58:04.291966,2,Email,1436,No,True
INC-13648,2026-05-16 16:00:04.291966,11,Chat,1307,No,True
INC-13649,2026-05-05 16:17:04.291966,13,Chat,816,No,True
INC-13650,2026-06-25 08:26:04.291966,10,Chat,691,No,True
INC-13651,2026-09-12 06:48:04.291966,14,Voice,550,Y,True
INC-13652,2026-05-23 05:22:04.291966,18,Voice,462,No,True
INC-13653,2026-07-19 21:03:04.291966,9,Chat,616,No,True
INC-13654,2026-05-12 20:11:04.291966,39,Chat,1346,No,True
INC-13655,2026-04-23 22:05:04.291966,28,Voice,437,No,True
INC-13656,2026-08-01 19:21:04.291966,3,Chat,824,No,True
INC-13657,2026-03-23 14:45:04.291966,20,Voice,499,No,True
INC-13658,2026-06-30 05:27:04.291966,6,Voice,687,N,True
INC-13659,2026-06-06 02:42:04.291966,27,Voice,278,No,True
INC-13660,2026-03-30 08:25:04.291966,2,Voice,513,No,True
INC-13661,2026-06-14 07:06:04.291966,29,Email,2126,No,True
INC-13662,2026-07-26 06:38:04.291966,38,Email,1538,No,True
INC-13663,2026-08-06 01:45:04.291966,3,Voice,331,N,True
INC-13664,2026-06-30 12:01:04.291966,16,Chat,776,No,True
INC-13665,2026-06-04 21:04:04.291966,30,Chat,941,No,True
INC-13666,2026-07-07 00:28:04.291966,40,Voice,639,No,False
INC-13667,2026-05-05 08:07:04.291966,2,Voice,439,No,True
INC-13668,2026-05-27 17:05:04.291966,17,Email,1747,N,False
INC-13669,2026-03-27 20:02:04.291966,41,Chat,612,No,True
INC-13670,2026-07-02 13:27:04.291966,12,Email,1066,No,True
INC-13671,2026-06-10 02:53:04.291966,35,Voice,422,No,False
INC-13672,2026-04-28 08:47:04.291966,43,Chat,1187,N,False
INC-13673,2026-07-24 07:14:04.291966,1,Voice,488,No,True
INC-13674,2026-03-26 14:30:04.291966,45,Voice,514,Y,True
INC-13675,2026-07-06 15:38:04.291966,15,Chat,955,No,True
INC-13676,2026-06-16 09:24:04.291966,26,Voice,613,No,True
INC-13677,2026-08-08 11:42:04.291966,37,Voice,406,No,True
INC-13678,2026-07-09 01:31:04.291966,21,Voice,562,Yes,True
INC-13679,2026-04-16 01:15:04.291966,49,Voice,380,No,True
INC-13680,2026-07-23 21:52:04.291966,31,Chat,1296,No,True
INC-13681,2026-03-28 17:22:04.291966,25,Voice,383,No,True
INC-13682,2026-05-15 11:08:04.291966,23,Voice,374,,True
INC-13683,2026-05-10 12:34:04.291966,24,Voice,545,N,True
INC-13684,2026-05-11 15:14:04.291966,38,Voice,489,N,True
INC-13685,2026-06-23 20:07:04.291966,28,Chat,965,No,True
INC-13686,2026-09-04 04:25:04.291966,21,Voice,507,No,True
INC-13687,2026-03-29 04:11:04.291966,43,Chat,681,No,True
INC-13688,2026-04-24 23:47:04.291966,18,Voice,673,No,True
INC-13689,2026-07-11 21:16:04.291966,36,Voice,587,N,True
INC-13690,2026-06-07 09:47:04.291966,35,Email,1907,N,False
INC-13691,2026-04-26 15:56:04.291966,45,Chat,794,No,True
INC-13692,2026-06-28 16:35:04.291966,9,Voice,529,N,True
INC-13693,2026-06-25 08:36:04.291966,38,Email,1559,No,True
INC-13694,2026-07-21 15:33:04.291966,30,Voice,615,No,True
INC-13695,2026-07-18 02:32:04.291966,44,Email,1848,,True
INC-13696,2026-06-27 13:14:04.291966,34,Chat,938,No,False
INC-13697,2026-04-23 19:40:04.291966,32,Chat,596,No,True
INC-13698,2026-04-21 13:25:04.291966,3,Email,2033,No,True
INC-13699,2026-08-12 05:04:04.291966,3,Voice,546,No,True
INC-13700,2026-08-31 17:01:04.291966,28,Chat,778,No,True
INC-13701,2026-06-02 02:55:04.291966,44,Voice,528,No,True
INC-13702,2026-09-03 22:09:04.291966,15,Voice,298,No,True
INC-13703,2026-06-01 23:57:04.291966,41,Voice,606,No,True
INC-13704,2026-04-05 05:02:04.291966,23,Voice,303,No,True
INC-13705,2026-04-22 08:18:04.291966,40,Chat,855,N,False
INC-13706,2026-05-19 16:57:04.291966,11,Chat,948,Yes,True
INC-13707,2026-06-26 17:33:04.291966,48,Chat,1107,No,True
INC-13708,2026-05-29 18:25:04.291966,32,Voice,492,No,False
INC-13709,2026-04-27 01:49:04.291966,36,Voice,556,N,True
INC-13710,2026-06-14 17:16:04.291966,33,Email,1491,No,True
INC-13711,2026-06-07 14:22:04.291966,24,Voice,476,,False
INC-13712,2026-03-27 06:49:04.291966,39,Chat,917,No,False
INC-13713,2026-03-23 16:33:04.291966,34,Chat,862,No,True
INC-13714,2026-06-19 07:05:04.291966,28,Chat,562,No,True
INC-13715,2026-06-30 02:05:04.291966,37,Chat,746,No,True
INC-13716,2026-07-15 09:29:04.291966,7,Email,1573,No,True
INC-13717,2026-07-30 06:10:04.291966,4,Voice,450,No,True
INC-13718,2026-08-22 05:53:04.291966,37,Email,1453,No,True
INC-13719,2026-08-08 18:16:04.291966,1,Voice,441,No,True
INC-13720,2026-04-01 15:58:04.291966,1,Voice,376,Yes,True
INC-13721,2026-04-11 02:35:04.291966,47,Voice,420,No,True
INC-13722,2026-07-11 08:22:04.291966,20,Chat,838,No,True
INC-13723,2026-03-20 02:14:04.291966,19,Voice,480,No,True
INC-13724,2026-05-02 03:11:04.291966,29,Voice,527,No,False
INC-13725,2026-08-30 16:13:04.291966,10,Voice,458,No,True
INC-13726,2026-09-13 01:43:04.291966,18,Email,1191,Yes,True
INC-13727,2026-03-25 05:27:04.291966,28,Email,1080,No,True
INC-13728,2026-03-29 07:46:04.291966,35,Chat,1419,No,True
INC-13729,2026-07-06 22:55:04.291966,43,Chat,674,Y,True
INC-13730,2026-07-20 10:14:04.291966,47,Voice,417,No,True
INC-13731,2026-04-27 08:38:04.291966,31,Voice,542,No,True
INC-13732,2026-09-01 01:09:04.291966,27,Email,1608,No,False
INC-13733,2026-04-25 08:52:04.291966,11,Voice,542,No,True
INC-13734,2026-05-13 08:56:04.291966,49,Voice,426,,True
INC-13735,2026-05-20 07:35:04.291966,49,Voice,508,No,True
INC-13736,2026-08-01 01:20:04.291966,38,Voice,487,Yes,True
INC-13737,2026-06-06 00:01:04.291966,5,Voice,442,No,True
INC-13738,2026-08-07 15:47:04.291966,8,Chat,949,No,False
INC-13739,2026-04-21 12:31:04.291966,34,Voice,606,No,True
INC-13740,2026-05-07 10:24:04.291966,48,Chat,895,No,True
INC-13741,2026-04-17 11:24:04.291966,12,Voice,478,No,True
INC-13742,2026-03-20 17:30:04.291966,38,Voice,608,No,True
INC-13743,2026-07-12 04:39:04.291966,1,Voice,595,No,True
INC-13744,2026-05-07 10:30:04.291966,31,Chat,1216,No,True
INC-13745,2026-08-28 18:01:04.291966,4,Voice,269,No,True
INC-13746,2026-08-24 06:19:04.291966,49,Chat,1081,No,True
INC-13747,2026-09-16 18:39:04.291966,45,Chat,1020,No,True
INC-13748,2026-05-15 12:19:04.291966,50,Chat,722,No,True
INC-13749,2026-05-03 21:19:04.291966,5,Voice,510,No,True
INC-13750,2026-05-23 04:53:04.291966,30,Voice,606,No,True
INC-13751,2026-08-13 19:12:04.291966,24,Voice,380,No,True
INC-13752,2026-08-03 19:42:04.291966,3,Chat,988,No,True
INC-13753,2026-05-18 09:32:04.291966,11,Voice,584,No,True
INC-13754,2026-07-12 08:39:04.291966,45,Email,1178,Yes,True
INC-13755,2026-07-22 23:40:04.291966,4,Email,1457,No,True
INC-13756,2026-07-01 04:01:04.291966,26,Voice,516,No,True
INC-13757,2026-05-18 04:46:04.291966,27,Voice,384,Yes,False
INC-13758,2026-05-11 17:17:04.291966,46,Chat,724,No,True
INC-13759,2026-08-16 16:27:04.291966,43,Voice,463,No,True
INC-13760,2026-08-11 09:24:04.291966,27,Voice,576,N,True
INC-13761,2026-03-23 18:32:04.291966,42,Email,1693,No,False
INC-13762,2026-07-30 16:14:04.291966,50,Voice,376,No,True
INC-13763,2026-03-31 20:19:04.291966,6,Email,1695,No,True
INC-13764,2026-06-30 19:14:04.291966,15,Chat,732,No,True
INC-13765,2026-07-06 00:16:04.291966,30,Chat,577,Yes,True
INC-13766,2026-06-30 11:56:04.291966,42,Voice,435,No,True
INC-13767,2026-05-17 12:09:04.291966,37,Voice,614,No,True
INC-13768,2026-06-25 21:00:04.291966,37,Chat,1031,No,True
INC-13769,2026-08-05 19:01:04.291966,42,Voice,479,N,True
INC-13770,2026-09-02 11:54:04.291966,37,Voice,429,No,True
INC-13771,2026-07-16 04:41:04.291966,35,Voice,433,N,True
INC-13772,2026-09-06 12:08:04.291966,23,Voice,493,,True
INC-13773,2026-06-13 12:43:04.291966,6,Voice,351,No,True
INC-13774,2026-09-13 18:16:04.291966,4,Chat,830,No,True
INC-13775,2026-07-02 14:12:04.291966,18,Voice,454,No,True
INC-13776,2026-06-13 10:07:04.291966,9,Voice,317,N,True
INC-13777,2026-04-04 18:03:04.291966,49,Chat,732,No,True
INC-13778,2026-09-12 03:47:04.291966,29,Email,1623,No,True
INC-13779,2026-08-31 12:22:04.291966,13,Voice,481,No,True
INC-13780,2026-04-22 19:52:04.291966,47,Voice,442,No,True
INC-13781,2026-07-05 02:31:04.291966,17,Chat,717,No,True
INC-13782,2026-05-30 15:03:04.291966,45,Email,1973,No,True
INC-13783,2026-03-25 21:21:04.291966,32,Chat,732,N,True
INC-13784,2026-09-07 18:14:04.291966,48,Chat,950,Yes,False
INC-13785,2026-04-19 19:57:04.291966,22,Voice,421,,True
INC-13786,2026-09-14 10:46:04.291966,4,Chat,907,Yes,True
INC-13787,2026-09-06 18:55:04.291966,5,Voice,534,N,True
INC-13788,2026-09-10 20:30:04.291966,37,Chat,625,No,True
INC-13789,2026-06-10 03:59:04.291966,41,Chat,898,No,False
INC-13790,2026-03-20 08:53:04.291966,49,Email,1857,No,True
INC-13791,2026-04-20 00:26:04.291966,13,Voice,691,No,True
INC-13792,2026-04-06 14:24:04.291966,34,Voice,464,N,True
INC-13793,2026-04-26 05:29:04.291966,45,Chat,908,No,True
INC-13794,2026-07-14 06:58:04.291966,22,Chat,1342,No,True
INC-13795,2026-07-02 22:11:04.291966,23,Chat,1126,No,True
INC-13796,2026-04-02 17:35:04.291966,3,Voice,405,No,False
INC-13797,2026-08-12 12:23:04.291966,42,Voice,405,No,True
INC-13798,2026-03-21 21:09:04.291966,34,Chat,1091,No,True
INC-13799,2026-05-11 07:30:04.291966,32,Voice,358,No,True
INC-13800,2026-08-31 10:27:04.291966,45,Email,1826,No,True
INC-13801,2026-03-30 08:23:04.291966,49,Voice,520,Y,False
INC-13802,2026-03-24 05:45:04.291966,21,Chat,1003,No,True
INC-13803,2026-07-09 22:34:04.291966,46,Chat,848,No,True
INC-13804,2026-04-30 06:42:04.291966,44,Chat,774,No,True
INC-13805,2026-05-01 03:46:04.291966,21,Voice,655,No,True
INC-13806,2026-09-11 01:08:04.291966,44,Email,1425,No,True
INC-13807,2026-04-05 20:35:04.291966,11,Voice,430,No,True
INC-13808,2026-09-14 12:31:04.291966,39,Chat,883,N,True
INC-13809,2026-07-17 05:21:04.291966,4,Voice,503,No,True
INC-13810,2026-08-18 09:38:04.291966,1,Voice,356,No,False
INC-13811,2026-05-01 22:12:04.291966,28,Voice,412,No,True
INC-13812,2026-05-26 03:27:04.291966,24,Voice,405,No,True
INC-13813,2026-05-07 15:14:04.291966,35,Email,1753,,True
INC-13814,2026-08-30 11:51:04.291966,13,Voice,373,,True
INC-13815,2026-09-16 11:20:04.291966,47,Chat,548,No,True
INC-13816,2026-08-01 10:24:04.291966,34,Email,909,No,True
INC-13817,2026-03-19 22:15:04.291966,11,Voice,303,No,True
INC-13818,2026-07-31 15:03:04.291966,36,Chat,1172,No,True
INC-13819,2026-06-22 16:26:04.291966,17,Voice,481,No,True
INC-13820,2026-05-11 17:42:04.291966,35,Voice,540,No,True
INC-13821,2026-08-20 00:06:04.291966,18,Voice,544,No,True
INC-13822,2026-04-06 06:21:04.291966,40,Email,1516,No,True
INC-13823,2026-04-19 13:50:04.291966,22,Voice,471,No,True
INC-13824,2026-08-28 17:06:04.291966,24,Chat,1108,No,True
INC-13825,2026-05-01 06:24:04.291966,19,Chat,929,No,False
INC-13826,2026-05-26 19:53:04.291966,37,Email,1919,No,True
INC-13827,2026-09-07 23:43:04.291966,39,Voice,554,No,True
INC-13828,2026-05-28 02:44:04.291966,21,Chat,776,No,True
INC-13829,2026-05-28 17:29:04.291966,8,Chat,800,No,True
INC-13830,2026-08-10 02:20:04.291966,28,Chat,754,No,True
INC-13831,2026-03-21 00:55:04.291966,5,Email,1865,No,True
INC-13832,2026-06-22 08:37:04.291966,17,Email,1378,Yes,True
INC-13833,2026-07-21 22:18:04.291966,37,Voice,384,No,True
INC-13834,2026-05-21 13:29:04.291966,36,Voice,518,No,True
INC-13835,2026-07-02 22:32:04.291966,19,Voice,468,Yes,True
INC-13836,2026-08-12 10:34:04.291966,27,Voice,515,No,True
INC-13837,2026-07-16 16:50:04.291966,34,Voice,706,No,True
INC-13838,2026-08-04 11:18:04.291966,11,Voice,589,No,True
INC-13839,2026-07-14 05:22:04.291966,45,Voice,483,No,True
INC-13840,2026-03-20 00:47:04.291966,47,Email,1077,No,True
INC-13841,2026-04-18 07:02:04.291966,12,Voice,420,No,True
INC-13842,2026-07-28 07:11:04.291966,21,Email,1713,N,True
INC-13843,2026-04-26 21:34:04.291966,11,Voice,339,No,True
INC-13844,2026-08-13 15:21:04.291966,39,Chat,1328,No,True
INC-13845,2026-08-21 20:52:04.291966,28,Email,1504,,True
INC-13846,2026-05-22 12:24:04.291966,5,Voice,485,No,True
INC-13847,2026-05-30 17:32:04.291966,17,Voice,400,No,True
INC-13848,2026-09-09 07:55:04.291966,20,Voice,539,No,True
INC-13849,2026-07-09 01:17:04.291966,41,Voice,341,No,True
INC-13850,2026-07-15 23:47:04.291966,46,Email,2149,No,True
INC-13851,2026-07-17 14:48:04.291966,12,Email,1895,Y,True
INC-13852,2026-07-02 16:00:04.291966,6,Voice,598,No,True
INC-13853,2026-07-12 10:05:04.291966,17,Voice,313,No,True
INC-13854,2026-05-30 14:57:04.291966,19,Voice,504,,True
INC-13855,2026-06-01 10:39:04.291966,26,Voice,625,No,True
INC-13856,2026-03-27 00:45:04.291966,48,Chat,1018,No,True
INC-13857,2026-07-14 12:23:04.291966,44,Voice,359,No,True
INC-13858,2026-04-20 01:04:04.291966,44,Chat,769,No,False
INC-13859,2026-08-06 07:13:04.291966,32,Voice,425,No,False
INC-13860,2026-08-13 14:02:04.291966,6,Voice,407,Yes,True
INC-13861,2026-05-27 17:37:04.291966,36,Chat,1205,No,False
INC-13862,2026-04-26 03:57:04.291966,38,Voice,249,No,True
INC-13863,2026-04-18 17:21:04.291966,11,Email,1696,No,True
INC-13864,2026-09-08 23:00:04.291966,33,Email,1112,No,True
INC-13865,2026-07-10 11:23:04.291966,24,Voice,364,Yes,True
INC-13866,2026-06-22 00:38:04.291966,23,Voice,238,No,True
INC-13867,2026-05-18 05:59:04.291966,15,Email,1335,No,True
INC-13868,2026-07-27 16:28:04.291966,27,Email,1953,N,False
INC-13869,2026-04-08 12:22:04.291966,11,Email,1579,No,True
INC-13870,2026-04-22 05:23:04.291966,50,Voice,336,No,True
INC-13871,2026-09-03 14:27:04.291966,17,Email,1805,No,True
INC-13872,2026-09-11 23:25:04.291966,14,Voice,627,No,True
INC-13873,2026-05-06 03:48:04.291966,27,Chat,920,No,True
INC-13874,2026-09-07 23:16:04.291966,18,Email,2110,Yes,True
INC-13875,2026-07-13 04:59:04.291966,28,Voice,578,No,False
INC-13876,2026-08-18 04:19:04.291966,47,Email,1704,No,False
INC-13877,2026-04-19 16:07:04.291966,47,Voice,383,No,True
INC-13878,2026-03-23 12:04:04.291966,4,Email,1688,No,True
INC-13879,2026-09-01 23:23:04.291966,7,Voice,506,No,True
INC-13880,2026-07-08 18:35:04.291966,45,Email,1655,,True
INC-13881,2026-06-06 03:09:04.291966,35,Voice,397,No,True
INC-13882,2026-08-07 23:02:04.291966,48,Chat,925,No,True
INC-13883,2026-05-24 11:54:04.291966,9,Chat,736,N,True
INC-13884,2026-07-12 20:41:04.291966,8,Voice,222,N,True
INC-13885,2026-08-18 21:04:04.291966,45,Voice,599,No,True
INC-13886,2026-06-16 06:16:04.291966,17,Chat,599,No,True
INC-13887,2026-09-01 06:39:04.291966,17,Voice,492,No,True
INC-13888,2026-08-15 20:40:04.291966,49,Chat,966,No,True
INC-13889,2026-05-22 10:44:04.291966,33,Voice,519,No,True
INC-13890,2026-06-14 02:20:04.291966,32,Email,1415,No,True
INC-13891,2026-05-10 22:05:04.291966,8,Voice,512,No,True
INC-13892,2026-05-24 05:56:04.291966,19,Voice,536,No,True
INC-13893,2026-07-13 15:37:04.291966,38,Voice,568,N,True
INC-13894,2026-06-12 04:39:04.291966,3,Voice,688,No,True
INC-13895,2026-07-24 02:48:04.291966,5,Voice,508,No,True
INC-13896,2026-04-10 08:18:04.291966,13,Voice,487,No,True
INC-13897,2026-04-19 01:16:04.291966,47,Email,1227,Yes,True
INC-13898,2026-05-24 09:24:04.291966,46,Chat,987,N,True
INC-13899,2026-04-16 05:31:04.291966,31,Chat,1033,No,True
INC-13900,2026-05-04 10:05:04.291966,16,Voice,456,No,True
INC-13901,2026-05-08 11:27:04.291966,50,Chat,1008,No,True
INC-13902,2026-07-02 07:22:04.291966,32,Voice,444,No,False
INC-13903,2026-09-07 19:56:04.291966,22,Chat,1034,No,True
INC-13904,2026-06-12 23:41:04.291966,29,Voice,589,No,True
INC-13905,2026-06-25 08:44:04.291966,22,Voice,587,No,True
INC-13906,2026-06-30 12:56:04.291966,43,Voice,494,No,False
INC-13907,2026-06-21 11:47:04.291966,3,Email,1188,No,True
INC-13908,2026-06-10 12:20:04.291966,10,Voice,406,No,True
INC-13909,2026-06-28 16:18:04.291966,42,Chat,1019,No,True
INC-13910,2026-08-11 02:45:04.291966,21,Voice,773,Yes,True
INC-13911,2026-05-15 21:18:04.291966,16,Chat,831,No,True
INC-13912,2026-06-20 16:14:04.291966,12,Email,1636,No,True
INC-13913,2026-07-12 13:04:04.291966,2,Voice,413,No,True
INC-13914,2026-05-13 06:13:04.291966,41,Voice,363,No,True
INC-13915,2026-08-05 02:23:04.291966,24,Email,1297,No,True
INC-13916,2026-06-30 10:54:04.291966,35,Chat,483,No,True
INC-13917,2026-05-09 01:41:04.291966,30,Voice,642,No,True
INC-13918,2026-08-08 22:10:04.291966,30,Chat,453,N,True
INC-13919,2026-09-12 01:00:04.291966,47,Chat,847,No,False
INC-13920,2026-08-16 02:32:04.291966,35,Voice,338,No,True
INC-13921,2026-07-22 10:48:04.291966,19,Email,1234,,False
INC-13922,2026-06-22 18:08:04.291966,50,Voice,645,No,True
INC-13923,2026-06-14 00:37:04.291966,8,Voice,504,No,True
INC-13924,2026-04-29 10:53:04.291966,26,Chat,706,No,True
INC-13925,2026-06-01 03:37:04.291966,49,Voice,409,No,True
INC-13926,2026-06-20 02:28:04.291966,40,Voice,388,No,True
INC-13927,2026-05-30 09:49:04.291966,7,Chat,891,N,True
INC-13928,2026-08-17 19:31:04.291966,30,Email,1551,No,True
INC-13929,2026-05-07 22:45:04.291966,7,Email,2068,No,True
INC-13930,2026-08-14 21:21:04.291966,3,Email,925,No,True
INC-13931,2026-05-20 04:04:04.291966,1,Email,1489,No,False
INC-13932,2026-07-24 16:50:04.291966,36,Voice,442,No,False
INC-13933,2026-06-14 08:06:04.291966,25,Voice,593,No,True
INC-13934,2026-07-25 15:06:04.291966,37,Email,1606,No,True
INC-13935,2026-06-11 01:01:04.291966,1,Voice,550,No,True
INC-13936,2026-08-12 04:39:04.291966,15,Chat,969,Y,True
INC-13937,2026-08-18 01:36:04.291966,37,Chat,713,No,True
INC-13938,2026-04-19 09:47:04.291966,13,Voice,625,No,True
INC-13939,2026-08-13 04:45:04.291966,40,Email,1739,No,True
INC-13940,2026-05-22 15:57:04.291966,8,Chat,1083,No,True
INC-13941,2026-06-12 02:57:04.291966,5,Voice,631,No,True
INC-13942,2026-06-08 21:00:04.291966,9,Email,1625,No,True
INC-13943,2026-04-20 13:32:04.291966,1,Voice,657,No,True
INC-13944,2026-07-09 01:16:04.291966,36,Voice,525,No,True
INC-13945,2026-06-16 11:32:04.291966,35,Chat,856,N,True
INC-13946,2026-04-03 07:29:04.291966,2,Email,1498,No,True
INC-13947,2026-08-06 07:53:04.291966,40,Chat,895,No,False
INC-13948,2026-07-21 15:31:04.291966,23,Chat,796,No,True
INC-13949,2026-05-13 14:35:04.291966,9,Chat,1226,No,True
INC-13950,2026-08-11 15:57:04.291966,34,Voice,515,N,True
INC-13951,2026-08-06 14:09:04.291966,46,Email,1528,No,True
INC-13952,2026-05-15 04:24:04.291966,14,Email,1616,No,True
INC-13953,2026-07-28 07:40:04.291966,4,Voice,837,No,True
INC-13954,2026-08-19 06:43:04.291966,30,Voice,344,No,False
INC-13955,2026-04-12 12:03:04.291966,31,Email,1246,Yes,True
INC-13956,2026-08-12 10:36:04.291966,38,Email,1085,N,True
INC-13957,2026-08-02 20:48:04.291966,11,Email,1430,Yes,True
INC-13958,2026-04-30 19:36:04.291966,35,Email,1573,No,True
INC-13959,2026-06-04 11:35:04.291966,8,Chat,806,No,True
INC-13960,2026-07-09 15:14:04.291966,3,Chat,792,No,False
INC-13961,2026-06-02 03:29:04.291966,14,Chat,928,No,True
INC-13962,2026-03-21 05:39:04.291966,13,Voice,419,No,True
INC-13963,2026-03-29 01:01:04.291966,45,Chat,962,No,False
INC-13964,2026-04-16 20:01:04.291966,32,Chat,1122,No,True
INC-13965,2026-06-23 14:31:04.291966,34,Chat,1035,No,True
INC-13966,2026-08-30 21:36:04.291966,45,Chat,1076,N,True
INC-13967,2026-05-28 18:39:04.291966,19,Voice,610,No,True
INC-13968,2026-04-29 08:14:04.291966,38,Voice,513,No,True
INC-13969,2026-07-05 16:28:04.291966,16,Voice,460,No,True
INC-13970,2026-09-06 23:38:04.291966,2,Voice,387,No,True
INC-13971,2026-07-28 13:56:04.291966,40,Voice,433,No,True
INC-13972,2026-08-16 16:40:04.291966,17,Email,1342,No,True
INC-13973,2026-04-06 01:02:04.291966,34,Voice,567,No,False
INC-13974,2026-06-08 19:26:04.291966,42,Voice,521,No,True
INC-13975,2026-04-23 14:23:04.291966,16,Chat,1039,No,True
INC-13976,2026-08-15 21:25:04.291966,38,Chat,667,No,True
INC-13977,2026-07-24 13:05:04.291966,2,Voice,651,No,True
INC-13978,2026-04-12 05:40:04.291966,2,Chat,814,No,True
INC-13979,2026-07-24 00:44:04.291966,26,Chat,679,No,True
INC-13980,2026-09-11 18:50:04.291966,13,Voice,427,N,True
INC-13981,2026-07-20 15:28:04.291966,47,Voice,778,No,True
INC-13982,2026-08-24 00:31:04.291966,31,Email,1383,No,True
INC-13983,2026-04-23 07:16:04.291966,34,Email,1402,No,True
INC-13984,2026-08-08 15:07:04.291966,39,Chat,861,No,True
INC-13985,2026-06-12 18:52:04.291966,3,Voice,462,No,True
INC-13986,2026-08-29 17:04:04.291966,8,Voice,386,No,True
INC-13987,2026-04-13 08:14:04.291966,23,Chat,928,No,True
INC-13988,2026-07-30 08:33:04.291966,14,Voice,609,No,True
INC-13989,2026-07-28 04:54:04.291966,27,Voice,517,No,True
INC-13990,2026-04-26 20:12:04.291966,29,Chat,677,No,True
INC-13991,2026-09-02 14:43:04.291966,39,Voice,438,No,True
INC-13992,2026-05-14 10:12:04.291966,39,Chat,789,No,False
INC-13993,2026-05-14 21:01:04.291966,1,Email,1515,No,True
INC-13994,2026-03-29 10:19:04.291966,17,Voice,639,No,True
INC-13995,2026-03-30 18:06:04.291966,41,Email,1455,No,True
INC-13996,2026-07-26 00:27:04.291966,30,Voice,469,No,True
INC-13997,2026-07-06 10:01:04.291966,13,Email,2033,N,True
INC-13998,2026-04-19 15:10:04.291966,21,Voice,585,Yes,True
INC-13999,2026-04-07 19:02:04.291966,19,Voice,548,No,True
INC-14000,2026-07-21 18:20:04.291966,19,Chat,1291,Yes,False
INC-14001,2026-08-24 18:02:04.291966,25,Voice,538,No,True
INC-14002,2026-07-23 03:19:04.291966,22,Email,904,No,False
INC-14003,2026-05-04 10:41:04.291966,31,Voice,579,No,True
INC-14004,2026-06-28 03:49:04.291966,17,Voice,288,No,True
INC-14005,2026-05-29 11:06:04.291966,23,Chat,990,No,True
INC-14006,2026-05-03 04:30:04.291966,32,Voice,274,,True
INC-14007,2026-04-09 05:00:04.291966,10,Voice,423,No,True
INC-14008,2026-06-09 03:17:04.291966,10,Chat,827,Yes,True
INC-14009,2026-07-16 14:06:04.291966,36,Chat,745,No,True
INC-14010,2026-07-15 09:08:04.291966,8,Email,1395,Yes,False
INC-14011,2026-08-29 01:45:04.291966,20,Email,1809,N,True
INC-14012,2026-03-20 16:19:04.291966,32,Voice,394,No,True
INC-14013,2026-08-01 23:20:04.291966,50,Chat,1009,No,True
INC-14014,2026-07-20 01:39:04.291966,14,Voice,364,No,False
INC-14015,2026-05-14 04:59:04.291966,50,Chat,862,No,False
INC-14016,2026-05-25 18:27:04.291966,28,Voice,518,No,True
INC-14017,2026-06-24 20:49:04.291966,46,Email,1201,No,True
INC-14018,2026-04-17 03:21:04.291966,24,Chat,637,No,True
INC-14019,2026-06-15 06:13:04.291966,15,Email,1647,,False
INC-14020,2026-03-24 22:51:04.291966,22,Email,1836,No,True
INC-14021,2026-07-02 07:22:04.291966,30,Email,1476,No,True
INC-14022,2026-07-16 22:42:04.291966,4,Email,1362,Yes,True
INC-14023,2026-04-01 08:54:04.291966,13,Voice,498,No,True
INC-14024,2026-06-08 12:35:04.291966,23,Voice,486,Yes,True
INC-14025,2026-04-15 11:29:04.291966,8,Voice,509,N,True
INC-14026,2026-06-28 13:12:04.291966,18,Voice,176,No,False
INC-14027,2026-06-04 23:20:04.291966,12,Chat,686,No,True
INC-14028,2026-06-24 08:29:04.291966,31,Chat,730,No,True
INC-14029,2026-07-22 10:16:04.291966,14,Chat,930,,True
INC-14030,2026-05-11 15:54:04.291966,34,Email,1555,No,True
INC-14031,2026-04-01 14:40:04.291966,18,Email,1690,No,True
INC-14032,2026-05-30 01:14:04.291966,34,Voice,510,No,False
INC-14033,2026-06-04 16:35:04.291966,11,Voice,323,No,True
INC-14034,2026-06-07 15:30:04.291966,41,Voice,653,Yes,False
INC-14035,2026-06-28 13:25:04.291966,12,Voice,632,No,True
INC-14036,2026-07-22 09:00:04.291966,49,Chat,648,N,True
INC-14037,2026-05-04 07:44:04.291966,15,Chat,966,N,True
INC-14038,2026-04-07 08:00:04.291966,31,Chat,780,No,True
INC-14039,2026-07-13 19:46:04.291966,49,Email,1541,No,True
INC-14040,2026-08-27 23:28:04.291966,29,Email,1815,Yes,True
INC-14041,2026-07-22 21:38:04.291966,26,Voice,735,No,True
INC-14042,2026-08-13 15:58:04.291966,18,Chat,1050,No,True
INC-14043,2026-04-30 07:54:04.291966,32,Voice,515,No,True
INC-14044,2026-07-18 11:34:04.291966,22,Voice,439,Y,False
INC-14045,2026-06-13 06:55:04.291966,38,Voice,501,No,True
INC-14046,2026-08-30 13:52:04.291966,17,Voice,643,No,False
INC-14047,2026-04-29 01:45:04.291966,23,Voice,474,No,True
INC-14048,2026-07-21 04:11:04.291966,24,Voice,373,Yes,True
INC-14049,2026-09-05 11:37:04.291966,50,Chat,576,No,True
INC-14050,2026-07-16 00:29:04.291966,8,Chat,1002,No,True
INC-14051,2026-04-06 12:28:04.291966,41,Voice,509,N,True
INC-14052,2026-06-19 00:08:04.291966,6,Voice,402,No,False
INC-14053,2026-09-01 06:24:04.291966,5,Email,1807,No,True
INC-14054,2026-05-25 17:35:04.291966,44,Voice,429,No,True
INC-14055,2026-09-10 13:27:04.291966,29,Email,1459,No,False
INC-14056,2026-05-07 10:50:04.291966,28,Chat,896,No,True
INC-14057,2026-04-30 15:43:04.291966,11,Voice,437,No,True
INC-14058,2026-05-16 05:41:04.291966,1,Voice,508,No,True
INC-14059,2026-03-25 22:41:04.291966,43,Voice,618,No,True
INC-14060,2026-06-24 07:16:04.291966,19,Voice,342,No,True
INC-14061,2026-09-01 18:21:04.291966,9,Voice,538,Yes,True
INC-14062,2026-06-26 23:44:04.291966,27,Chat,934,No,True
INC-14063,2026-07-28 15:12:04.291966,34,Voice,498,N,True
INC-14064,2026-05-07 10:52:04.291966,44,Chat,1074,No,True
INC-14065,2026-05-18 11:36:04.291966,4,Chat,909,No,True
INC-14066,2026-08-06 14:55:04.291966,36,Voice,537,No,False
INC-14067,2026-07-23 04:21:04.291966,18,Voice,565,No,True
INC-14068,2026-08-26 14:29:04.291966,15,Voice,419,No,True
INC-14069,2026-07-19 19:41:04.291966,13,Voice,515,No,False
INC-14070,2026-06-03 00:02:04.291966,19,Chat,849,N,True
INC-14071,2026-04-19 11:28:04.291966,49,Voice,464,No,False
INC-14072,2026-06-19 06:38:04.291966,6,Chat,835,No,True
INC-14073,2026-04-08 17:33:04.291966,48,Voice,536,No,True
INC-14074,2026-05-11 11:31:04.291966,12,Voice,489,No,True
INC-14075,2026-08-01 14:36:04.291966,37,Chat,978,N,True
INC-14076,2026-07-17 05:41:04.291966,17,Chat,896,No,True
INC-14077,2026-06-19 06:39:04.291966,23,Voice,287,No,True
INC-14078,2026-08-25 16:35:04.291966,26,Voice,483,No,True
INC-14079,2026-04-23 02:25:04.291966,29,Chat,912,No,True
INC-14080,2026-05-31 07:31:04.291966,33,Voice,509,No,True
INC-14081,2026-05-03 16:28:04.291966,27,Voice,408,No,True
INC-14082,2026-06-23 20:59:04.291966,25,Chat,660,No,True
INC-14083,2026-06-18 07:03:04.291966,10,Voice,554,N,True
INC-14084,2026-07-24 17:43:04.291966,47,Chat,845,No,True
INC-14085,2026-08-13 03:59:04.291966,23,Chat,934,Yes,True
INC-14086,2026-03-30 00:19:04.291966,21,Chat,843,No,False
INC-14087,2026-08-04 03:29:04.291966,21,Chat,898,No,False
INC-14088,2026-03-28 02:40:04.291966,43,Chat,810,No,True
INC-14089,2026-04-06 23:53:04.291966,13,Chat,706,Yes,False
INC-14090,2026-03-25 02:28:04.291966,37,Email,1642,No,False
INC-14091,2026-08-05 19:13:04.291966,33,Voice,407,No,True
INC-14092,2026-04-06 20:00:04.291966,24,Voice,499,No,True
INC-14093,2026-08-19 12:01:04.291966,44,Chat,982,Yes,True
INC-14094,2026-08-20 07:35:04.291966,11,Chat,782,No,True
INC-14095,2026-04-15 23:04:04.291966,17,Voice,335,Yes,True
INC-14096,2026-06-16 00:04:04.291966,4,Email,2227,No,True
INC-14097,2026-07-25 12:50:04.291966,47,Voice,416,No,False
INC-14098,2026-08-27 22:53:04.291966,25,Chat,1024,No,True
INC-14099,2026-07-04 07:49:04.291966,30,Chat,1287,No,True
INC-14100,2026-06-04 13:04:04.291966,9,Email,1736,No,True
INC-14101,2026-07-26 22:14:04.291966,21,Voice,443,,True
INC-14102,2026-04-17 23:14:04.291966,20,Chat,886,No,True
INC-14103,2026-05-18 00:15:04.291966,19,Voice,380,No,True
INC-14104,2026-06-27 04:36:04.291966,19,Voice,585,No,False
INC-14105,2026-05-16 09:10:04.291966,12,Voice,547,No,True
INC-14106,2026-08-30 13:44:04.291966,37,Chat,797,No,True
INC-14107,2026-06-28 00:08:04.291966,42,Voice,354,No,True
INC-14108,2026-03-27 15:42:04.291966,17,Voice,321,No,False
INC-14109,2026-06-19 01:40:04.291966,37,Chat,1097,No,True
INC-14110,2026-05-20 21:31:04.291966,48,Chat,924,No,True
INC-14111,2026-05-17 00:19:04.291966,39,Chat,942,,True
INC-14112,2026-03-23 14:40:04.291966,28,Email,1253,No,True
INC-14113,2026-09-07 02:55:04.291966,41,Voice,304,Yes,True
INC-14114,2026-06-08 15:23:04.291966,35,Email,1788,No,False
INC-14115,2026-05-28 20:59:04.291966,47,Email,1512,,False
INC-14116,2026-08-12 19:26:04.291966,48,Voice,588,No,False
INC-14117,2026-04-04 07:01:04.291966,18,Voice,433,Yes,True
INC-14118,2026-05-08 18:21:04.291966,14,Voice,451,No,True
INC-14119,2026-05-31 03:34:04.291966,35,Voice,565,N,False
INC-14120,2026-06-14 04:57:04.291966,44,Chat,1046,Yes,True
INC-14121,2026-06-17 02:06:04.291966,41,Chat,1059,No,True
INC-14122,2026-05-06 05:42:04.291966,7,Chat,840,No,True
INC-14123,2026-06-12 19:36:04.291966,41,Chat,1022,N,True
INC-14124,2026-06-03 20:36:04.291966,13,Voice,613,No,True
INC-14125,2026-05-04 15:17:04.291966,18,Email,1468,,False
INC-14126,2026-04-20 14:20:04.291966,37,Voice,418,Yes,False
INC-14127,2026-09-07 22:50:04.291966,13,Email,1902,No,True
INC-14128,2026-05-17 00:37:04.291966,36,Voice,401,No,True
INC-14129,2026-04-25 17:38:04.291966,31,Email,1688,No,True
INC-14130,2026-09-14 10:33:04.291966,2,Voice,472,No,True
INC-14131,2026-08-20 04:20:04.291966,16,Voice,259,N,False
INC-14132,2026-06-30 22:53:04.291966,9,Voice,615,No,True
INC-14133,2026-05-20 01:47:04.291966,9,Chat,348,Yes,True
INC-14134,2026-06-21 08:47:04.291966,38,Email,904,No,True
INC-14135,2026-08-27 12:52:04.291966,11,Voice,543,No,True
INC-14136,2026-05-30 21:32:04.291966,22,Email,1658,No,True
INC-14137,2026-05-15 06:15:04.291966,33,Chat,772,No,True
INC-14138,2026-05-03 13:27:04.291966,36,Chat,929,No,True
INC-14139,2026-07-08 17:35:04.291966,45,Email,740,Yes,True
INC-14140,2026-06-11 12:21:04.291966,23,Voice,564,No,True
INC-14141,2026-08-30 18:01:04.291966,45,Voice,509,No,False
INC-14142,2026-03-25 03:15:04.291966,45,Email,1486,No,True
INC-14143,2026-06-04 09:45:04.291966,34,Email,1506,No,True
INC-14144,2026-04-25 15:06:04.291966,9,Email,1647,No,True
INC-14145,2026-05-26 15:43:04.291966,24,Email,1491,No,True
INC-14146,2026-06-19 07:57:04.291966,8,Voice,255,Yes,False
INC-14147,2026-06-22 09:21:04.291966,7,Email,2158,No,True
INC-14148,2026-03-29 17:22:04.291966,36,Voice,624,No,True
INC-14149,2026-08-15 18:26:04.291966,18,Email,1114,N,False
INC-14150,2026-08-08 00:16:04.291966,3,Voice,438,No,True
INC-14151,2026-06-25 10:40:04.291966,28,Chat,852,No,True
INC-14152,2026-07-06 14:29:04.291966,6,Chat,1115,No,False
INC-14153,2026-04-09 20:26:04.291966,44,Voice,220,No,False
INC-14154,2026-07-06 21:41:04.291966,44,Voice,420,No,True
INC-14155,2026-08-04 16:12:04.291966,21,Email,971,No,True
INC-14156,2026-08-09 18:27:04.291966,28,Email,1414,No,True
INC-14157,2026-09-08 15:42:04.291966,40,Voice,423,No,True
INC-14158,2026-04-16 16:19:04.291966,1,Chat,915,No,False
INC-14159,2026-07-01 08:56:04.291966,36,Chat,779,Yes,True
INC-14160,2026-08-04 18:59:04.291966,21,Voice,389,No,True
INC-14161,2026-07-03 13:32:04.291966,43,Voice,554,No,True
INC-14162,2026-04-12 12:01:04.291966,35,Email,1636,,True
INC-14163,2026-07-09 15:40:04.291966,13,Chat,1010,No,True
INC-14164,2026-05-16 18:35:04.291966,49,Chat,864,No,True
INC-14165,2026-08-01 23:39:04.291966,10,Chat,785,No,True
INC-14166,2026-05-16 18:57:04.291966,44,Voice,465,No,False
INC-14167,2026-04-16 00:16:04.291966,47,Voice,540,No,False
INC-14168,2026-03-27 16:52:04.291966,10,Voice,218,No,True
INC-14169,2026-08-14 23:07:04.291966,46,Voice,527,No,False
INC-14170,2026-08-07 23:18:04.291966,13,Chat,961,No,True
INC-14171,2026-06-24 02:14:04.291966,37,Email,1518,Y,False
INC-14172,2026-06-16 14:36:04.291966,38,Voice,462,,True
INC-14173,2026-06-17 14:17:04.291966,24,Voice,172,No,True
INC-14174,2026-07-24 18:37:04.291966,2,Chat,812,No,True
INC-14175,2026-04-15 15:00:04.291966,22,Email,2036,No,True
INC-14176,2026-09-08 07:47:04.291966,17,Chat,902,No,False
INC-14177,2026-05-26 16:16:04.291966,36,Email,1407,N,True
INC-14178,2026-08-02 00:09:04.291966,14,Chat,903,No,False
INC-14179,2026-08-19 00:23:04.291966,10,Chat,970,No,True
INC-14180,2026-08-31 14:50:04.291966,35,Voice,559,No,True
INC-14181,2026-05-10 06:28:04.291966,25,Voice,452,No,False
INC-14182,2026-07-14 10:28:04.291966,3,Voice,530,No,True
INC-14183,2026-08-07 17:15:04.291966,47,Chat,1235,Y,True
INC-14184,2026-04-22 09:07:04.291966,38,Email,1801,No,True
INC-14185,2026-06-30 02:36:04.291966,17,Email,2202,Yes,True
INC-14186,2026-07-29 22:39:04.291966,12,Voice,401,No,True
INC-14187,2026-08-21 10:30:04.291966,24,Voice,681,Yes,True
INC-14188,2026-03-28 16:15:04.291966,29,Voice,385,No,True
INC-14189,2026-09-09 22:04:04.291966,43,Voice,522,No,True
INC-14190,2026-08-11 22:34:04.291966,25,Chat,1046,Y,False
INC-14191,2026-03-26 09:40:04.291966,36,Email,1346,No,True
INC-14192,2026-05-05 01:16:04.291966,26,Email,1526,N,True
INC-14193,2026-06-04 23:50:04.291966,38,Chat,1082,No,True
INC-14194,2026-05-16 01:09:04.291966,1,Email,1286,N,True
INC-14195,2026-05-12 23:35:04.291966,20,Chat,1233,No,True
INC-14196,2026-03-23 05:20:04.291966,28,Voice,313,No,True
INC-14197,2026-07-04 23:01:04.291966,16,Chat,1287,,True
INC-14198,2026-08-12 02:19:04.291966,47,Chat,1100,No,False
INC-14199,2026-04-14 01:21:04.291966,17,Chat,882,Y,True
INC-14200,2026-04-16 02:42:04.291966,40,Voice,431,Yes,True
INC-14201,2026-08-13 12:08:04.291966,28,Voice,419,Y,True
INC-14202,2026-06-14 15:14:04.291966,12,Voice,463,No,True
INC-14203,2026-06-08 02:34:04.291966,27,Email,1485,No,True
INC-14204,2026-08-08 15:09:04.291966,42,Voice,630,Yes,True
INC-14205,2026-08-06 10:14:04.291966,47,Chat,1293,No,True
INC-14206,2026-04-17 11:30:04.291966,30,Chat,939,N,True
INC-14207,2026-05-24 15:01:04.291966,41,Voice,378,No,True
INC-14208,2026-04-12 20:29:04.291966,34,Chat,790,N,True
INC-14209,2026-06-04 17:36:04.291966,37,Email,1445,No,True
INC-14210,2026-09-15 09:04:04.291966,6,Voice,356,N,True
INC-14211,2026-06-16 09:24:04.291966,7,Email,1146,No,True
INC-14212,2026-05-29 18:07:04.291966,32,Voice,731,No,True
INC-14213,2026-07-26 02:49:04.291966,32,Voice,516,No,True
INC-14214,2026-07-09 12:55:04.291966,25,Email,1250,,True
INC-14215,2026-06-14 09:56:04.291966,33,Email,1744,No,True
INC-14216,2026-04-06 19:18:04.291966,7,Email,1146,No,True
INC-14217,2026-06-27 08:57:04.291966,12,Chat,680,Yes,True
INC-14218,2026-08-19 15:31:04.291966,16,Email,1259,No,False
INC-14219,2026-03-21 13:50:04.291966,16,Email,1996,N,True
INC-14220,2026-05-31 08:01:04.291966,43,Email,1424,No,False
INC-14221,2026-07-14 03:30:04.291966,36,Chat,411,No,True
INC-14222,2026-09-11 02:59:04.291966,13,Voice,625,N,True
INC-14223,2026-06-02 06:06:04.291966,7,Email,1408,No,True
INC-14224,2026-06-21 01:52:04.291966,36,Voice,258,No,True
INC-14225,2026-05-27 00:52:04.291966,47,Chat,836,No,True
INC-14226,2026-07-15 07:49:04.291966,9,Voice,542,,True
INC-14227,2026-04-24 10:26:04.291966,32,Chat,980,Yes,True
INC-14228,2026-05-25 19:34:04.291966,11,Voice,695,No,True
INC-14229,2026-05-01 06:52:04.291966,8,Voice,377,No,True
INC-14230,2026-04-02 09:10:04.291966,33,Email,1514,No,True
INC-14231,2026-04-02 22:11:04.291966,23,Voice,396,No,True
INC-14232,2026-03-24 22:01:04.291966,25,Chat,591,No,True
INC-14233,2026-04-08 11:41:04.291966,8,Voice,586,Yes,True
INC-14234,2026-09-09 16:15:04.291966,45,Voice,535,No,True
INC-14235,2026-08-21 15:43:04.291966,22,Voice,514,,True
INC-14236,2026-05-12 22:53:04.291966,4,Chat,985,No,True
INC-14237,2026-08-02 21:03:04.291966,40,Voice,397,No,True
INC-14238,2026-04-14 02:04:04.291966,3,Email,1198,Yes,True
INC-14239,2026-05-31 19:30:04.291966,29,Voice,484,No,True
INC-14240,2026-07-31 16:22:04.291966,41,Voice,619,No,True
INC-14241,2026-04-08 21:50:04.291966,29,Voice,672,,True
INC-14242,2026-05-13 18:26:04.291966,34,Voice,575,Y,True
INC-14243,2026-06-06 11:10:04.291966,34,Chat,905,No,True
INC-14244,2026-06-24 11:54:04.291966,28,Email,1580,No,False
INC-14245,2026-09-10 04:50:04.291966,13,Chat,902,No,True
INC-14246,2026-06-26 09:50:04.291966,15,Voice,356,No,False
INC-14247,2026-08-26 06:50:04.291966,23,Voice,482,No,True
INC-14248,2026-06-13 18:37:04.291966,44,Voice,319,No,True
INC-14249,2026-05-07 10:56:04.291966,26,Email,1462,Yes,True
INC-14250,2026-05-15 22:01:04.291966,4,Voice,676,N,True
INC-14251,2026-04-15 01:53:04.291966,26,Chat,1064,Yes,True
INC-14252,2026-06-08 15:12:04.291966,40,Voice,369,No,True
INC-14253,2026-07-18 11:07:04.291966,9,Voice,471,N,True
INC-14254,2026-09-16 03:38:04.291966,5,Voice,379,No,True
INC-14255,2026-08-04 19:10:04.291966,32,Voice,472,Yes,True
INC-14256,2026-07-08 09:44:04.291966,20,Chat,1108,No,True
INC-14257,2026-09-13 09:25:04.291966,50,Voice,558,No,True
INC-14258,2026-09-05 11:25:04.291966,11,Chat,1396,Yes,True
INC-14259,2026-07-21 22:09:04.291966,15,Voice,623,No,True
INC-14260,2026-04-16 12:12:04.291966,32,Email,1561,No,True
INC-14261,2026-09-13 00:34:04.291966,28,Voice,561,No,True
INC-14262,2026-06-27 02:33:04.291966,22,Email,1439,No,True
INC-14263,2026-05-16 16:38:04.291966,41,Email,1161,No,True
INC-14264,2026-08-25 04:22:04.291966,17,Email,1891,No,True
INC-14265,2026-06-18 20:45:04.291966,26,Voice,601,No,True
INC-14266,2026-07-09 06:49:04.291966,44,Chat,851,No,True
INC-14267,2026-04-17 19:33:04.291966,7,Voice,512,No,True
INC-14268,2026-04-26 17:46:04.291966,42,Voice,628,No,True
INC-14269,2026-04-23 05:52:04.291966,26,Voice,581,Yes,False
INC-14270,2026-07-21 02:57:04.291966,25,Voice,304,No,True
INC-14271,2026-08-04 02:31:04.291966,10,Email,1573,Y,True
INC-14272,2026-08-19 20:24:04.291966,45,Voice,459,Yes,True
INC-14273,2026-06-11 20:34:04.291966,19,Chat,1122,No,True
INC-14274,2026-04-21 04:21:04.291966,11,Chat,1106,No,True
INC-14275,2026-07-08 19:16:04.291966,13,Chat,1163,Yes,True
INC-14276,2026-09-01 09:33:04.291966,8,Chat,676,No,False
INC-14277,2026-08-12 09:47:04.291966,40,Voice,385,,True
INC-14278,2026-06-23 09:46:04.291966,4,Chat,1122,No,True
INC-14279,2026-08-12 13:45:04.291966,47,Voice,409,N,True
INC-14280,2026-05-01 18:14:04.291966,31,Email,1043,No,True
INC-14281,2026-05-21 02:37:04.291966,28,Chat,1006,Yes,True
INC-14282,2026-09-15 10:12:04.291966,11,Email,1335,Yes,False
INC-14283,2026-05-08 00:26:04.291966,43,Voice,694,No,True
INC-14284,2026-08-17 10:11:04.291966,1,Voice,515,No,True
INC-14285,2026-04-23 06:09:04.291966,49,Voice,499,No,True
INC-14286,2026-03-21 20:45:04.291966,47,Voice,435,No,True
INC-14287,2026-05-19 18:37:04.291966,38,Voice,670,No,True
INC-14288,2026-08-16 07:59:04.291966,24,Chat,971,No,True
INC-14289,2026-04-27 05:27:04.291966,47,Voice,430,No,True
INC-14290,2026-08-15 11:32:04.291966,31,Chat,741,No,True
INC-14291,2026-05-08 04:16:04.291966,41,Email,1477,,True
INC-14292,2026-05-29 04:42:04.291966,46,Chat,704,N,True
INC-14293,2026-03-26 20:20:04.291966,50,Voice,603,No,True
INC-14294,2026-05-23 09:30:04.291966,26,Voice,262,No,True
INC-14295,2026-07-18 04:11:04.291966,49,Voice,463,No,True
INC-14296,2026-08-29 01:24:04.291966,50,Voice,553,No,True
INC-14297,2026-04-21 11:15:04.291966,5,Chat,968,No,True
INC-14298,2026-05-27 06:08:04.291966,20,Voice,393,Yes,True
INC-14299,2026-07-23 12:06:04.291966,41,Email,1698,Y,True
INC-14300,2026-09-09 16:38:04.291966,11,Chat,722,No,True
INC-14301,2026-08-17 03:14:04.291966,33,Chat,895,No,True
INC-14302,2026-08-31 19:07:04.291966,50,Voice,558,No,True
INC-14303,2026-05-28 20:54:04.291966,38,Voice,535,No,True
INC-14304,2026-04-22 08:56:04.291966,27,Chat,764,No,True
INC-14305,2026-05-20 00:38:04.291966,34,Voice,623,No,True
INC-14306,2026-06-28 17:41:04.291966,15,Voice,490,No,True
INC-14307,2026-05-31 08:27:04.291966,32,Voice,569,No,True
INC-14308,2026-07-08 12:57:04.291966,21,Voice,663,No,False
INC-14309,2026-05-18 12:54:04.291966,46,Chat,1123,No,True
INC-14310,2026-09-02 00:20:04.291966,5,Voice,614,No,True
INC-14311,2026-07-28 02:30:04.291966,6,Chat,938,No,True
INC-14312,2026-06-14 02:55:04.291966,38,Voice,575,N,True
INC-14313,2026-04-21 09:27:04.291966,22,Chat,942,No,True
INC-14314,2026-08-26 07:16:04.291966,18,Email,1137,Yes,True
INC-14315,2026-08-23 22:19:04.291966,14,Email,1590,Y,True
INC-14316,2026-04-01 11:42:04.291966,10,Voice,510,No,True
INC-14317,2026-08-31 04:33:04.291966,46,Voice,550,No,True
INC-14318,2026-07-03 01:29:04.291966,13,Voice,464,No,False
INC-14319,2026-08-30 13:47:04.291966,31,Chat,747,No,True
INC-14320,2026-06-04 10:24:04.291966,30,Chat,1031,No,True
INC-14321,2026-08-12 07:41:04.291966,3,Chat,637,No,True
INC-14322,2026-08-04 23:23:04.291966,30,Voice,655,Yes,True
INC-14323,2026-07-07 16:51:04.291966,6,Chat,853,,True
INC-14324,2026-07-18 21:32:04.291966,29,Voice,509,N,True
INC-14325,2026-07-04 03:04:04.291966,8,Chat,1011,N,True
INC-14326,2026-07-30 05:59:04.291966,44,Voice,550,Y,True
INC-14327,2026-05-13 12:51:04.291966,45,Chat,618,No,False
INC-14328,2026-06-13 05:13:04.291966,43,Voice,578,No,True
INC-14329,2026-05-31 21:20:04.291966,44,Voice,516,Yes,True
INC-14330,2026-04-28 17:33:04.291966,33,Chat,772,Yes,True
INC-14331,2026-06-17 04:14:04.291966,17,Voice,390,No,True
INC-14332,2026-09-03 09:07:04.291966,48,Chat,833,No,True
INC-14333,2026-06-15 00:08:04.291966,11,Chat,640,,True
INC-14334,2026-04-27 23:19:04.291966,13,Chat,1244,No,False
INC-14335,2026-06-23 03:00:04.291966,50,Voice,658,No,True
INC-14336,2026-08-14 18:07:04.291966,11,Voice,534,No,True
INC-14337,2026-07-07 10:35:04.291966,31,Chat,855,No,True
INC-14338,2026-06-22 06:37:04.291966,28,Voice,456,N,True
INC-14339,2026-08-03 18:41:04.291966,44,Chat,1051,No,True
INC-14340,2026-07-25 05:04:04.291966,6,Voice,690,No,True
INC-14341,2026-04-18 08:34:04.291966,41,Voice,411,N,True
INC-14342,2026-07-24 01:19:04.291966,16,Voice,345,No,False
INC-14343,2026-05-24 12:04:04.291966,4,Voice,665,No,False
INC-14344,2026-07-16 18:16:04.291966,35,Voice,265,No,True
INC-14345,2026-05-30 01:46:04.291966,48,Chat,698,No,True
INC-14346,2026-04-30 09:08:04.291966,26,Chat,850,No,True
INC-14347,2026-05-24 11:46:04.291966,12,Voice,292,Y,False
INC-14348,2026-04-09 18:23:04.291966,11,Email,1833,,True
INC-14349,2026-05-22 18:49:04.291966,37,Chat,1071,No,True
INC-14350,2026-08-13 18:57:04.291966,25,Email,1327,No,False
INC-14351,2026-06-18 09:01:04.291966,18,Chat,1155,Y,True
INC-14352,2026-08-12 03:35:04.291966,19,Chat,1189,No,False
INC-14353,2026-05-31 03:20:04.291966,23,Voice,466,,False
INC-14354,2026-07-12 22:24:04.291966,38,Voice,425,No,True
INC-14355,2026-04-26 12:14:04.291966,18,Voice,751,No,False
INC-14356,2026-06-15 10:56:04.291966,26,Chat,1044,No,True
INC-14357,2026-08-20 14:39:04.291966,6,Voice,510,No,True
INC-14358,2026-03-19 21:00:04.291966,4,Chat,1172,No,True
INC-14359,2026-05-27 19:30:04.291966,44,Voice,516,No,True
INC-14360,2026-03-25 06:49:04.291966,29,Email,1348,No,True
INC-14361,2026-08-06 08:23:04.291966,34,Voice,489,No,False
INC-14362,2026-05-27 07:49:04.291966,17,Voice,604,No,True
INC-14363,2026-08-20 10:23:04.291966,43,Voice,240,No,False
INC-14364,2026-07-08 14:16:04.291966,43,Voice,445,No,True
INC-14365,2026-07-22 12:40:04.291966,16,Voice,645,,True
INC-14366,2026-06-26 13:17:04.291966,2,Chat,797,N,True
INC-14367,2026-03-27 10:54:04.291966,34,Voice,665,Y,True
INC-14368,2026-06-03 13:25:04.291966,8,Voice,649,No,True
INC-14369,2026-08-28 03:51:04.291966,13,Email,1480,No,False
INC-14370,2026-04-08 11:32:04.291966,42,Voice,411,No,True
INC-14371,2026-04-23 14:52:04.291966,8,Email,1413,No,True
INC-14372,2026-07-14 05:49:04.291966,30,Email,2299,No,True
INC-14373,2026-04-25 07:39:04.291966,32,Voice,704,Y,True
INC-14374,2026-04-09 02:37:04.291966,36,Voice,495,No,False
INC-14375,2026-06-27 10:15:04.291966,47,Voice,407,No,True
INC-14376,2026-05-18 23:55:04.291966,30,Chat,923,No,True
INC-14377,2026-09-08 22:42:04.291966,1,Chat,948,No,True
INC-14378,2026-03-21 09:06:04.291966,43,Chat,651,N,False
INC-14379,2026-03-26 07:14:04.291966,39,Chat,916,No,True
INC-14380,2026-08-30 10:28:04.291966,17,Voice,638,No,True
INC-14381,2026-05-16 21:36:04.291966,20,Email,960,No,True
INC-14382,2026-05-16 03:52:04.291966,24,Chat,1065,No,False
INC-14383,2026-06-07 16:56:04.291966,50,Chat,1174,No,True
INC-14384,2026-05-08 00:19:04.291966,22,Email,1331,No,True
INC-14385,2026-04-27 03:22:04.291966,29,Chat,1238,No,True
INC-14386,2026-08-06 15:38:04.291966,22,Voice,397,No,True
INC-14387,2026-09-03 04:49:04.291966,44,Voice,532,No,True
INC-14388,2026-08-26 11:35:04.291966,9,Voice,443,,True
INC-14389,2026-06-27 03:31:04.291966,37,Voice,443,No,True
INC-14390,2026-08-14 20:28:04.291966,10,Email,1314,Yes,True
INC-14391,2026-07-12 16:38:04.291966,36,Voice,563,No,True
INC-14392,2026-05-20 08:49:04.291966,37,Chat,1069,No,False
INC-14393,2026-07-15 21:32:04.291966,28,Chat,887,No,True
INC-14394,2026-06-16 10:21:04.291966,28,Voice,316,No,True
INC-14395,2026-04-18 09:27:04.291966,42,Email,1620,N,True
INC-14396,2026-04-01 02:15:04.291966,43,Email,1626,No,True
INC-14397,2026-03-22 16:10:04.291966,21,Chat,856,Yes,True
INC-14398,2026-08-13 14:41:04.291966,24,Voice,704,Yes,True
INC-14399,2026-04-17 12:28:04.291966,42,Voice,292,No,True
INC-14400,2026-06-25 17:12:04.291966,40,Voice,213,No,False
INC-14401,2026-09-03 04:12:04.291966,2,Voice,392,No,True
INC-14402,2026-09-09 05:14:04.291966,8,Chat,1042,No,True
INC-14403,2026-04-26 14:53:04.291966,48,Email,1183,No,True
INC-14404,2026-06-26 04:55:04.291966,27,Chat,703,No,True
INC-14405,2026-07-17 15:19:04.291966,22,Email,1785,No,False
INC-14406,2026-04-11 10:09:04.291966,37,Chat,992,Yes,True
INC-14407,2026-07-29 09:06:04.291966,27,Voice,525,,True
INC-14408,2026-08-18 21:34:04.291966,29,Email,1734,No,False
INC-14409,2026-09-08 14:45:04.291966,3,Voice,428,No,True
INC-14410,2026-06-10 14:38:04.291966,44,Email,1386,No,True
INC-14411,2026-07-23 15:38:04.291966,13,Voice,577,No,True
INC-14412,2026-06-05 04:36:04.291966,45,Voice,318,N,True
INC-14413,2026-08-11 18:35:04.291966,10,Email,857,No,True
INC-14414,2026-07-29 21:02:04.291966,36,Chat,813,No,True
INC-14415,2026-07-07 12:03:04.291966,9,Email,1779,Yes,True
INC-14416,2026-07-23 17:29:04.291966,27,Email,1576,No,True
INC-14417,2026-04-03 04:42:04.291966,34,Voice,582,No,True
INC-14418,2026-03-23 18:45:04.291966,1,Chat,496,No,True
INC-14419,2026-03-29 13:47:04.291966,32,Voice,517,No,True
INC-14420,2026-05-26 00:18:04.291966,25,Chat,1030,N,True
INC-14421,2026-06-10 21:10:04.291966,29,Chat,629,No,True
INC-14422,2026-06-09 20:10:04.291966,7,Voice,583,No,True
INC-14423,2026-09-16 00:42:04.291966,49,Chat,877,No,True
INC-14424,2026-04-02 03:42:04.291966,3,Chat,1514,No,False
INC-14425,2026-05-02 02:43:04.291966,20,Voice,218,No,True
INC-14426,2026-08-03 03:44:04.291966,20,Email,1910,No,True
INC-14427,2026-04-02 22:29:04.291966,30,Chat,821,Yes,True
INC-14428,2026-08-02 17:46:04.291966,35,Email,1014,No,False
INC-14429,2026-05-31 05:19:04.291966,35,Voice,416,No,False
INC-14430,2026-07-24 02:54:04.291966,49,Voice,513,No,True
INC-14431,2026-07-03 00:48:04.291966,39,Chat,1107,No,True
INC-14432,2026-07-28 15:12:04.291966,27,Voice,686,N,False
INC-14433,2026-06-04 04:02:04.291966,26,Email,1926,No,True
INC-14434,2026-08-06 04:58:04.291966,14,Voice,364,No,True
INC-14435,2026-08-05 12:21:04.291966,17,Chat,1126,N,True
INC-14436,2026-04-08 02:56:04.291966,18,Chat,978,No,True
INC-14437,2026-03-21 23:00:04.291966,45,Voice,401,No,True
INC-14438,2026-08-12 12:28:04.291966,29,Voice,454,No,True
INC-14439,2026-09-11 18:08:04.291966,20,Chat,758,No,True
INC-14440,2026-05-01 17:58:04.291966,27,Chat,907,No,True
INC-14441,2026-07-11 05:37:04.291966,18,Voice,392,No,True
INC-14442,2026-06-16 17:01:04.291966,4,Email,1191,No,True
INC-14443,2026-04-21 22:53:04.291966,1,Voice,537,No,True
INC-14444,2026-05-13 15:05:04.291966,50,Voice,555,No,False
INC-14445,2026-08-30 18:04:04.291966,1,Chat,862,No,True
INC-14446,2026-04-23 16:48:04.291966,26,Voice,644,,True
INC-14447,2026-07-25 19:08:04.291966,45,Email,1421,No,True
INC-14448,2026-04-07 14:24:04.291966,20,Voice,443,No,True
INC-14449,2026-07-17 04:43:04.291966,23,Voice,559,No,True
INC-14450,2026-05-30 22:31:04.291966,10,Voice,464,No,True
INC-14451,2026-05-15 05:13:04.291966,11,Chat,916,N,False
INC-14452,2026-07-25 05:17:04.291966,41,Chat,395,Yes,True
INC-14453,2026-09-12 16:45:04.291966,41,Chat,903,No,True
INC-14454,2026-05-30 08:04:04.291966,5,Voice,260,No,True
INC-14455,2026-04-15 16:31:04.291966,1,Voice,333,No,False
INC-14456,2026-08-15 21:03:04.291966,17,Email,1099,No,True
INC-14457,2026-08-21 10:51:04.291966,22,Voice,354,No,True
INC-14458,2026-06-06 05:11:04.291966,34,Email,1335,Yes,True
INC-14459,2026-05-16 10:16:04.291966,45,Voice,421,No,True
INC-14460,2026-04-06 11:54:04.291966,41,Email,1699,No,True
INC-14461,2026-05-06 20:00:04.291966,29,Voice,506,No,True
INC-14462,2026-06-13 16:34:04.291966,4,Chat,519,No,True
INC-14463,2026-08-01 13:28:04.291966,5,Voice,489,No,True
INC-14464,2026-08-13 20:00:04.291966,11,Voice,518,No,True
INC-14465,2026-03-20 14:07:04.291966,21,Voice,440,No,True
INC-14466,2026-08-08 20:01:04.291966,35,Voice,472,Yes,True
INC-14467,2026-05-24 16:49:04.291966,12,Voice,502,No,True
INC-14468,2026-07-21 22:20:04.291966,26,Chat,1052,No,True
INC-14469,2026-04-12 17:48:04.291966,19,Chat,585,No,True
INC-14470,2026-07-20 03:53:04.291966,45,Chat,851,No,True
INC-14471,2026-05-03 18:46:04.291966,7,Chat,1201,No,True
INC-14472,2026-03-31 01:18:04.291966,47,Chat,1183,No,True
INC-14473,2026-04-05 08:13:04.291966,7,Voice,582,No,True
INC-14474,2026-07-05 10:30:04.291966,26,Voice,544,,False
INC-14475,2026-07-03 17:33:04.291966,40,Voice,678,No,True
INC-14476,2026-03-22 07:14:04.291966,5,Email,2075,No,True
INC-14477,2026-06-17 00:13:04.291966,21,Voice,464,N,True
INC-14478,2026-07-26 18:56:04.291966,14,Voice,363,No,True
INC-14479,2026-07-09 00:40:04.291966,4,Chat,845,No,False
INC-14480,2026-05-08 00:48:04.291966,23,Voice,851,No,True
INC-14481,2026-05-07 05:37:04.291966,42,Email,1029,No,True
INC-14482,2026-07-10 13:35:04.291966,20,Email,1358,No,True
INC-14483,2026-03-19 21:52:04.291966,15,Voice,310,Yes,True
INC-14484,2026-04-10 11:11:04.291966,50,Voice,494,N,False
INC-14485,2026-04-14 01:49:04.291966,45,Voice,335,No,False
INC-14486,2026-08-23 09:18:04.291966,29,Chat,878,No,False
INC-14487,2026-05-19 09:12:04.291966,8,Voice,245,Yes,True
INC-14488,2026-04-18 02:05:04.291966,41,Chat,1023,Y,True
INC-14489,2026-04-01 05:15:04.291966,48,Chat,1144,No,True
INC-14490,2026-06-27 12:54:04.291966,19,Voice,433,No,True
INC-14491,2026-06-09 01:04:04.291966,48,Voice,463,No,True
INC-14492,2026-07-03 04:36:04.291966,39,Chat,867,No,True
INC-14493,2026-09-08 17:36:04.291966,46,Voice,501,No,True
INC-14494,2026-09-13 21:37:04.291966,28,Email,1488,No,True
INC-14495,2026-08-31 15:47:04.291966,46,Voice,572,No,True
INC-14496,2026-09-03 02:40:04.291966,27,Chat,1146,No,False
INC-14497,2026-08-29 03:40:04.291966,4,Email,1255,No,True
INC-14498,2026-07-31 14:10:04.291966,15,Email,1407,No,True
INC-14499,2026-05-31 03:55:04.291966,35,Voice,588,Yes,True
INC-14500,2026-04-15 15:08:04.291966,37,Voice,309,No,True
INC-14501,2026-08-18 23:42:04.291966,1,Chat,505,No,True
INC-14502,2026-09-08 12:48:04.291966,3,Voice,507,No,True
INC-14503,2026-08-04 06:38:04.291966,47,Voice,539,,True
INC-14504,2026-03-25 20:46:04.291966,24,Email,1283,No,True
INC-14505,2026-07-17 11:53:04.291966,27,Voice,410,No,True
INC-14506,2026-06-01 06:08:04.291966,40,Voice,388,No,True
INC-14507,2026-06-02 03:40:04.291966,36,Voice,375,No,False
INC-14508,2026-06-02 21:23:04.291966,34,Chat,1038,No,True
INC-14509,2026-06-29 09:45:04.291966,29,Chat,663,No,True
INC-14510,2026-07-13 14:01:04.291966,24,Voice,448,Yes,False
INC-14511,2026-05-01 07:27:04.291966,24,Voice,371,No,True
INC-14512,2026-08-09 11:07:04.291966,42,Voice,305,No,True
INC-14513,2026-06-22 14:22:04.291966,4,Chat,1074,No,False
INC-14514,2026-04-02 21:45:04.291966,3,Voice,417,No,True
INC-14515,2026-07-18 20:38:04.291966,34,Email,1556,,False
INC-14516,2026-07-02 01:05:04.291966,49,Voice,299,,True
INC-14517,2026-09-15 06:18:04.291966,23,Email,1277,N,True
INC-14518,2026-09-07 14:43:04.291966,23,Voice,570,No,True
INC-14519,2026-03-24 15:13:04.291966,45,Chat,1417,No,True
INC-14520,2026-08-07 21:00:04.291966,5,Voice,242,No,True
INC-14521,2026-06-30 07:54:04.291966,31,Voice,455,No,False
INC-14522,2026-06-09 09:26:04.291966,41,Email,1623,No,True
INC-14523,2026-06-20 22:13:04.291966,6,Email,1315,Y,True
INC-14524,2026-09-07 05:19:04.291966,37,Voice,581,No,True
INC-14525,2026-07-29 22:03:04.291966,10,Chat,726,No,True
INC-14526,2026-07-13 20:46:04.291966,40,Chat,930,No,True
INC-14527,2026-07-21 03:41:04.291966,7,Email,1343,No,True
INC-14528,2026-06-21 19:04:04.291966,39,Voice,626,No,True
INC-14529,2026-08-31 15:01:04.291966,38,Chat,764,No,True
INC-14530,2026-05-16 16:21:04.291966,21,Voice,437,,True
INC-14531,2026-03-23 15:19:04.291966,20,Voice,593,No,True
INC-14532,2026-06-15 10:21:04.291966,3,Email,1191,No,True
INC-14533,2026-08-09 10:05:04.291966,22,Voice,488,No,True
INC-14534,2026-04-22 15:16:04.291966,47,Voice,261,No,True
INC-14535,2026-07-27 12:13:04.291966,4,Chat,682,No,True
INC-14536,2026-08-06 19:31:04.291966,28,Chat,976,No,True
INC-14537,2026-04-06 10:44:04.291966,12,Voice,361,No,True
INC-14538,2026-05-01 11:15:04.291966,38,Voice,414,Yes,True
INC-14539,2026-07-30 16:38:04.291966,36,Email,1647,No,True
INC-14540,2026-04-22 02:12:04.291966,47,Voice,410,No,True
INC-14541,2026-09-05 08:55:04.291966,41,Chat,1064,N,True
INC-14542,2026-09-01 05:24:04.291966,5,Chat,943,Yes,False
INC-14543,2026-07-18 11:03:04.291966,13,Voice,532,Yes,True
INC-14544,2026-05-05 00:34:04.291966,23,Email,1872,N,True
INC-14545,2026-07-13 05:00:04.291966,50,Chat,963,No,True
INC-14546,2026-08-22 18:41:04.291966,30,Voice,664,Yes,True
INC-14547,2026-06-29 00:03:04.291966,37,Chat,1082,No,False
INC-14548,2026-04-20 06:14:04.291966,25,Chat,795,No,True
INC-14549,2026-04-01 13:35:04.291966,48,Chat,1158,No,True
INC-14550,2026-07-14 19:30:04.291966,27,Email,1579,No,True
INC-14551,2026-04-30 14:57:04.291966,14,Voice,432,No,True
INC-14552,2026-04-24 16:14:04.291966,48,Voice,513,No,False
INC-14553,2026-09-14 03:16:04.291966,47,Voice,613,N,True
INC-14554,2026-03-21 02:50:04.291966,36,Voice,534,Yes,True
INC-14555,2026-08-01 22:14:04.291966,39,Voice,698,No,True
INC-14556,2026-04-22 07:41:04.291966,16,Email,1825,No,True
INC-14557,2026-07-01 02:55:04.291966,22,Chat,1004,No,True
INC-14558,2026-05-29 06:27:04.291966,21,Chat,694,No,True
INC-14559,2026-08-15 08:34:04.291966,21,Chat,864,No,True
INC-14560,2026-06-11 17:05:04.291966,8,Email,1521,No,True
INC-14561,2026-06-01 00:40:04.291966,49,Voice,563,No,True
INC-14562,2026-06-29 21:05:04.291966,16,Email,1691,No,True
INC-14563,2026-07-17 06:19:04.291966,31,Voice,500,No,True
INC-14564,2026-08-04 00:38:04.291966,42,Email,1536,No,True
INC-14565,2026-07-23 22:55:04.291966,10,Chat,1044,No,True
INC-14566,2026-05-21 21:36:04.291966,32,Voice,376,No,True
INC-14567,2026-05-20 05:58:04.291966,34,Chat,1239,No,False
INC-14568,2026-09-03 02:35:04.291966,9,Chat,490,No,True
INC-14569,2026-04-22 11:45:04.291966,17,Voice,654,No,False
INC-14570,2026-08-15 06:09:04.291966,11,Chat,890,No,True
INC-14571,2026-06-04 16:09:04.291966,32,Voice,600,No,True
INC-14572,2026-06-30 12:04:04.291966,10,Voice,523,No,True
INC-14573,2026-08-25 17:05:04.291966,22,Email,1603,No,True
INC-14574,2026-06-05 17:47:04.291966,17,Chat,1010,No,True
INC-14575,2026-08-20 03:19:04.291966,4,Email,1742,N,True
INC-14576,2026-08-31 22:26:04.291966,48,Chat,834,No,True
INC-14577,2026-05-12 15:43:04.291966,47,Voice,604,No,True
INC-14578,2026-07-27 16:29:04.291966,25,Chat,683,No,True
INC-14579,2026-09-06 02:45:04.291966,21,Chat,898,N,True
INC-14580,2026-07-15 14:50:04.291966,37,Email,1750,No,True
INC-14581,2026-06-16 04:15:04.291966,38,Voice,599,No,True
INC-14582,2026-09-13 08:23:04.291966,49,Email,1638,No,True
INC-14583,2026-04-29 02:54:04.291966,1,Email,1381,No,True
INC-14584,2026-07-26 16:07:04.291966,25,Chat,1079,No,True
INC-14585,2026-03-27 20:37:04.291966,36,Email,1299,N,True
INC-14586,2026-03-22 06:16:04.291966,17,Voice,690,No,True
INC-14587,2026-05-30 05:32:04.291966,41,Email,1474,No,True
INC-14588,2026-09-02 18:35:04.291966,24,Chat,592,N,True
INC-14589,2026-04-06 18:00:04.291966,2,Voice,336,No,True
INC-14590,2026-06-03 20:32:04.291966,40,Email,1513,No,True
INC-14591,2026-03-26 23:01:04.291966,15,Voice,496,Y,False
INC-14592,2026-07-04 08:43:04.291966,32,Voice,716,N,False
INC-14593,2026-08-28 23:27:04.291966,39,Chat,692,No,True
INC-14594,2026-07-11 03:09:04.291966,6,Voice,484,Yes,True
INC-14595,2026-08-30 10:26:04.291966,1,Voice,352,No,True
INC-14596,2026-06-08 03:16:04.291966,47,Email,1352,No,True
INC-14597,2026-04-25 07:54:04.291966,23,Voice,682,No,False
INC-14598,2026-05-08 21:55:04.291966,39,Voice,343,No,True
INC-14599,2026-06-17 15:22:04.291966,17,Voice,550,No,True
INC-14600,2026-08-13 08:09:04.291966,34,Voice,527,No,False
INC-14601,2026-06-30 13:28:04.291966,41,Chat,895,No,True
INC-14602,2026-07-16 21:18:04.291966,29,Chat,1003,No,True
INC-14603,2026-07-19 11:53:04.291966,9,Email,1151,No,True
INC-14604,2026-04-25 17:52:04.291966,13,Chat,1231,No,True
INC-14605,2026-09-09 01:37:04.291966,6,Voice,710,No,True
INC-14606,2026-08-22 00:45:04.291966,6,Email,1514,No,False
INC-14607,2026-05-13 02:15:04.291966,20,Chat,1384,,False
INC-14608,2026-07-12 04:20:04.291966,3,Chat,820,Y,True
INC-14609,2026-07-16 05:32:04.291966,17,Chat,980,No,True
INC-14610,2026-07-11 16:42:04.291966,49,Email,1929,No,True
INC-14611,2026-04-03 23:34:04.291966,12,Chat,808,No,True
INC-14612,2026-06-13 17:48:04.291966,48,Voice,314,No,True
INC-14613,2026-07-14 00:01:04.291966,47,Chat,577,No,True
INC-14614,2026-06-07 17:02:04.291966,45,Voice,727,No,False
INC-14615,2026-09-03 17:43:04.291966,1,Voice,416,Yes,False
INC-14616,2026-05-06 14:06:04.291966,17,Voice,457,No,True
INC-14617,2026-06-27 18:25:04.291966,3,Voice,346,Yes,True
INC-14618,2026-06-01 11:36:04.291966,26,Voice,593,No,True
INC-14619,2026-09-05 17:09:04.291966,15,Voice,386,Y,True
INC-14620,2026-09-12 20:44:04.291966,36,Chat,801,Yes,True
INC-14621,2026-09-12 13:18:04.291966,32,Email,1589,No,True
INC-14622,2026-05-14 07:36:04.291966,32,Email,1180,No,True
INC-14623,2026-07-23 22:07:04.291966,4,Voice,458,N,True
INC-14624,2026-06-11 03:56:04.291966,18,Chat,1180,No,False
INC-14625,2026-04-24 03:30:04.291966,49,Email,1628,N,False
INC-14626,2026-06-25 16:42:04.291966,19,Voice,495,Y,True
INC-14627,2026-08-21 13:43:04.291966,43,Chat,942,No,True
INC-14628,2026-06-19 03:28:04.291966,35,Chat,822,No,True
INC-14629,2026-06-14 02:52:04.291966,40,Voice,719,No,True
INC-14630,2026-06-15 10:55:04.291966,14,Email,1256,No,True
INC-14631,2026-08-29 09:20:04.291966,33,Email,1563,No,True
INC-14632,2026-03-28 05:51:04.291966,14,Voice,493,No,True
INC-14633,2026-04-08 17:37:04.291966,34,Voice,601,No,True
INC-14634,2026-09-01 17:10:04.291966,4,Voice,612,No,True
INC-14635,2026-05-13 13:32:04.291966,24,Voice,476,No,True
INC-14636,2026-09-16 02:45:04.291966,29,Chat,958,No,True
INC-14637,2026-09-10 06:30:04.291966,19,Chat,965,No,True
INC-14638,2026-07-21 00:07:04.291966,6,Voice,207,No,True
INC-14639,2026-09-06 19:25:04.291966,33,Email,1023,No,True
INC-14640,2026-05-15 12:11:04.291966,49,Voice,407,Yes,True
INC-14641,2026-08-04 13:43:04.291966,40,Voice,412,,False
INC-14642,2026-04-14 01:44:04.291966,19,Voice,336,Yes,True
INC-14643,2026-08-04 07:01:04.291966,1,Chat,1049,No,True
INC-14644,2026-03-28 18:26:04.291966,5,Voice,480,No,True
INC-14645,2026-09-03 16:12:04.291966,27,Voice,454,Yes,True
INC-14646,2026-04-12 21:40:04.291966,16,Voice,329,Yes,True
INC-14647,2026-04-21 13:03:04.291966,6,Email,1486,Yes,True
INC-14648,2026-06-26 05:03:04.291966,40,Email,711,No,True
INC-14649,2026-05-26 23:03:04.291966,13,Voice,460,N,True
INC-14650,2026-07-18 18:35:04.291966,48,Voice,487,No,False
INC-14651,2026-06-16 09:18:04.291966,35,Chat,948,No,True
INC-14652,2026-05-07 09:19:04.291966,19,Chat,587,No,True
INC-14653,2026-04-30 20:03:04.291966,12,Voice,506,Yes,True
INC-14654,2026-07-31 23:48:04.291966,16,Email,1187,Yes,True
INC-14655,2026-04-16 02:03:04.291966,43,Chat,737,N,True
INC-14656,2026-06-05 01:10:04.291966,10,Voice,566,No,True
INC-14657,2026-04-15 03:18:04.291966,25,Chat,1302,,True
INC-14658,2026-04-24 18:34:04.291966,20,Email,1515,No,True
INC-14659,2026-09-06 06:51:04.291966,31,Chat,736,No,True
INC-14660,2026-08-19 12:10:04.291966,4,Voice,502,N,False
INC-14661,2026-09-15 22:05:04.291966,44,Voice,592,No,False
INC-14662,2026-09-04 18:35:04.291966,23,Voice,554,No,True
INC-14663,2026-08-28 13:30:04.291966,2,Voice,809,No,True
INC-14664,2026-05-17 18:06:04.291966,22,Chat,756,No,False
INC-14665,2026-04-08 02:40:04.291966,37,Email,1575,No,False
INC-14666,2026-05-18 05:46:04.291966,8,Chat,1209,No,False
INC-14667,2026-04-13 13:11:04.291966,7,Email,1945,No,True
INC-14668,2026-05-01 04:30:04.291966,14,Voice,245,No,True
INC-14669,2026-06-20 12:54:04.291966,3,Email,1498,,True
INC-14670,2026-03-28 06:05:04.291966,50,Chat,1196,No,True
INC-14671,2026-04-24 11:16:04.291966,16,Voice,826,No,True
INC-14672,2026-09-13 22:19:04.291966,19,Chat,1040,,False
INC-14673,2026-03-20 16:44:04.291966,18,Voice,435,No,True
INC-14674,2026-09-08 14:57:04.291966,16,Chat,698,No,False
INC-14675,2026-04-14 18:53:04.291966,8,Chat,1343,No,True
INC-14676,2026-05-14 23:55:04.291966,33,Voice,567,No,True
INC-14677,2026-07-24 04:02:04.291966,49,Chat,730,No,True
INC-14678,2026-07-19 06:05:04.291966,12,Chat,859,No,True
INC-14679,2026-04-27 07:26:04.291966,11,Voice,517,No,True
INC-14680,2026-03-30 01:36:04.291966,5,Voice,545,Yes,True
INC-14681,2026-04-19 00:05:04.291966,27,Voice,372,No,False
INC-14682,2026-08-10 07:51:04.291966,12,Chat,777,No,True
INC-14683,2026-06-12 03:22:04.291966,17,Email,1004,No,True
INC-14684,2026-04-04 03:04:04.291966,6,Email,1811,No,True
INC-14685,2026-08-17 13:50:04.291966,33,Chat,831,No,True
INC-14686,2026-04-28 21:56:04.291966,5,Chat,993,No,True
INC-14687,2026-05-04 02:41:04.291966,28,Voice,650,No,True
INC-14688,2026-09-12 13:53:04.291966,14,Chat,943,No,True
INC-14689,2026-05-16 10:46:04.291966,5,Voice,466,No,True
INC-14690,2026-05-15 02:58:04.291966,33,Voice,503,No,True
INC-14691,2026-08-18 15:46:04.291966,50,Chat,912,Yes,True
INC-14692,2026-03-20 04:21:04.291966,48,Voice,629,No,True
INC-14693,2026-08-04 09:53:04.291966,41,Chat,962,No,True
INC-14694,2026-08-30 18:21:04.291966,19,Email,1336,No,True
INC-14695,2026-08-13 23:21:04.291966,22,Voice,605,No,True
INC-14696,2026-04-02 20:50:04.291966,5,Voice,627,,True
INC-14697,2026-06-02 17:55:04.291966,2,Email,1098,Yes,False
INC-14698,2026-06-16 10:18:04.291966,30,Chat,1206,No,True
INC-14699,2026-07-03 12:13:04.291966,47,Voice,523,No,True
INC-14700,2026-08-04 16:27:04.291966,39,Voice,513,Yes,True
INC-14701,2026-04-26 00:06:04.291966,4,Chat,1101,No,True
INC-14702,2026-06-23 09:55:04.291966,33,Chat,786,,True
INC-14703,2026-05-05 07:22:04.291966,13,Voice,594,Yes,True
INC-14704,2026-03-27 09:34:04.291966,20,Voice,434,No,True
INC-14705,2026-08-13 22:13:04.291966,7,Email,1057,No,True
INC-14706,2026-05-30 08:46:04.291966,15,Chat,700,No,True
INC-14707,2026-08-07 10:12:04.291966,23,Email,1670,No,False
INC-14708,2026-08-03 11:18:04.291966,14,Chat,710,Yes,True
INC-14709,2026-09-12 11:18:04.291966,23,Email,1983,No,True
INC-14710,2026-08-24 09:00:04.291966,19,Voice,622,Yes,True
INC-14711,2026-07-13 06:00:04.291966,29,Chat,1166,No,True
INC-14712,2026-04-13 02:08:04.291966,20,Voice,494,No,True
INC-14713,2026-06-09 01:43:04.291966,29,Chat,951,No,True
INC-14714,2026-05-10 20:51:04.291966,24,Voice,336,No,True
INC-14715,2026-07-19 07:13:04.291966,18,Voice,599,No,True
INC-14716,2026-09-04 13:13:04.291966,10,Email,1613,No,True
INC-14717,2026-05-10 17:40:04.291966,41,Email,1670,No,True
INC-14718,2026-07-02 17:46:04.291966,8,Voice,682,No,True
INC-14719,2026-04-12 22:06:04.291966,26,Chat,778,No,True
INC-14720,2026-06-29 14:34:04.291966,29,Voice,464,No,True
INC-14721,2026-04-11 20:42:04.291966,10,Voice,519,No,True
INC-14722,2026-05-28 14:10:04.291966,17,Email,1219,No,True
INC-14723,2026-07-11 22:51:04.291966,2,Voice,457,No,True
INC-14724,2026-09-02 08:09:04.291966,6,Email,1647,No,True
INC-14725,2026-04-17 17:38:04.291966,5,Voice,440,No,True
INC-14726,2026-08-13 16:16:04.291966,28,Chat,1161,No,True
INC-14727,2026-08-20 14:37:04.291966,41,Chat,597,No,True
INC-14728,2026-07-19 11:49:04.291966,5,Voice,614,No,True
INC-14729,2026-08-09 07:14:04.291966,18,Voice,559,Y,False
INC-14730,2026-08-11 04:41:04.291966,26,Email,1329,No,True
INC-14731,2026-09-04 12:53:04.291966,20,Chat,715,No,False
INC-14732,2026-07-02 18:13:04.291966,41,Voice,230,Yes,True
INC-14733,2026-06-20 14:40:04.291966,49,Chat,740,No,True
INC-14734,2026-05-15 22:51:04.291966,27,Voice,605,No,False
INC-14735,2026-08-06 22:23:04.291966,49,Voice,473,No,True
INC-14736,2026-07-31 09:53:04.291966,12,Voice,619,No,True
INC-14737,2026-05-11 00:44:04.291966,7,Voice,405,No,True
INC-14738,2026-08-15 03:21:04.291966,3,Email,1712,No,True
INC-14739,2026-05-11 03:04:04.291966,10,Chat,756,No,True
INC-14740,2026-07-28 21:57:04.291966,34,Email,1210,No,True
INC-14741,2026-08-26 11:10:04.291966,25,Chat,878,No,False
INC-14742,2026-07-23 08:04:04.291966,35,Email,1300,No,True
INC-14743,2026-04-20 12:05:04.291966,16,Chat,591,No,True
INC-14744,2026-09-09 06:05:04.291966,2,Chat,863,No,True
INC-14745,2026-07-06 12:35:04.291966,24,Email,1531,No,True
INC-14746,2026-04-10 16:35:04.291966,10,Chat,1153,No,True
INC-14747,2026-08-29 05:38:04.291966,38,Voice,592,No,True
INC-14748,2026-05-29 21:35:04.291966,22,Chat,1143,No,True
INC-14749,2026-05-31 22:32:04.291966,26,Email,1716,No,True
INC-14750,2026-06-08 14:18:04.291966,43,Chat,966,No,True
INC-14751,2026-07-20 00:33:04.291966,39,Chat,654,Yes,True
INC-14752,2026-03-21 01:45:04.291966,27,Chat,929,Yes,False
INC-14753,2026-08-28 20:51:04.291966,29,Email,1679,Yes,True
INC-14754,2026-07-10 10:09:04.291966,47,Voice,654,No,True
INC-14755,2026-04-01 11:33:04.291966,38,Chat,1037,Y,True
INC-14756,2026-07-15 11:00:04.291966,20,Voice,628,No,False
INC-14757,2026-05-08 22:15:04.291966,27,Chat,693,Yes,True
INC-14758,2026-06-02 18:40:04.291966,41,Chat,834,No,True
INC-14759,2026-04-06 11:23:04.291966,20,Voice,531,Y,True
INC-14760,2026-08-12 05:41:04.291966,44,Voice,619,No,True
INC-14761,2026-07-24 06:55:04.291966,19,Chat,870,No,True
INC-14762,2026-07-09 08:27:04.291966,20,Voice,470,No,True
INC-14763,2026-05-03 00:38:04.291966,35,Voice,562,No,True
INC-14764,2026-04-27 18:30:04.291966,47,Email,1162,No,False
INC-14765,2026-08-28 05:02:04.291966,2,Voice,672,,True
INC-14766,2026-08-20 05:46:04.291966,30,Voice,374,No,True
INC-14767,2026-04-30 17:30:04.291966,34,Email,924,,True
INC-14768,2026-05-01 21:12:04.291966,22,Voice,481,No,True
INC-14769,2026-09-13 20:20:04.291966,3,Voice,683,N,True
INC-14770,2026-05-14 20:00:04.291966,6,Chat,1017,No,True
INC-14771,2026-04-30 02:30:04.291966,15,Chat,1050,No,False
INC-14772,2026-04-09 08:21:04.291966,27,Email,1512,No,True
INC-14773,2026-03-27 09:16:04.291966,10,Email,1454,No,True
INC-14774,2026-08-24 04:11:04.291966,9,Chat,591,No,True
INC-14775,2026-04-10 14:10:04.291966,33,Voice,208,No,True
INC-14776,2026-08-28 03:50:04.291966,32,Voice,503,No,True
INC-14777,2026-06-15 09:27:04.291966,48,Voice,637,No,True
INC-14778,2026-04-05 14:53:04.291966,6,Voice,521,No,True
INC-14779,2026-07-02 04:08:04.291966,41,Chat,1024,No,False
INC-14780,2026-06-29 20:32:04.291966,36,Chat,1216,No,True
INC-14781,2026-03-25 19:24:04.291966,2,Voice,519,No,True
INC-14782,2026-06-13 05:56:04.291966,29,Email,1463,Yes,True
INC-14783,2026-03-25 15:36:04.291966,4,Voice,381,No,True
INC-14784,2026-07-05 14:31:04.291966,1,Voice,722,No,True
INC-14785,2026-08-27 07:28:04.291966,19,Chat,1005,No,True
INC-14786,2026-06-27 15:08:04.291966,26,Voice,366,No,True
INC-14787,2026-07-30 04:54:04.291966,25,Voice,339,No,True
INC-14788,2026-09-11 06:55:04.291966,10,Voice,630,No,False
INC-14789,2026-08-16 17:24:04.291966,15,Voice,355,No,True
INC-14790,2026-05-04 16:16:04.291966,22,Chat,1270,No,True
INC-14791,2026-07-19 11:48:04.291966,48,Email,673,No,True
INC-14792,2026-08-20 16:32:04.291966,21,Voice,650,N,True
INC-14793,2026-08-18 03:01:04.291966,22,Voice,538,Yes,True
INC-14794,2026-04-22 00:38:04.291966,36,Chat,923,No,True
INC-14795,2026-04-29 09:16:04.291966,34,Email,1447,No,False
INC-14796,2026-08-07 10:09:04.291966,30,Voice,706,No,True
INC-14797,2026-08-06 16:35:04.291966,25,Voice,564,Yes,True
INC-14798,2026-08-11 17:36:04.291966,45,Chat,719,No,True
INC-14799,2026-05-06 04:10:04.291966,28,Chat,556,Yes,True
INC-14800,2026-09-01 01:58:04.291966,1,Voice,501,No,True
INC-14801,2026-03-25 23:27:04.291966,49,Chat,899,No,False
INC-14802,2026-05-21 01:29:04.291966,45,Voice,297,No,True
INC-14803,2026-07-01 17:37:04.291966,4,Chat,888,No,False
INC-14804,2026-05-15 00:11:04.291966,7,Chat,785,No,True
INC-14805,2026-06-01 16:30:04.291966,49,Email,1502,No,True
INC-14806,2026-09-03 06:51:04.291966,9,Voice,567,No,True
INC-14807,2026-07-24 11:13:04.291966,36,Voice,659,No,True
INC-14808,2026-04-13 05:24:04.291966,19,Voice,589,No,True
INC-14809,2026-08-17 10:58:04.291966,1,Email,1283,No,False
INC-14810,2026-06-11 20:35:04.291966,10,Voice,524,No,False
INC-14811,2026-04-24 18:00:04.291966,36,Voice,487,No,True
INC-14812,2026-04-12 02:29:04.291966,9,Voice,320,No,True
INC-14813,2026-05-09 23:28:04.291966,45,Chat,979,No,True
INC-14814,2026-04-21 02:01:04.291966,46,Voice,702,No,False
INC-14815,2026-03-27 18:02:04.291966,42,Voice,483,Yes,True
INC-14816,2026-03-21 07:24:04.291966,32,Voice,288,Yes,True
INC-14817,2026-06-01 07:51:04.291966,32,Email,1509,No,True
INC-14818,2026-07-27 06:42:04.291966,6,Chat,657,N,True
INC-14819,2026-06-24 20:09:04.291966,48,Chat,1072,No,True
INC-14820,2026-08-12 18:24:04.291966,38,Email,1657,No,True
INC-14821,2026-03-31 11:48:04.291966,17,Email,1448,No,True
INC-14822,2026-04-10 00:30:04.291966,10,Voice,440,No,True
INC-14823,2026-04-03 06:52:04.291966,50,Email,1436,No,True
INC-14824,2026-07-07 08:39:04.291966,27,Voice,480,No,True
INC-14825,2026-07-13 00:14:04.291966,50,Voice,387,No,True
INC-14826,2026-06-29 09:56:04.291966,35,Email,1083,N,True
INC-14827,2026-05-10 04:59:04.291966,21,Voice,616,No,True
INC-14828,2026-08-29 16:05:04.291966,25,Voice,433,Yes,True
INC-14829,2026-04-27 04:41:04.291966,28,Voice,500,N,True
INC-14830,2026-07-10 14:54:04.291966,47,Chat,957,No,True
INC-14831,2026-08-29 04:03:04.291966,15,Voice,518,No,True
INC-14832,2026-04-11 14:35:04.291966,4,Chat,665,Y,True
INC-14833,2026-09-09 14:43:04.291966,29,Email,997,No,True
INC-14834,2026-06-02 14:58:04.291966,9,Chat,782,No,True
INC-14835,2026-06-04 20:52:04.291966,27,Voice,527,No,True
INC-14836,2026-05-06 00:51:04.291966,26,Email,1281,No,True
INC-14837,2026-07-01 22:23:04.291966,19,Voice,437,Yes,True
INC-14838,2026-06-28 00:06:04.291966,28,Voice,735,No,True
INC-14839,2026-06-19 17:25:04.291966,17,Voice,258,No,False
INC-14840,2026-03-30 19:21:04.291966,43,Chat,748,No,True
INC-14841,2026-08-09 11:57:04.291966,41,Voice,707,No,True
INC-14842,2026-05-05 00:47:04.291966,42,Voice,474,N,True
INC-14843,2026-04-25 08:51:04.291966,50,Voice,395,No,True
INC-14844,2026-09-16 04:05:04.291966,20,Voice,620,,True
INC-14845,2026-06-12 19:16:04.291966,45,Chat,911,No,True
INC-14846,2026-08-03 02:10:04.291966,40,Email,1395,No,True
INC-14847,2026-03-25 11:13:04.291966,39,Chat,938,No,True
INC-14848,2026-04-01 13:15:04.291966,49,Voice,401,,True
INC-14849,2026-05-25 07:46:04.291966,23,Voice,357,Yes,True
INC-14850,2026-05-31 03:50:04.291966,47,Email,1465,No,True
INC-14851,2026-08-28 00:28:04.291966,32,Voice,358,No,True
INC-14852,2026-09-11 02:15:04.291966,47,Email,1503,No,True
INC-14853,2026-06-14 09:41:04.291966,33,Voice,522,N,True
INC-14854,2026-05-01 23:02:04.291966,46,Email,1755,No,True
INC-14855,2026-08-22 13:40:04.291966,5,Voice,615,N,True
INC-14856,2026-04-12 23:27:04.291966,43,Voice,431,No,True
INC-14857,2026-07-20 01:05:04.291966,48,Chat,999,Y,True
INC-14858,2026-04-04 04:50:04.291966,34,Chat,998,No,True
INC-14859,2026-05-26 08:08:04.291966,40,Voice,519,No,True
INC-14860,2026-09-16 08:43:04.291966,11,Chat,804,No,True
INC-14861,2026-04-13 08:38:04.291966,50,Chat,694,No,False
INC-14862,2026-04-28 17:30:04.291966,3,Voice,540,No,True
INC-14863,2026-05-30 00:02:04.291966,33,Voice,275,No,True
INC-14864,2026-06-07 18:06:04.291966,11,Voice,447,No,False
INC-14865,2026-06-15 09:26:04.291966,16,Voice,173,No,True
INC-14866,2026-06-26 01:30:04.291966,18,Chat,632,No,False
INC-14867,2026-05-06 23:53:04.291966,30,Voice,374,No,True
INC-14868,2026-04-27 10:25:04.291966,48,Voice,611,No,True
INC-14869,2026-04-06 22:30:04.291966,10,Voice,562,,True
INC-14870,2026-03-27 05:16:04.291966,18,Chat,789,No,True
INC-14871,2026-04-27 11:10:04.291966,38,Voice,567,No,False
INC-14872,2026-06-25 21:52:04.291966,19,Voice,586,No,True
INC-14873,2026-05-16 03:01:04.291966,36,Voice,460,No,True
INC-14874,2026-07-02 08:59:04.291966,13,Email,1084,No,False
INC-14875,2026-06-04 03:43:04.291966,46,Voice,455,No,False
INC-14876,2026-08-01 09:56:04.291966,3,Chat,880,No,True
INC-14877,2026-05-16 08:25:04.291966,10,Voice,332,No,True
INC-14878,2026-06-27 20:49:04.291966,38,Voice,524,No,True
INC-14879,2026-03-23 00:03:04.291966,1,Chat,955,No,True
INC-14880,2026-04-09 05:29:04.291966,27,Voice,533,,False
INC-14881,2026-08-29 17:00:04.291966,46,Email,1583,N,False
INC-14882,2026-04-15 21:48:04.291966,8,Email,1718,No,True
INC-14883,2026-05-10 12:22:04.291966,46,Chat,864,Yes,True
INC-14884,2026-05-30 16:44:04.291966,42,Chat,940,No,True
INC-14885,2026-09-04 17:26:04.291966,17,Voice,432,No,True
INC-14886,2026-06-06 11:32:04.291966,9,Voice,409,No,True
INC-14887,2026-04-19 16:31:04.291966,6,Email,1901,No,True
INC-14888,2026-04-22 10:49:04.291966,43,Chat,491,No,True
INC-14889,2026-04-26 18:29:04.291966,25,Chat,1075,Yes,True
INC-14890,2026-08-11 03:27:04.291966,39,Voice,405,Y,True
INC-14891,2026-05-09 14:34:04.291966,49,Voice,389,N,True
INC-14892,2026-09-02 03:24:04.291966,28,Email,1578,No,True
INC-14893,2026-05-29 18:01:04.291966,33,Voice,301,No,True
INC-14894,2026-06-05 00:34:04.291966,37,Voice,382,Yes,True
INC-14895,2026-06-24 09:21:04.291966,9,Voice,378,Y,True
INC-14896,2026-04-11 22:26:04.291966,18,Email,1433,,True
INC-14897,2026-09-14 05:31:04.291966,21,Voice,383,No,True
INC-14898,2026-07-03 16:55:04.291966,2,Email,1980,No,True
INC-14899,2026-09-06 21:54:04.291966,43,Voice,695,No,True
INC-14900,2026-08-22 14:42:04.291966,38,Email,893,No,True
INC-14901,2026-06-05 19:39:04.291966,40,Chat,1008,No,True
INC-14902,2026-08-31 18:25:04.291966,36,Voice,583,No,True
INC-14903,2026-09-11 02:23:04.291966,50,Chat,1008,,True
INC-14904,2026-07-22 07:53:04.291966,43,Voice,401,Yes,True
INC-14905,2026-06-02 05:04:04.291966,37,Voice,450,No,True
INC-14906,2026-06-27 01:14:04.291966,15,Email,1275,No,True
INC-14907,2026-09-06 05:54:04.291966,28,Voice,429,No,True
INC-14908,2026-09-09 21:25:04.291966,18,Voice,334,No,True
INC-14909,2026-05-21 17:05:04.291966,34,Voice,466,N,True
INC-14910,2026-09-15 05:36:04.291966,22,Voice,299,No,False
INC-14911,2026-07-31 11:31:04.291966,11,Email,1439,No,True
INC-14912,2026-04-08 12:55:04.291966,13,Voice,330,No,True
INC-14913,2026-09-06 12:07:04.291966,4,Email,1562,No,True
INC-14914,2026-05-06 10:53:04.291966,22,Email,1296,No,True
INC-14915,2026-07-16 12:42:04.291966,7,Voice,514,No,True
INC-14916,2026-04-01 13:26:04.291966,43,Voice,609,No,True
INC-14917,2026-06-15 17:49:04.291966,24,Email,1976,No,False
INC-14918,2026-08-02 17:45:04.291966,4,Voice,176,No,True
INC-14919,2026-07-27 12:59:04.291966,28,Voice,379,No,False
INC-14920,2026-09-13 17:04:04.291966,15,Voice,443,No,True
INC-14921,2026-05-29 09:06:04.291966,1,Chat,992,No,True
INC-14922,2026-06-09 01:51:04.291966,3,Chat,569,No,True
INC-14923,2026-09-09 11:56:04.291966,14,Voice,362,No,True
INC-14924,2026-07-01 14:58:04.291966,38,Voice,495,No,True
INC-14925,2026-04-14 01:53:04.291966,50,Email,1525,No,True
INC-14926,2026-08-18 22:57:04.291966,1,Chat,975,Yes,True
INC-14927,2026-09-07 06:58:04.291966,38,Chat,988,No,True
INC-14928,2026-08-19 12:38:04.291966,38,Chat,967,N,True
INC-14929,2026-03-25 21:51:04.291966,21,Voice,503,Yes,True
INC-14930,2026-04-18 18:08:04.291966,48,Chat,911,No,True
INC-14931,2026-07-30 12:03:04.291966,29,Voice,559,No,True
INC-14932,2026-04-14 20:53:04.291966,5,Voice,211,Y,True
INC-14933,2026-05-01 19:57:04.291966,49,Chat,1208,No,True
INC-14934,2026-04-18 17:08:04.291966,10,Voice,215,Y,True
INC-14935,2026-06-25 14:17:04.291966,28,Email,1176,No,True
INC-14936,2026-06-10 02:37:04.291966,21,Voice,452,No,True
INC-14937,2026-04-07 20:09:04.291966,50,Email,1701,No,False
INC-14938,2026-07-04 15:59:04.291966,7,Email,601,No,True
INC-14939,2026-06-01 03:58:04.291966,3,Voice,476,No,False
INC-14940,2026-04-28 12:03:04.291966,45,Chat,1058,No,True
INC-14941,2026-04-23 19:17:04.291966,47,Voice,599,No,False
INC-14942,2026-06-30 12:13:04.291966,20,Email,1290,No,True
INC-14943,2026-07-16 18:47:04.291966,19,Voice,443,Y,True
INC-14944,2026-06-14 12:31:04.291966,35,Chat,776,No,True
INC-14945,2026-04-24 00:24:04.291966,4,Voice,432,Y,False
INC-14946,2026-03-20 10:49:04.291966,5,Voice,356,No,True
INC-14947,2026-09-10 08:42:04.291966,1,Voice,373,No,True
INC-14948,2026-07-22 23:46:04.291966,4,Voice,532,No,True
INC-14949,2026-07-10 18:10:04.291966,12,Chat,926,Yes,True
INC-14950,2026-05-08 22:24:04.291966,27,Chat,998,No,True
INC-14951,2026-03-22 03:18:04.291966,42,Chat,942,No,True
INC-14952,2026-04-09 21:20:04.291966,23,Voice,564,Yes,True
INC-14953,2026-06-13 08:44:04.291966,25,Voice,585,No,True
INC-14954,2026-05-02 07:08:04.291966,21,Voice,270,No,True
INC-14955,2026-06-15 18:17:04.291966,24,Email,1243,Yes,True
INC-14956,2026-09-07 02:23:04.291966,25,Email,1430,No,True
INC-14957,2026-04-14 05:00:04.291966,45,Voice,477,No,True
INC-14958,2026-04-29 19:59:04.291966,46,Voice,399,No,True
INC-14959,2026-09-01 09:15:04.291966,32,Voice,589,No,True
INC-14960,2026-04-03 03:25:04.291966,32,Chat,1295,,True
INC-14961,2026-07-19 16:35:04.291966,5,Chat,937,N,False
INC-14962,2026-08-19 15:16:04.291966,36,Chat,916,No,True
INC-14963,2026-04-28 12:40:04.291966,46,Voice,581,No,True
INC-14964,2026-06-25 03:49:04.291966,42,Chat,526,Yes,True
INC-14965,2026-05-31 11:54:04.291966,49,Chat,905,No,True
INC-14966,2026-04-14 03:40:04.291966,42,Voice,597,No,True
INC-14967,2026-07-03 07:45:04.291966,39,Chat,771,N,True
INC-14968,2026-08-20 17:39:04.291966,16,Voice,332,No,True
INC-14969,2026-08-27 10:48:04.291966,33,Voice,457,,True
INC-14970,2026-03-31 12:21:04.291966,49,Email,1481,Y,True
INC-14971,2026-05-13 18:10:04.291966,21,Voice,370,,True
INC-14972,2026-09-08 18:10:04.291966,9,Email,2128,No,True
INC-14973,2026-06-09 06:35:04.291966,6,Chat,804,No,True
INC-14974,2026-08-14 05:38:04.291966,45,Voice,341,No,True
INC-14975,2026-09-16 12:03:04.291966,35,Chat,881,No,True
INC-14976,2026-06-30 23:25:04.291966,39,Chat,1081,No,True
INC-14977,2026-06-03 17:09:04.291966,22,Voice,482,No,True
INC-14978,2026-04-19 02:50:04.291966,41,Voice,538,No,True
INC-14979,2026-06-09 16:35:04.291966,5,Voice,375,No,True
INC-14980,2026-06-03 08:12:04.291966,42,Voice,658,No,False
INC-14981,2026-03-21 15:46:04.291966,23,Voice,547,N,True
INC-14982,2026-07-30 14:56:04.291966,17,Voice,605,No,True
INC-14983,2026-07-23 14:24:04.291966,12,Voice,523,No,True
INC-14984,2026-04-05 21:25:04.291966,23,Email,1747,Yes,False
INC-14985,2026-08-28 06:54:04.291966,16,Voice,375,No,True
INC-14986,2026-04-27 11:56:04.291966,3,Chat,801,N,True
INC-14987,2026-08-10 13:59:04.291966,30,Chat,1169,No,True
INC-14988,2026-07-13 16:01:04.291966,22,Chat,1211,No,True
INC-14989,2026-07-20 13:03:04.291966,9,Voice,342,No,True
INC-14990,2026-05-28 01:02:04.291966,29,Email,1574,N,True
INC-14991,2026-08-20 13:17:04.291966,47,Chat,813,No,True
INC-14992,2026-04-29 12:52:04.291966,37,Email,1290,No,True
INC-14993,2026-08-13 20:38:04.291966,23,Voice,514,No,True
INC-14994,2026-03-26 09:00:04.291966,13,Voice,616,No,True
INC-14995,2026-06-19 13:24:04.291966,32,Chat,990,No,True
INC-14996,2026-03-29 16:03:04.291966,46,Voice,441,N,False
INC-14997,2026-06-06 11:45:04.291966,47,Voice,541,No,True
INC-14998,2026-08-26 19:23:04.291966,48,Voice,436,No,True
INC-14999,2026-07-18 05:52:04.291966,23,Chat,982,N,True
INC-15000,2026-08-29 04:33:04.291966,45,Email,1918,No,True
INC-15001,2026-08-07 21:46:04.291966,17,Voice,230,No,True
INC-15002,2026-04-08 11:35:04.291966,40,Email,1739,No,False
INC-15003,2026-07-29 12:54:04.291966,21,Chat,592,No,False
INC-15004,2026-05-25 10:38:04.291966,2,Voice,627,No,True
INC-15005,2026-04-05 22:13:04.291966,37,Email,1308,No,True
INC-15006,2026-06-20 22:54:04.291966,6,Email,1134,No,True
INC-15007,2026-08-03 17:00:04.291966,44,Chat,1039,No,True
INC-15008,2026-08-04 09:17:04.291966,18,Voice,523,,False
INC-15009,2026-04-03 16:32:04.291966,30,Chat,700,No,True
INC-15010,2026-05-08 17:56:04.291966,22,Voice,329,Y,True
INC-15011,2026-06-25 23:35:04.291966,33,Voice,457,No,False
INC-15012,2026-05-12 21:28:04.291966,30,Voice,335,N,True
INC-15013,2026-05-24 09:15:04.291966,17,Email,1181,No,True
INC-15014,2026-07-31 11:22:04.291966,43,Email,1534,No,True
INC-15015,2026-07-03 01:49:04.291966,32,Voice,364,No,False
INC-15016,2026-08-10 09:59:04.291966,42,Voice,531,No,True
INC-15017,2026-05-26 22:49:04.291966,14,Email,1947,No,False
INC-15018,2026-08-18 06:12:04.291966,10,Voice,462,No,False
INC-15019,2026-04-30 00:32:04.291966,47,Chat,926,No,True
INC-15020,2026-07-31 06:49:04.291966,36,Voice,722,Yes,True
INC-15021,2026-05-24 23:37:04.291966,34,Voice,337,N,True
INC-15022,2026-07-19 05:06:04.291966,9,Email,1857,N,True
INC-15023,2026-04-15 09:50:04.291966,42,Voice,608,No,True
INC-15024,2026-08-22 11:01:04.291966,28,Voice,582,No,False
INC-15025,2026-03-27 19:28:04.291966,11,Voice,635,No,True
INC-15026,2026-08-11 23:00:04.291966,14,Email,1584,No,False
INC-15027,2026-08-03 06:51:04.291966,39,Email,1325,No,True
INC-15028,2026-05-22 08:12:04.291966,47,Voice,611,No,True
INC-15029,2026-09-13 22:34:04.291966,19,Voice,615,Yes,True
INC-15030,2026-08-21 19:49:04.291966,15,Chat,1121,No,True
INC-15031,2026-03-24 21:04:04.291966,28,Voice,485,No,True
INC-15032,2026-05-28 05:37:04.291966,24,Chat,756,N,True
INC-15033,2026-09-01 06:06:04.291966,8,Voice,502,No,True
INC-15034,2026-07-10 17:34:04.291966,43,Voice,593,No,True
INC-15035,2026-06-22 08:06:04.291966,9,Chat,1104,N,True
INC-15036,2026-05-13 07:54:04.291966,47,Voice,428,No,True
INC-15037,2026-08-03 16:49:04.291966,33,Email,1594,No,False
INC-15038,2026-08-14 17:46:04.291966,33,Voice,322,No,True
INC-15039,2026-04-12 11:46:04.291966,19,Voice,598,No,True
INC-15040,2026-03-24 21:19:04.291966,3,Email,1265,No,True
INC-15041,2026-08-12 02:46:04.291966,10,Voice,574,No,False
INC-15042,2026-08-07 21:38:04.291966,40,Chat,670,,False
INC-15043,2026-03-25 07:30:04.291966,47,Voice,603,No,True
INC-15044,2026-09-15 22:14:04.291966,42,Chat,964,No,True
INC-15045,2026-05-20 07:02:04.291966,1,Chat,743,No,True
INC-15046,2026-09-05 16:40:04.291966,29,Voice,562,No,True
INC-15047,2026-03-20 10:25:04.291966,50,Email,1322,No,True
INC-15048,2026-08-26 15:23:04.291966,34,Chat,1049,Yes,True
INC-15049,2026-03-26 19:31:04.291966,13,Voice,447,N,True
INC-15050,2026-06-14 04:39:04.291966,1,Chat,555,No,True
INC-15051,2026-07-21 06:10:04.291966,34,Chat,703,No,True
INC-15052,2026-06-09 08:00:04.291966,29,Voice,428,No,True
INC-15053,2026-07-27 22:50:04.291966,48,Voice,644,No,True
INC-15054,2026-05-07 14:18:04.291966,47,Voice,588,No,False
INC-15055,2026-09-05 01:34:04.291966,13,Voice,674,No,True
INC-15056,2026-05-12 07:36:04.291966,48,Chat,1230,No,False
INC-15057,2026-06-21 09:41:04.291966,49,Voice,415,No,True
INC-15058,2026-04-23 18:36:04.291966,29,Email,1443,No,True
INC-15059,2026-05-02 20:29:04.291966,39,Voice,430,No,True
INC-15060,2026-03-24 11:02:04.291966,24,Voice,399,No,True
INC-15061,2026-04-15 07:16:04.291966,26,Chat,531,Yes,True
INC-15062,2026-08-17 20:31:04.291966,17,Chat,897,N,True
INC-15063,2026-03-31 13:53:04.291966,7,Chat,642,No,True
INC-15064,2026-08-05 06:09:04.291966,13,Voice,475,,False
INC-15065,2026-06-17 17:07:04.291966,5,Voice,733,No,True
INC-15066,2026-08-11 21:35:04.291966,26,Voice,418,No,True
INC-15067,2026-07-24 11:03:04.291966,49,Email,1558,No,True
INC-15068,2026-07-05 10:10:04.291966,3,Voice,588,No,True
INC-15069,2026-04-30 06:46:04.291966,7,Email,1584,No,True
INC-15070,2026-09-07 05:08:04.291966,49,Chat,958,No,True
INC-15071,2026-05-23 23:12:04.291966,39,Voice,436,No,False
INC-15072,2026-09-04 10:30:04.291966,1,Chat,853,No,True
INC-15073,2026-04-03 16:22:04.291966,49,Email,1211,No,True
INC-15074,2026-08-25 13:51:04.291966,17,Email,1753,No,True
INC-15075,2026-07-14 19:15:04.291966,43,Voice,271,No,True
INC-15076,2026-08-13 13:28:04.291966,25,Voice,596,N,True
INC-15077,2026-06-16 18:47:04.291966,3,Voice,311,Y,True
INC-15078,2026-06-08 04:07:04.291966,15,Voice,595,No,True
INC-15079,2026-05-28 06:42:04.291966,29,Chat,829,No,True
INC-15080,2026-08-26 15:41:04.291966,43,Email,1130,No,True
INC-15081,2026-06-06 02:14:04.291966,32,Voice,549,No,True
INC-15082,2026-04-17 16:01:04.291966,26,Chat,1085,No,True
INC-15083,2026-03-20 01:54:04.291966,16,Chat,812,No,True
INC-15084,2026-08-10 17:10:04.291966,25,Voice,566,No,True
INC-15085,2026-07-16 21:29:04.291966,28,Voice,205,No,True
INC-15086,2026-07-06 22:22:04.291966,9,Chat,635,No,True
INC-15087,2026-07-05 18:38:04.291966,1,Email,1887,No,True
INC-15088,2026-09-03 10:29:04.291966,29,Chat,855,No,True
INC-15089,2026-07-24 03:52:04.291966,22,Voice,256,No,True
INC-15090,2026-08-26 08:34:04.291966,16,Voice,396,No,True
INC-15091,2026-06-03 05:30:04.291966,41,Voice,369,No,True
INC-15092,2026-06-12 22:29:04.291966,44,Chat,866,No,False
INC-15093,2026-08-07 21:04:04.291966,41,Chat,825,No,True
INC-15094,2026-08-06 02:12:04.291966,7,Voice,501,Yes,True
INC-15095,2026-08-25 13:54:04.291966,14,Email,1479,No,True
INC-15096,2026-08-16 21:17:04.291966,29,Chat,1171,Yes,True
INC-15097,2026-09-15 10:00:04.291966,19,Chat,984,No,True
INC-15098,2026-05-02 17:50:04.291966,19,Email,1637,No,False
INC-15099,2026-07-31 03:34:04.291966,2,Voice,619,No,True
INC-15100,2026-08-26 22:34:04.291966,41,Email,1383,No,True
INC-15101,2026-05-17 18:42:04.291966,45,Voice,328,N,True
INC-15102,2026-06-18 18:57:04.291966,15,Voice,624,No,True
INC-15103,2026-07-23 02:40:04.291966,3,Email,1540,,True
INC-15104,2026-06-06 11:00:04.291966,11,Email,1541,No,True
INC-15105,2026-09-14 07:47:04.291966,46,Chat,773,No,False
INC-15106,2026-06-07 00:22:04.291966,30,Chat,776,No,True
INC-15107,2026-09-01 11:18:04.291966,40,Chat,1069,Y,True
INC-15108,2026-07-03 00:37:04.291966,18,Email,1795,Yes,True
INC-15109,2026-08-11 12:34:04.291966,48,Voice,574,No,False
INC-15110,2026-05-16 15:19:04.291966,2,Email,1737,No,True
INC-15111,2026-06-30 15:34:04.291966,32,Voice,548,N,True
INC-15112,2026-07-11 05:43:04.291966,8,Voice,495,No,True
INC-15113,2026-08-20 01:12:04.291966,22,Voice,458,N,True
INC-15114,2026-06-22 21:34:04.291966,6,Chat,1142,No,True
INC-15115,2026-08-04 21:34:04.291966,12,Email,1387,No,True
INC-15116,2026-04-09 10:29:04.291966,47,Chat,973,No,True
INC-15117,2026-06-22 17:35:04.291966,40,Email,1258,No,False
INC-15118,2026-03-21 11:24:04.291966,36,Voice,400,No,True
INC-15119,2026-07-30 23:40:04.291966,15,Chat,852,No,True
INC-15120,2026-05-29 21:37:04.291966,28,Email,1258,N,True
INC-15121,2026-09-13 12:15:04.291966,49,Chat,1059,No,True
INC-15122,2026-08-30 15:40:04.291966,45,Chat,630,No,True
INC-15123,2026-04-22 04:18:04.291966,18,Chat,919,No,True
INC-15124,2026-06-28 14:40:04.291966,2,Email,1539,No,True
INC-15125,2026-09-15 04:20:04.291966,13,Email,956,Yes,False
INC-15126,2026-03-29 05:03:04.291966,45,Voice,427,No,False
INC-15127,2026-04-25 05:31:04.291966,15,Email,1576,Yes,True
INC-15128,2026-07-10 09:03:04.291966,20,Voice,531,N,True
INC-15129,2026-06-15 01:26:04.291966,29,Voice,455,,True
INC-15130,2026-04-27 21:49:04.291966,42,Email,1703,No,True
INC-15131,2026-06-01 18:57:04.291966,29,Voice,466,No,True
INC-15132,2026-04-20 10:38:04.291966,3,Email,1504,No,True
INC-15133,2026-08-19 18:55:04.291966,19,Voice,510,Yes,True
INC-15134,2026-05-02 18:02:04.291966,3,Voice,591,No,True
INC-15135,2026-04-16 06:43:04.291966,14,Voice,398,No,True
INC-15136,2026-05-10 18:28:04.291966,40,Voice,421,No,True
INC-15137,2026-05-12 20:49:04.291966,4,Chat,766,No,True
INC-15138,2026-08-06 03:23:04.291966,11,Voice,440,No,True
INC-15139,2026-07-06 22:18:04.291966,31,Voice,651,No,True
INC-15140,2026-05-03 11:58:04.291966,43,Voice,548,No,True
INC-15141,2026-04-03 15:17:04.291966,32,Voice,344,No,False
INC-15142,2026-09-06 03:33:04.291966,27,Chat,779,No,True
INC-15143,2026-06-17 16:56:04.291966,30,Voice,524,No,False
INC-15144,2026-06-01 06:28:04.291966,43,Chat,718,No,True
INC-15145,2026-08-11 02:31:04.291966,2,Email,1282,No,False
INC-15146,2026-03-26 08:27:04.291966,49,Chat,1168,No,True
INC-15147,2026-04-18 21:29:04.291966,9,Email,1315,No,True
INC-15148,2026-04-06 17:41:04.291966,28,Voice,594,No,True
INC-15149,2026-04-05 04:53:04.291966,31,Voice,630,No,True
INC-15150,2026-09-11 01:46:04.291966,34,Email,1279,No,True
INC-15151,2026-09-15 14:34:04.291966,15,Chat,722,No,True
INC-15152,2026-08-30 04:56:04.291966,48,Chat,844,No,False
INC-15153,2026-04-27 09:49:04.291966,25,Chat,682,No,True
INC-15154,2026-07-31 07:01:04.291966,36,Voice,494,No,True
INC-15155,2026-09-13 18:06:04.291966,8,Voice,455,No,True
INC-15156,2026-04-19 07:16:04.291966,9,Chat,972,No,True
INC-15157,2026-07-16 12:51:04.291966,37,Chat,1179,No,True
INC-15158,2026-09-11 05:40:04.291966,48,Voice,578,No,True
INC-15159,2026-08-16 04:43:04.291966,45,Email,1646,No,True
INC-15160,2026-08-24 15:45:04.291966,39,Voice,244,,False
INC-15161,2026-09-08 10:56:04.291966,32,Voice,533,Yes,True
INC-15162,2026-08-10 18:43:04.291966,17,Email,2016,No,True
INC-15163,2026-06-02 02:43:04.291966,35,Chat,297,No,True
INC-15164,2026-07-12 15:33:04.291966,37,Chat,1037,No,True
INC-15165,2026-07-02 11:42:04.291966,19,Voice,460,N,True
INC-15166,2026-07-23 08:53:04.291966,44,Voice,378,No,True
INC-15167,2026-05-29 11:51:04.291966,29,Chat,1060,No,True
INC-15168,2026-06-16 07:34:04.291966,7,Voice,685,No,True
INC-15169,2026-09-04 05:44:04.291966,28,Email,1732,No,True
INC-15170,2026-08-09 07:38:04.291966,9,Email,1388,No,False
INC-15171,2026-06-24 17:24:04.291966,28,Email,1216,No,True
INC-15172,2026-05-25 03:16:04.291966,6,Voice,497,No,True
INC-15173,2026-09-01 08:41:04.291966,29,Chat,1074,No,True
INC-15174,2026-08-11 05:29:04.291966,17,Voice,433,No,True
INC-15175,2026-06-26 05:33:04.291966,16,Voice,445,No,True
INC-15176,2026-05-27 00:44:04.291966,23,Voice,818,No,True
INC-15177,2026-05-02 15:53:04.291966,31,Voice,609,Yes,True
INC-15178,2026-08-15 23:29:04.291966,3,Email,1845,No,False
INC-15179,2026-04-06 08:58:04.291966,21,Voice,304,No,True
INC-15180,2026-04-30 10:55:04.291966,26,Voice,395,Yes,True
INC-15181,2026-05-26 14:23:04.291966,36,Email,1522,No,True
INC-15182,2026-08-09 12:05:04.291966,42,Voice,359,No,True
INC-15183,2026-06-03 23:32:04.291966,37,Chat,1220,No,True
INC-15184,2026-04-01 16:43:04.291966,22,Voice,649,Y,True
INC-15185,2026-04-13 16:00:04.291966,42,Voice,415,No,True
INC-15186,2026-04-30 21:38:04.291966,12,Email,2035,Yes,True
INC-15187,2026-08-18 06:33:04.291966,42,Voice,479,No,False
INC-15188,2026-07-21 06:55:04.291966,13,Chat,1417,,True
INC-15189,2026-05-22 16:09:04.291966,11,Voice,497,No,True
INC-15190,2026-07-04 07:55:04.291966,16,Voice,549,No,True
INC-15191,2026-05-06 09:00:04.291966,8,Voice,647,Yes,True
INC-15192,2026-05-15 04:31:04.291966,40,Voice,633,No,True
INC-15193,2026-05-14 13:06:04.291966,40,Voice,541,No,True
INC-15194,2026-09-16 05:42:04.291966,45,Chat,871,No,True
INC-15195,2026-03-29 03:32:04.291966,2,Voice,541,No,True
INC-15196,2026-05-05 04:44:04.291966,30,Voice,382,No,True
INC-15197,2026-04-24 10:43:04.291966,30,Voice,498,Yes,True
INC-15198,2026-09-03 07:44:04.291966,12,Email,1167,No,True
INC-15199,2026-06-08 13:35:04.291966,10,Email,965,No,True
INC-15200,2026-05-02 19:41:04.291966,44,Chat,910,No,True
INC-15201,2026-04-18 05:12:04.291966,11,Email,1878,No,True
INC-15202,2026-04-26 01:03:04.291966,15,Voice,591,No,True
INC-15203,2026-06-05 11:22:04.291966,16,Voice,470,No,True
INC-15204,2026-07-29 16:45:04.291966,17,Chat,1249,No,False
INC-15205,2026-04-21 20:30:04.291966,26,Chat,786,No,True
INC-15206,2026-08-08 14:58:04.291966,2,Voice,249,No,True
INC-15207,2026-07-31 23:31:04.291966,50,Voice,218,No,True
INC-15208,2026-04-01 13:49:04.291966,12,Email,1145,No,False
INC-15209,2026-07-28 18:51:04.291966,26,Email,1744,No,True
INC-15210,2026-05-22 13:03:04.291966,23,Voice,403,No,True
INC-15211,2026-09-13 17:33:04.291966,18,Chat,992,Y,True
INC-15212,2026-08-27 11:26:04.291966,32,Voice,677,No,True
INC-15213,2026-09-01 09:32:04.291966,49,Voice,347,No,True
INC-15214,2026-08-28 06:55:04.291966,38,Voice,537,No,True
INC-15215,2026-05-30 18:18:04.291966,47,Voice,544,No,True
INC-15216,2026-07-11 23:29:04.291966,3,Voice,376,No,True
INC-15217,2026-05-16 17:48:04.291966,38,Email,1906,No,True
INC-15218,2026-07-03 11:03:04.291966,3,Voice,445,Yes,True
INC-15219,2026-08-28 01:25:04.291966,30,Chat,823,Y,True
INC-15220,2026-03-26 19:04:04.291966,1,Voice,733,No,True
INC-15221,2026-06-15 13:51:04.291966,30,Voice,542,No,True
INC-15222,2026-05-03 09:32:04.291966,45,Email,1777,No,True
INC-15223,2026-07-15 03:11:04.291966,32,Chat,1170,No,True
INC-15224,2026-09-13 04:39:04.291966,28,Email,1304,Yes,True
INC-15225,2026-07-18 03:34:04.291966,21,Email,1874,No,False
INC-15226,2026-09-08 06:32:04.291966,46,Voice,419,Yes,True
INC-15227,2026-08-07 22:01:04.291966,13,Voice,414,No,True
INC-15228,2026-05-17 16:10:04.291966,27,Email,1418,Yes,True
INC-15229,2026-07-24 06:18:04.291966,36,Email,1313,No,True
INC-15230,2026-06-13 06:18:04.291966,7,Chat,1064,No,True
INC-15231,2026-06-24 09:41:04.291966,22,Chat,953,No,True
INC-15232,2026-08-03 09:21:04.291966,10,Chat,801,No,True
INC-15233,2026-08-21 19:19:04.291966,39,Voice,560,No,True
INC-15234,2026-07-02 18:55:04.291966,15,Chat,844,No,True
INC-15235,2026-08-14 19:09:04.291966,15,Email,1401,No,False
INC-15236,2026-07-27 04:52:04.291966,4,Chat,909,No,True
INC-15237,2026-06-30 01:53:04.291966,32,Voice,535,Yes,True
INC-15238,2026-08-19 21:08:04.291966,23,Voice,526,No,True
INC-15239,2026-05-15 09:04:04.291966,6,Voice,436,No,True
INC-15240,2026-03-20 07:21:04.291966,24,Voice,581,No,True
INC-15241,2026-09-07 00:49:04.291966,20,Email,1433,No,False
INC-15242,2026-04-25 06:57:04.291966,37,Voice,401,No,True
INC-15243,2026-05-23 06:59:04.291966,20,Voice,303,No,True
INC-15244,2026-04-22 21:35:04.291966,12,Voice,597,,True
INC-15245,2026-03-27 04:40:04.291966,33,Chat,902,No,True
INC-15246,2026-07-03 06:23:04.291966,28,Chat,942,N,True
INC-15247,2026-08-21 22:36:04.291966,8,Voice,605,Yes,True
INC-15248,2026-03-29 13:35:04.291966,1,Voice,422,No,True
INC-15249,2026-08-09 20:23:04.291966,37,Voice,315,No,True
INC-15250,2026-05-07 11:35:04.291966,22,Chat,913,No,True
INC-15251,2026-08-02 05:24:04.291966,6,Voice,516,No,True
INC-15252,2026-08-08 23:15:04.291966,21,Email,1421,No,True
INC-15253,2026-05-12 10:21:04.291966,32,Voice,656,Y,True
INC-15254,2026-06-18 19:30:04.291966,35,Voice,181,No,True
INC-15255,2026-08-26 19:36:04.291966,15,Chat,1124,N,False
INC-15256,2026-04-28 22:41:04.291966,5,Voice,574,Yes,True
INC-15257,2026-05-24 20:21:04.291966,46,Chat,991,No,True
INC-15258,2026-08-22 02:41:04.291966,50,Voice,79,No,True
INC-15259,2026-09-14 01:39:04.291966,48,Chat,1156,No,True
INC-15260,2026-09-08 13:39:04.291966,6,Chat,694,No,True
INC-15261,2026-08-30 23:28:04.291966,25,Email,1347,No,True
INC-15262,2026-07-31 23:18:04.291966,46,Voice,459,No,False
INC-15263,2026-05-31 11:46:04.291966,40,Voice,528,No,True
INC-15264,2026-04-24 13:15:04.291966,29,Voice,556,No,True
INC-15265,2026-04-28 13:50:04.291966,7,Email,1767,No,True
INC-15266,2026-09-11 00:53:04.291966,40,Email,1744,No,True
INC-15267,2026-08-18 11:01:04.291966,13,Voice,510,No,True
INC-15268,2026-05-31 18:19:04.291966,38,Voice,529,No,True
INC-15269,2026-07-27 11:56:04.291966,18,Voice,349,Yes,True
INC-15270,2026-04-22 20:24:04.291966,2,Voice,389,No,True
INC-15271,2026-07-27 13:33:04.291966,8,Voice,587,No,True
INC-15272,2026-07-05 13:38:04.291966,11,Voice,580,No,False
INC-15273,2026-03-24 19:33:04.291966,33,Chat,1044,N,True
INC-15274,2026-06-08 07:49:04.291966,38,Email,1345,No,True
INC-15275,2026-09-15 09:36:04.291966,48,Email,1773,No,False
INC-15276,2026-05-29 01:57:04.291966,27,Voice,340,No,False
INC-15277,2026-07-21 05:32:04.291966,20,Chat,1115,No,True
INC-15278,2026-08-13 13:30:04.291966,12,Email,1421,Yes,True
INC-15279,2026-04-22 06:39:04.291966,43,Voice,682,No,True
INC-15280,2026-03-30 01:52:04.291966,31,Chat,595,No,False
INC-15281,2026-03-31 23:44:04.291966,27,Voice,691,No,True
INC-15282,2026-09-06 07:27:04.291966,32,Voice,436,No,True
INC-15283,2026-04-28 02:50:04.291966,10,Voice,434,No,True
INC-15284,2026-07-10 15:11:04.291966,3,Voice,503,Y,True
INC-15285,2026-05-07 16:02:04.291966,45,Chat,760,Y,True
INC-15286,2026-09-11 13:44:04.291966,27,Voice,471,No,True
INC-15287,2026-03-30 11:26:04.291966,35,Voice,391,No,True
INC-15288,2026-07-06 22:10:04.291966,31,Voice,395,No,True
INC-15289,2026-06-15 17:02:04.291966,15,Email,1646,No,True
INC-15290,2026-04-03 19:52:04.291966,16,Voice,371,Yes,True
INC-15291,2026-08-17 22:18:04.291966,13,Chat,746,No,True
INC-15292,2026-07-28 03:59:04.291966,49,Chat,625,No,True
INC-15293,2026-04-10 20:01:04.291966,35,Voice,419,Yes,True
INC-15294,2026-06-02 12:23:04.291966,11,Voice,637,No,True
INC-15295,2026-08-01 09:57:04.291966,21,Chat,730,No,True
INC-15296,2026-05-29 17:00:04.291966,11,Voice,392,No,True
INC-15297,2026-05-29 22:19:04.291966,30,Voice,503,No,True
INC-15298,2026-05-28 23:07:04.291966,48,Chat,825,N,True
INC-15299,2026-07-18 11:29:04.291966,35,Voice,747,No,True
INC-15300,2026-05-23 19:47:04.291966,22,Voice,460,No,True
INC-15301,2026-05-27 03:22:04.291966,38,Voice,520,No,True
INC-15302,2026-07-04 08:43:04.291966,31,Voice,593,No,True
INC-15303,2026-04-10 09:49:04.291966,14,Chat,1084,Yes,True
INC-15304,2026-07-09 00:23:04.291966,24,Chat,946,No,True
INC-15305,2026-08-03 18:56:04.291966,50,Chat,867,Y,True
INC-15306,2026-06-22 20:52:04.291966,49,Chat,1304,No,True
INC-15307,2026-09-04 11:27:04.291966,32,Voice,468,Y,True
INC-15308,2026-05-07 00:27:04.291966,36,Voice,426,No,True
INC-15309,2026-05-07 20:16:04.291966,32,Voice,402,No,True
INC-15310,2026-08-25 16:12:04.291966,15,Voice,272,No,True
INC-15311,2026-06-20 06:20:04.291966,43,Email,1746,No,True
INC-15312,2026-05-31 17:18:04.291966,35,Email,795,,False
INC-15313,2026-07-28 15:20:04.291966,3,Voice,479,No,True
INC-15314,2026-08-30 09:38:04.291966,16,Voice,455,Yes,True
INC-15315,2026-09-13 17:41:04.291966,5,Voice,748,No,False
INC-15316,2026-06-12 01:24:04.291966,21,Voice,260,Yes,True
INC-15317,2026-06-28 04:32:04.291966,10,Voice,371,Yes,True
INC-15318,2026-09-06 18:27:04.291966,19,Chat,872,Yes,True
INC-15319,2026-06-06 01:12:04.291966,25,Email,1440,No,True
INC-15320,2026-04-26 10:53:04.291966,4,Chat,790,No,True
INC-15321,2026-03-30 19:56:04.291966,29,Voice,470,No,True
INC-15322,2026-07-01 06:11:04.291966,19,Voice,328,No,True
INC-15323,2026-05-04 20:50:04.291966,43,Chat,971,No,True
INC-15324,2026-03-20 11:27:04.291966,2,Email,803,No,True
INC-15325,2026-08-17 19:55:04.291966,10,Email,1492,No,False
INC-15326,2026-08-09 16:55:04.291966,43,Email,1319,No,True
INC-15327,2026-09-05 14:03:04.291966,25,Chat,1103,No,True
INC-15328,2026-06-19 00:57:04.291966,20,Chat,1251,No,False
INC-15329,2026-06-16 19:20:04.291966,48,Voice,440,Y,True
INC-15330,2026-05-04 16:58:04.291966,19,Chat,1178,No,True
INC-15331,2026-06-04 00:35:04.291966,23,Voice,442,No,True
INC-15332,2026-04-15 06:15:04.291966,24,Voice,364,No,True
INC-15333,2026-05-25 15:59:04.291966,11,Chat,1249,No,True
INC-15334,2026-04-18 15:26:04.291966,46,Voice,542,No,True
INC-15335,2026-06-30 14:31:04.291966,34,Voice,480,No,False
INC-15336,2026-07-13 17:46:04.291966,28,Voice,562,No,True
INC-15337,2026-07-02 18:13:04.291966,5,Voice,512,N,True
INC-15338,2026-09-12 22:06:04.291966,5,Voice,471,No,True
INC-15339,2026-08-25 12:48:04.291966,21,Voice,320,No,True
INC-15340,2026-07-22 01:07:04.291966,12,Voice,447,No,True
INC-15341,2026-04-27 19:51:04.291966,50,Voice,554,No,True
INC-15342,2026-05-10 03:49:04.291966,4,Email,1463,No,True
INC-15343,2026-06-30 09:57:04.291966,49,Voice,588,No,True
INC-15344,2026-06-24 17:54:04.291966,42,Voice,526,No,True
INC-15345,2026-05-31 22:58:04.291966,20,Chat,724,Yes,True
INC-15346,2026-06-18 06:26:04.291966,38,Email,1104,Yes,True
INC-15347,2026-04-10 09:17:04.291966,25,Chat,868,N,True
INC-15348,2026-06-25 13:53:04.291966,14,Voice,417,N,True
INC-15349,2026-08-10 02:13:04.291966,11,Chat,967,No,False
INC-15350,2026-04-06 07:01:04.291966,32,Chat,756,No,True
INC-15351,2026-03-27 18:42:04.291966,11,Chat,776,No,True
INC-15352,2026-04-01 10:18:04.291966,18,Chat,1110,No,True
INC-15353,2026-06-01 09:31:04.291966,27,Email,1544,No,True
INC-15354,2026-06-26 17:02:04.291966,18,Email,1289,No,True
INC-15355,2026-09-04 07:54:04.291966,23,Chat,903,No,False
INC-15356,2026-08-23 23:49:04.291966,11,Voice,645,Yes,True
INC-15357,2026-05-09 06:09:04.291966,21,Chat,958,No,True
INC-15358,2026-04-10 04:41:04.291966,44,Email,1677,No,True
INC-15359,2026-07-07 20:24:04.291966,5,Voice,389,No,True
INC-15360,2026-09-06 14:20:04.291966,23,Email,1807,No,True
INC-15361,2026-06-26 13:41:04.291966,41,Voice,758,N,True
INC-15362,2026-09-09 15:22:04.291966,25,Voice,385,N,True
INC-15363,2026-07-19 22:32:04.291966,41,Email,1145,No,True
INC-15364,2026-05-28 21:05:04.291966,10,Voice,501,No,False
INC-15365,2026-07-05 15:21:04.291966,22,Voice,585,No,True
INC-15366,2026-04-12 06:49:04.291966,19,Voice,469,Y,True
INC-15367,2026-09-07 12:20:04.291966,1,Voice,353,Yes,True
INC-15368,2026-08-11 08:48:04.291966,7,Voice,466,No,True
INC-15369,2026-06-05 02:27:04.291966,4,Voice,551,No,True
INC-15370,2026-06-13 15:20:04.291966,1,Voice,431,Yes,True
INC-15371,2026-06-02 13:52:04.291966,15,Email,1682,No,False
INC-15372,2026-06-05 09:02:04.291966,40,Email,1849,No,True
INC-15373,2026-04-17 08:38:04.291966,12,Voice,508,No,True
INC-15374,2026-03-31 00:36:04.291966,22,Chat,894,Y,True
INC-15375,2026-08-21 06:16:04.291966,22,Voice,579,Yes,True
INC-15376,2026-03-27 06:57:04.291966,50,Voice,377,No,True
INC-15377,2026-05-28 02:58:04.291966,47,Voice,365,Y,True
INC-15378,2026-06-15 10:31:04.291966,17,Email,1420,No,True
INC-15379,2026-08-18 22:59:04.291966,29,Email,1352,No,True
INC-15380,2026-04-28 03:07:04.291966,46,Voice,383,No,True
INC-15381,2026-05-02 08:41:04.291966,14,Voice,699,N,False
INC-15382,2026-08-09 00:11:04.291966,50,Voice,740,No,False
INC-15383,2026-07-21 19:35:04.291966,20,Chat,829,No,True
INC-15384,2026-08-05 14:52:04.291966,50,Chat,918,No,True
INC-15385,2026-06-05 14:17:04.291966,48,Voice,457,No,True
INC-15386,2026-06-29 22:03:04.291966,33,Chat,1121,Y,True
INC-15387,2026-08-19 11:28:04.291966,43,Voice,636,No,True
INC-15388,2026-08-17 03:26:04.291966,15,Email,966,No,True
INC-15389,2026-07-17 12:11:04.291966,12,Chat,995,No,True
INC-15390,2026-05-14 06:17:04.291966,40,Voice,323,No,True
INC-15391,2026-09-10 22:23:04.291966,20,Chat,1251,No,False
INC-15392,2026-07-07 05:56:04.291966,30,Email,1632,No,True
INC-15393,2026-09-07 11:46:04.291966,38,Voice,381,Yes,True
INC-15394,2026-03-28 20:24:04.291966,3,Voice,451,No,True
INC-15395,2026-06-05 13:53:04.291966,28,Email,1413,No,True
INC-15396,2026-07-13 02:40:04.291966,26,Voice,543,No,True
INC-15397,2026-07-10 11:47:04.291966,30,Voice,605,No,False
INC-15398,2026-05-19 01:50:04.291966,13,Voice,342,Y,True
INC-15399,2026-09-07 10:20:04.291966,13,Email,2051,No,False
INC-15400,2026-07-10 10:37:04.291966,2,Chat,1221,No,True
INC-15401,2026-06-30 22:58:04.291966,37,Email,1237,No,True
INC-15402,2026-07-03 19:26:04.291966,49,Chat,914,No,True
INC-15403,2026-06-22 07:18:04.291966,38,Voice,685,No,False
INC-15404,2026-08-26 06:46:04.291966,2,Chat,1146,No,False
INC-15405,2026-04-07 12:28:04.291966,36,Chat,832,No,True
INC-15406,2026-06-07 05:18:04.291966,26,Voice,577,No,True
INC-15407,2026-07-25 02:37:04.291966,11,Voice,839,No,True
INC-15408,2026-07-03 20:22:04.291966,8,Voice,492,No,True
INC-15409,2026-07-11 18:32:04.291966,44,Chat,773,No,True
INC-15410,2026-05-26 16:42:04.291966,40,Email,1551,,True
INC-15411,2026-05-20 00:25:04.291966,43,Chat,949,,False
INC-15412,2026-04-22 13:12:04.291966,22,Email,1342,No,True
INC-15413,2026-08-18 06:48:04.291966,20,Voice,532,No,True
INC-15414,2026-06-23 04:31:04.291966,8,Email,1123,No,True
INC-15415,2026-07-25 16:43:04.291966,29,Email,1300,No,True
INC-15416,2026-03-28 00:01:04.291966,40,Voice,570,No,False
INC-15417,2026-06-15 06:29:04.291966,26,Email,973,No,True
INC-15418,2026-03-23 06:46:04.291966,30,Voice,588,No,False
INC-15419,2026-04-18 04:02:04.291966,17,Email,896,No,False
INC-15420,2026-09-12 03:43:04.291966,20,Email,980,N,False
INC-15421,2026-05-08 11:55:04.291966,16,Chat,800,No,True
INC-15422,2026-08-14 13:56:04.291966,46,Chat,957,Y,True
INC-15423,2026-04-25 05:30:04.291966,43,Voice,639,N,True
INC-15424,2026-03-22 14:28:04.291966,7,Chat,911,No,True
INC-15425,2026-05-01 07:07:04.291966,16,Voice,450,No,True
INC-15426,2026-05-19 05:51:04.291966,45,Chat,1015,No,True
INC-15427,2026-05-12 12:50:04.291966,47,Chat,725,No,True
INC-15428,2026-04-18 19:28:04.291966,48,Email,1541,No,True
INC-15429,2026-04-23 23:12:04.291966,27,Voice,336,No,True
INC-15430,2026-04-19 11:18:04.291966,23,Email,1524,No,True
INC-15431,2026-05-23 19:08:04.291966,24,Email,1461,,True
INC-15432,2026-07-27 12:33:04.291966,9,Chat,739,No,True
INC-15433,2026-06-06 11:21:04.291966,35,Voice,499,No,True
INC-15434,2026-08-08 11:43:04.291966,20,Voice,499,No,True
INC-15435,2026-09-03 00:08:04.291966,37,Voice,621,Yes,True
INC-15436,2026-08-29 20:02:04.291966,42,Chat,578,No,True
INC-15437,2026-03-31 11:40:04.291966,17,Chat,884,No,True
INC-15438,2026-07-06 20:50:04.291966,47,Email,1271,No,True
INC-15439,2026-06-09 19:25:04.291966,31,Voice,584,No,False
INC-15440,2026-07-10 05:47:04.291966,8,Voice,570,N,True
INC-15441,2026-05-21 15:22:04.291966,15,Chat,1001,No,True
INC-15442,2026-09-08 20:30:04.291966,31,Email,1288,No,False
INC-15443,2026-08-29 20:36:04.291966,30,Email,1765,No,True
INC-15444,2026-06-07 16:26:04.291966,46,Email,1040,No,True
INC-15445,2026-08-26 15:03:04.291966,20,Voice,271,No,True
INC-15446,2026-06-16 10:12:04.291966,39,Chat,644,N,True
INC-15447,2026-06-23 07:37:04.291966,12,Email,1489,No,True
INC-15448,2026-04-21 05:33:04.291966,49,Voice,561,No,True
INC-15449,2026-03-20 08:31:04.291966,17,Voice,122,No,True
INC-15450,2026-04-16 06:13:04.291966,42,Voice,638,Yes,True
INC-15451,2026-08-05 23:16:04.291966,30,Voice,495,N,True
INC-15452,2026-09-14 15:08:04.291966,29,Chat,586,No,True
INC-15453,2026-07-04 02:36:04.291966,19,Voice,492,No,True
INC-15454,2026-06-14 00:32:04.291966,46,Voice,611,No,True
INC-15455,2026-05-14 09:08:04.291966,11,Voice,551,No,True
INC-15456,2026-04-05 05:35:04.291966,34,Chat,1119,No,True
INC-15457,2026-08-28 15:19:04.291966,50,Voice,316,No,True
INC-15458,2026-08-26 16:22:04.291966,7,Chat,817,,True
INC-15459,2026-07-31 09:58:04.291966,44,Voice,369,Yes,True
INC-15460,2026-08-26 13:45:04.291966,34,Voice,686,No,True
INC-15461,2026-06-09 16:54:04.291966,20,Voice,556,,False
INC-15462,2026-06-10 08:13:04.291966,50,Voice,821,No,True
INC-15463,2026-07-03 10:05:04.291966,38,Voice,423,No,True
INC-15464,2026-07-31 17:44:04.291966,24,Voice,393,Yes,True
INC-15465,2026-08-12 04:43:04.291966,10,Email,1457,Yes,True
INC-15466,2026-04-23 03:13:04.291966,32,Chat,1175,Yes,True
INC-15467,2026-08-11 23:19:04.291966,15,Voice,436,,False
INC-15468,2026-05-27 14:23:04.291966,37,Voice,494,,True
INC-15469,2026-08-06 00:49:04.291966,20,Email,1529,No,False
INC-15470,2026-09-07 22:05:04.291966,3,Chat,907,No,True
INC-15471,2026-06-14 17:45:04.291966,37,Voice,401,No,True
INC-15472,2026-06-28 21:23:04.291966,40,Chat,872,No,False
INC-15473,2026-05-23 07:25:04.291966,8,Chat,863,No,True
INC-15474,2026-06-18 18:26:04.291966,40,Chat,898,No,True
INC-15475,2026-03-22 19:08:04.291966,44,Voice,593,Y,True
INC-15476,2026-04-04 01:14:04.291966,23,Voice,691,No,False
INC-15477,2026-04-14 23:25:04.291966,40,Voice,379,No,True
INC-15478,2026-05-07 10:06:04.291966,11,Email,1382,No,True
INC-15479,2026-08-08 10:19:04.291966,46,Chat,734,No,True
INC-15480,2026-05-17 20:44:04.291966,8,Voice,502,No,True
INC-15481,2026-08-07 17:13:04.291966,29,Email,1338,No,True
INC-15482,2026-03-29 02:05:04.291966,30,Email,1571,No,True
INC-15483,2026-05-09 19:55:04.291966,10,Email,1831,No,True
INC-15484,2026-07-24 08:36:04.291966,39,Email,742,,True
INC-15485,2026-03-24 07:19:04.291966,28,Email,1647,No,True
INC-15486,2026-07-23 15:41:04.291966,49,Voice,424,N,False
INC-15487,2026-07-25 07:52:04.291966,36,Email,1638,Yes,True
INC-15488,2026-07-21 20:31:04.291966,13,Email,1231,No,True
INC-15489,2026-03-21 03:35:04.291966,32,Voice,623,Y,True
INC-15490,2026-05-26 18:03:04.291966,36,Voice,589,No,True
INC-15491,2026-07-24 13:59:04.291966,37,Email,1670,N,True
INC-15492,2026-03-30 14:13:04.291966,26,Voice,575,No,True
INC-15493,2026-08-27 02:14:04.291966,22,Email,1276,No,True
INC-15494,2026-05-01 22:06:04.291966,4,Voice,405,No,False
INC-15495,2026-09-08 21:39:04.291966,31,Voice,570,No,True
INC-15496,2026-08-09 07:43:04.291966,18,Voice,387,N,False
INC-15497,2026-08-16 18:40:04.291966,38,Voice,653,Yes,False
INC-15498,2026-09-04 07:19:04.291966,24,Chat,835,No,True
INC-15499,2026-05-05 02:45:04.291966,23,Chat,1000,No,True
INC-15500,2026-06-02 22:08:04.291966,22,Voice,731,No,True
INC-15501,2026-08-16 04:30:04.291966,2,Voice,395,No,True
INC-15502,2026-07-10 16:06:04.291966,31,Voice,488,No,False
INC-15503,2026-08-22 13:27:04.291966,11,Voice,606,No,True
INC-15504,2026-09-15 14:49:04.291966,28,Chat,1090,No,True
INC-15505,2026-06-21 14:38:04.291966,46,Voice,440,No,True
INC-15506,2026-04-24 16:55:04.291966,32,Voice,417,No,True
INC-15507,2026-04-18 15:40:04.291966,5,Voice,452,No,True
INC-15508,2026-05-29 03:16:04.291966,38,Voice,653,No,True
INC-15509,2026-07-27 04:47:04.291966,10,Voice,446,No,True
INC-15510,2026-08-31 00:54:04.291966,40,Voice,489,No,False
INC-15511,2026-06-21 22:52:04.291966,46,Email,1371,,True
INC-15512,2026-08-30 07:23:04.291966,24,Email,1711,N,True
INC-15513,2026-09-12 00:42:04.291966,35,Email,1546,,True
INC-15514,2026-05-08 03:41:04.291966,44,Voice,359,No,True
INC-15515,2026-09-06 09:42:04.291966,48,Voice,363,Y,True
INC-15516,2026-03-20 09:05:04.291966,23,Chat,500,No,False
INC-15517,2026-07-01 11:39:04.291966,17,Chat,733,No,True
INC-15518,2026-05-12 11:25:04.291966,1,Email,1738,No,True
INC-15519,2026-07-01 23:16:04.291966,31,Voice,638,No,True
INC-15520,2026-08-17 20:12:04.291966,31,Voice,562,No,True
INC-15521,2026-03-24 11:43:04.291966,42,Chat,1010,No,True
INC-15522,2026-07-02 18:35:04.291966,42,Email,1462,No,True
INC-15523,2026-07-02 05:04:04.291966,34,Email,1732,No,True
INC-15524,2026-04-21 18:01:04.291966,9,Chat,957,N,False
INC-15525,2026-07-20 00:16:04.291966,22,Email,2041,No,True
INC-15526,2026-04-06 13:43:04.291966,13,Chat,880,No,True
INC-15527,2026-05-12 01:33:04.291966,25,Email,1902,No,True
INC-15528,2026-05-16 10:53:04.291966,48,Email,1762,No,True
INC-15529,2026-08-21 13:56:04.291966,18,Email,1720,No,True
INC-15530,2026-08-07 21:23:04.291966,12,Voice,238,Y,True
INC-15531,2026-04-09 14:56:04.291966,40,Voice,591,No,True
INC-15532,2026-08-20 06:10:04.291966,17,Chat,874,No,False
INC-15533,2026-06-10 11:29:04.291966,15,Voice,426,No,True
INC-15534,2026-06-11 19:55:04.291966,42,Email,1055,No,True
INC-15535,2026-05-18 07:36:04.291966,15,Voice,479,,True
INC-15536,2026-04-23 04:52:04.291966,15,Voice,484,No,True
INC-15537,2026-04-17 14:13:04.291966,39,Chat,639,No,True
INC-15538,2026-06-16 09:01:04.291966,13,Voice,303,No,True
INC-15539,2026-08-27 04:47:04.291966,17,Voice,538,N,True
INC-15540,2026-06-17 05:04:04.291966,32,Voice,584,No,False
INC-15541,2026-08-11 07:28:04.291966,9,Chat,938,No,True
INC-15542,2026-06-25 03:43:04.291966,40,Voice,618,No,True
INC-15543,2026-04-24 20:39:04.291966,20,Email,1474,No,True
INC-15544,2026-06-16 23:35:04.291966,26,Voice,473,No,True
INC-15545,2026-04-23 12:32:04.291966,27,Email,1224,No,True
INC-15546,2026-07-02 11:52:04.291966,21,Voice,292,Yes,False
INC-15547,2026-05-16 09:14:04.291966,18,Voice,702,No,True
INC-15548,2026-07-27 10:09:04.291966,13,Voice,615,,False
INC-15549,2026-06-14 14:35:04.291966,16,Voice,312,N,True
INC-15550,2026-07-20 07:59:04.291966,9,Chat,931,No,True
INC-15551,2026-06-19 05:59:04.291966,12,Voice,467,No,True
INC-15552,2026-03-23 07:28:04.291966,44,Voice,447,No,True
INC-15553,2026-07-31 06:19:04.291966,38,Chat,818,No,True
INC-15554,2026-05-04 16:57:04.291966,19,Voice,525,Yes,False
INC-15555,2026-06-14 01:24:04.291966,7,Voice,578,No,False
INC-15556,2026-08-01 13:38:04.291966,35,Chat,980,,True
INC-15557,2026-07-31 15:23:04.291966,48,Email,1463,Y,True
INC-15558,2026-05-27 18:20:04.291966,18,Voice,461,No,True
INC-15559,2026-07-30 02:17:04.291966,16,Voice,592,No,False
INC-15560,2026-05-02 17:03:04.291966,39,Email,1639,N,True
INC-15561,2026-07-31 06:56:04.291966,4,Voice,488,No,True
INC-15562,2026-08-06 17:18:04.291966,25,Email,1489,No,True
INC-15563,2026-08-06 13:34:04.291966,32,Voice,521,No,True
INC-15564,2026-07-03 17:48:04.291966,40,Email,1359,Y,True
INC-15565,2026-08-15 01:58:04.291966,13,Voice,578,Yes,True
INC-15566,2026-05-21 02:00:04.291966,45,Email,1177,No,False
INC-15567,2026-06-16 03:24:04.291966,17,Voice,430,No,True
INC-15568,2026-04-18 12:01:04.291966,49,Chat,1022,No,True
INC-15569,2026-06-10 14:52:04.291966,37,Voice,344,No,True
INC-15570,2026-08-12 15:31:04.291966,6,Voice,291,No,True
INC-15571,2026-03-22 10:57:04.291966,19,Chat,912,No,False
INC-15572,2026-08-26 06:49:04.291966,13,Chat,560,No,True
INC-15573,2026-03-23 23:18:04.291966,26,Email,1110,No,True
INC-15574,2026-09-04 18:09:04.291966,14,Voice,570,No,True
INC-15575,2026-08-26 11:08:04.291966,31,Email,1438,No,True
INC-15576,2026-08-23 20:38:04.291966,4,Voice,634,No,True
INC-15577,2026-04-14 13:23:04.291966,39,Email,1138,Yes,True
INC-15578,2026-07-13 11:57:04.291966,8,Email,1471,No,True
INC-15579,2026-06-24 21:49:04.291966,25,Voice,527,No,True
INC-15580,2026-07-08 03:42:04.291966,13,Email,1148,No,False
INC-15581,2026-03-26 22:15:04.291966,32,Email,1809,No,True
INC-15582,2026-07-31 13:30:04.291966,38,Voice,541,No,True
INC-15583,2026-09-08 08:30:04.291966,38,Chat,578,No,True
INC-15584,2026-04-24 14:14:04.291966,28,Voice,475,No,False
INC-15585,2026-06-20 22:08:04.291966,30,Email,1615,N,False
INC-15586,2026-08-19 19:49:04.291966,3,Voice,409,No,True
INC-15587,2026-08-10 21:08:04.291966,28,Voice,302,Yes,True
INC-15588,2026-03-30 07:23:04.291966,3,Voice,513,No,True
INC-15589,2026-07-10 14:30:04.291966,45,Chat,1342,Yes,False
INC-15590,2026-09-06 07:01:04.291966,34,Email,1383,No,True
INC-15591,2026-07-31 01:09:04.291966,16,Email,1970,No,False
INC-15592,2026-07-19 18:37:04.291966,22,Voice,389,No,True
INC-15593,2026-04-28 19:19:04.291966,32,Voice,505,No,True
INC-15594,2026-04-18 22:26:04.291966,38,Chat,1054,No,True
INC-15595,2026-05-03 13:02:04.291966,8,Chat,898,No,False
INC-15596,2026-08-30 23:31:04.291966,8,Voice,444,Yes,True
INC-15597,2026-05-31 07:48:04.291966,6,Voice,567,Yes,True
INC-15598,2026-07-12 13:55:04.291966,14,Chat,1278,No,False
INC-15599,2026-08-08 11:37:04.291966,32,Voice,516,No,True
INC-15600,2026-08-17 00:32:04.291966,35,Chat,796,No,True
INC-15601,2026-04-06 17:17:04.291966,10,Chat,862,No,True
INC-15602,2026-04-15 18:46:04.291966,3,Email,2255,Yes,True
INC-15603,2026-07-02 01:13:04.291966,12,Chat,926,No,True
INC-15604,2026-04-13 05:54:04.291966,49,Voice,408,No,True
INC-15605,2026-09-04 04:21:04.291966,31,Email,1156,Yes,True
INC-15606,2026-04-15 09:18:04.291966,29,Chat,534,No,True
INC-15607,2026-08-01 01:28:04.291966,5,Voice,523,No,True
INC-15608,2026-06-05 13:21:04.291966,25,Chat,1030,No,False
INC-15609,2026-05-26 22:04:04.291966,41,Voice,432,No,True
INC-15610,2026-06-05 07:04:04.291966,31,Email,1495,No,True
INC-15611,2026-05-28 13:50:04.291966,21,Voice,339,No,False
INC-15612,2026-04-15 17:02:04.291966,20,Chat,926,No,True
INC-15613,2026-04-26 23:05:04.291966,39,Voice,537,No,False
INC-15614,2026-05-21 10:30:04.291966,22,Voice,415,No,True
INC-15615,2026-08-06 00:19:04.291966,4,Email,2007,,True
INC-15616,2026-08-04 14:14:04.291966,13,Email,1248,Yes,True
INC-15617,2026-07-27 07:19:04.291966,45,Voice,514,No,False
INC-15618,2026-05-28 20:28:04.291966,42,Voice,581,No,True
INC-15619,2026-04-14 07:59:04.291966,50,Voice,470,No,True
INC-15620,2026-08-26 07:27:04.291966,49,Chat,862,Yes,True
INC-15621,2026-04-07 21:59:04.291966,20,Chat,614,No,False
INC-15622,2026-03-20 02:59:04.291966,13,Chat,1171,No,True
INC-15623,2026-05-22 18:27:04.291966,17,Chat,866,Yes,True
INC-15624,2026-09-08 19:37:04.291966,36,Email,1661,No,True
INC-15625,2026-07-29 23:12:04.291966,33,Voice,560,No,True
INC-15626,2026-08-17 14:58:04.291966,1,Voice,404,No,True
INC-15627,2026-08-02 19:41:04.291966,15,Chat,860,No,True
INC-15628,2026-08-05 23:21:04.291966,13,Email,1900,No,True
INC-15629,2026-08-24 18:19:04.291966,17,Chat,676,No,True
INC-15630,2026-04-03 19:28:04.291966,24,Chat,1325,Yes,True
INC-15631,2026-04-01 06:12:04.291966,8,Chat,751,No,False
INC-15632,2026-07-08 01:40:04.291966,50,Email,1146,No,True
INC-15633,2026-09-02 00:33:04.291966,27,Voice,495,No,True
INC-15634,2026-08-16 15:59:04.291966,45,Voice,745,No,True
INC-15635,2026-08-23 07:39:04.291966,23,Email,926,No,True
INC-15636,2026-03-24 06:15:04.291966,46,Email,1457,No,True
INC-15637,2026-04-07 21:27:04.291966,8,Voice,537,No,True
INC-15638,2026-05-26 01:33:04.291966,8,Voice,484,No,True
INC-15639,2026-05-16 11:47:04.291966,26,Voice,525,No,True
INC-15640,2026-07-16 05:31:04.291966,47,Voice,393,No,False
INC-15641,2026-05-22 22:03:04.291966,13,Email,1320,No,True
INC-15642,2026-07-23 04:28:04.291966,39,Voice,462,No,True
INC-15643,2026-04-02 16:04:04.291966,37,Email,1161,No,True
INC-15644,2026-07-30 06:56:04.291966,49,Voice,474,No,True
INC-15645,2026-03-27 21:31:04.291966,28,Chat,822,Yes,True
INC-15646,2026-04-24 20:57:04.291966,25,Voice,423,No,True
INC-15647,2026-08-30 13:24:04.291966,16,Chat,964,No,True
INC-15648,2026-05-18 04:47:04.291966,2,Chat,535,No,True
INC-15649,2026-04-13 21:54:04.291966,18,Chat,854,N,True
INC-15650,2026-08-17 22:24:04.291966,17,Voice,758,No,True
INC-15651,2026-08-29 15:17:04.291966,30,Voice,349,No,True
INC-15652,2026-08-31 06:49:04.291966,39,Voice,634,Yes,True
INC-15653,2026-08-21 02:17:04.291966,13,Voice,486,No,True
INC-15654,2026-08-18 19:04:04.291966,32,Chat,779,No,True
INC-15655,2026-07-27 06:42:04.291966,50,Chat,635,No,False
INC-15656,2026-06-13 14:29:04.291966,29,Chat,927,No,True
INC-15657,2026-04-22 13:09:04.291966,46,Chat,1190,N,True
INC-15658,2026-06-06 20:31:04.291966,30,Voice,433,No,True
INC-15659,2026-06-22 02:27:04.291966,18,Voice,470,No,True
INC-15660,2026-03-28 03:20:04.291966,13,Voice,601,No,True
INC-15661,2026-08-11 03:14:04.291966,43,Email,1602,No,True
INC-15662,2026-05-10 18:03:04.291966,21,Chat,585,No,True
INC-15663,2026-05-22 00:25:04.291966,30,Voice,491,No,True
INC-15664,2026-07-16 21:50:04.291966,21,Voice,661,N,True
INC-15665,2026-06-21 16:17:04.291966,48,Email,1488,No,True
INC-15666,2026-08-15 04:35:04.291966,17,Chat,351,No,True
INC-15667,2026-09-15 04:43:04.291966,40,Chat,977,No,True
INC-15668,2026-08-26 00:43:04.291966,19,Voice,456,Yes,True
INC-15669,2026-06-19 05:57:04.291966,15,Voice,260,No,True
INC-15670,2026-06-02 01:27:04.291966,9,Email,996,No,True
INC-15671,2026-05-07 04:00:04.291966,10,Chat,1095,No,True
INC-15672,2026-04-13 22:08:04.291966,44,Voice,392,No,True
INC-15673,2026-08-06 23:09:04.291966,31,Email,1227,Y,True
INC-15674,2026-05-27 00:13:04.291966,23,Chat,892,No,True
INC-15675,2026-06-23 06:57:04.291966,30,Voice,402,No,True
INC-15676,2026-07-16 03:52:04.291966,33,Voice,492,No,True
INC-15677,2026-07-05 04:19:04.291966,9,Voice,455,No,True
INC-15678,2026-04-07 12:46:04.291966,47,Voice,336,No,True
INC-15679,2026-04-08 02:52:04.291966,1,Chat,797,Yes,True
INC-15680,2026-05-10 13:05:04.291966,44,Voice,533,Yes,True
INC-15681,2026-07-16 07:44:04.291966,35,Email,1512,No,True
INC-15682,2026-08-12 07:33:04.291966,11,Email,1475,Yes,True
INC-15683,2026-08-02 09:55:04.291966,34,Voice,712,No,False
INC-15684,2026-06-23 06:39:04.291966,16,Voice,567,No,True
INC-15685,2026-04-25 21:08:04.291966,9,Email,1755,No,True
INC-15686,2026-04-14 02:33:04.291966,32,Chat,866,Yes,True
INC-15687,2026-04-06 10:59:04.291966,15,Chat,944,No,True
INC-15688,2026-04-25 23:49:04.291966,12,Voice,428,No,False
INC-15689,2026-09-11 17:24:04.291966,33,Voice,573,No,True
INC-15690,2026-04-14 04:34:04.291966,45,Chat,877,No,True
INC-15691,2026-04-10 10:05:04.291966,14,Email,1566,,True
INC-15692,2026-08-17 23:01:04.291966,8,Voice,499,No,True
INC-15693,2026-06-19 12:34:04.291966,8,Email,1494,No,True
INC-15694,2026-06-02 09:57:04.291966,27,Voice,832,No,True
INC-15695,2026-07-08 09:48:04.291966,12,Email,1300,Y,True
INC-15696,2026-05-25 10:23:04.291966,1,Chat,764,No,False
INC-15697,2026-05-26 09:39:04.291966,43,Voice,563,N,True
INC-15698,2026-08-26 03:49:04.291966,40,Chat,780,No,True
INC-15699,2026-06-15 15:16:04.291966,42,Voice,445,Yes,False
INC-15700,2026-05-02 11:38:04.291966,11,Voice,349,No,True
INC-15701,2026-09-15 01:08:04.291966,39,Voice,538,No,True
INC-15702,2026-07-22 15:32:04.291966,43,Voice,540,No,True
INC-15703,2026-06-22 14:57:04.291966,31,Voice,442,No,True
INC-15704,2026-05-18 08:16:04.291966,17,Chat,1042,No,True
INC-15705,2026-06-24 13:08:04.291966,33,Chat,528,Yes,True
INC-15706,2026-07-01 01:41:04.291966,32,Voice,395,No,True
INC-15707,2026-05-19 21:00:04.291966,29,Email,1449,No,True
INC-15708,2026-06-05 09:41:04.291966,21,Chat,665,No,False
INC-15709,2026-05-25 15:11:04.291966,21,Email,975,Yes,True
INC-15710,2026-05-29 20:32:04.291966,40,Chat,838,No,True
INC-15711,2026-04-20 09:33:04.291966,23,Voice,563,Yes,True
INC-15712,2026-07-29 18:12:04.291966,6,Voice,633,No,True
INC-15713,2026-08-23 10:13:04.291966,22,Chat,790,No,True
INC-15714,2026-05-22 13:32:04.291966,50,Voice,567,N,True
INC-15715,2026-05-17 12:40:04.291966,38,Voice,556,No,True
INC-15716,2026-04-28 15:27:04.291966,37,Voice,626,No,False
INC-15717,2026-08-15 22:23:04.291966,45,Voice,437,No,False
INC-15718,2026-08-09 17:12:04.291966,8,Voice,264,No,False
INC-15719,2026-03-28 09:18:04.291966,41,Voice,488,No,True
INC-15720,2026-04-07 03:04:04.291966,49,Voice,358,,True
INC-15721,2026-08-16 13:38:04.291966,35,Chat,755,,False
INC-15722,2026-08-26 10:53:04.291966,11,Chat,839,No,True
INC-15723,2026-07-06 08:16:04.291966,24,Voice,439,No,True
INC-15724,2026-05-02 03:35:04.291966,49,Voice,496,N,True
INC-15725,2026-08-22 11:02:04.291966,21,Voice,564,Yes,False
INC-15726,2026-05-06 05:56:04.291966,2,Voice,435,No,True
INC-15727,2026-05-17 15:18:04.291966,40,Voice,527,No,True
INC-15728,2026-07-30 23:33:04.291966,19,Voice,481,No,True
INC-15729,2026-03-30 16:36:04.291966,39,Chat,1087,,True
INC-15730,2026-08-17 01:24:04.291966,28,Chat,862,No,True
INC-15731,2026-05-12 09:27:04.291966,17,Voice,470,No,True
INC-15732,2026-04-03 16:26:04.291966,6,Voice,435,No,True
INC-15733,2026-04-22 22:38:04.291966,19,Chat,867,No,True
INC-15734,2026-04-12 11:46:04.291966,38,Email,1264,Y,True
INC-15735,2026-07-17 09:48:04.291966,28,Chat,723,No,True
INC-15736,2026-03-27 12:50:04.291966,2,Chat,1055,No,True
INC-15737,2026-07-18 18:12:04.291966,38,Voice,350,No,True
INC-15738,2026-03-30 22:26:04.291966,37,Voice,441,No,True
INC-15739,2026-06-12 04:05:04.291966,4,Email,1804,No,True
INC-15740,2026-07-01 22:05:04.291966,22,Voice,437,No,True
INC-15741,2026-06-03 15:00:04.291966,26,Email,1748,,False
INC-15742,2026-07-17 09:03:04.291966,49,Chat,781,N,True
INC-15743,2026-03-26 03:33:04.291966,43,Chat,689,No,True
INC-15744,2026-05-10 10:03:04.291966,36,Voice,288,N,False
INC-15745,2026-07-07 14:25:04.291966,13,Chat,1162,N,True
INC-15746,2026-08-01 06:10:04.291966,32,Voice,343,No,True
INC-15747,2026-03-26 07:41:04.291966,17,Voice,569,No,True
INC-15748,2026-07-15 02:40:04.291966,41,Voice,360,N,True
INC-15749,2026-08-28 17:04:04.291966,36,Email,1895,No,True
INC-15750,2026-04-01 11:49:04.291966,46,Chat,1341,No,True
INC-15751,2026-05-06 13:25:04.291966,19,Voice,277,No,True
INC-15752,2026-08-21 11:55:04.291966,35,Voice,349,No,True
INC-15753,2026-08-13 22:28:04.291966,46,Chat,1054,N,True
INC-15754,2026-07-24 00:53:04.291966,40,Chat,1002,No,True
INC-15755,2026-04-12 09:38:04.291966,28,Chat,1055,Y,True
INC-15756,2026-07-30 15:44:04.291966,1,Chat,785,No,True
INC-15757,2026-03-29 21:40:04.291966,42,Voice,718,No,True
INC-15758,2026-05-17 21:32:04.291966,18,Chat,923,No,True
INC-15759,2026-08-29 05:14:04.291966,48,Voice,333,No,True
INC-15760,2026-08-16 00:13:04.291966,40,Email,1424,No,True
INC-15761,2026-05-18 14:39:04.291966,33,Chat,659,No,False
INC-15762,2026-05-01 10:35:04.291966,12,Voice,670,No,True
INC-15763,2026-06-21 23:14:04.291966,8,Voice,400,No,True
INC-15764,2026-07-10 08:47:04.291966,24,Email,1647,No,False
INC-15765,2026-04-02 13:29:04.291966,16,Voice,423,No,True
INC-15766,2026-04-24 08:35:04.291966,50,Voice,406,No,False
INC-15767,2026-07-31 20:43:04.291966,4,Chat,517,No,True
INC-15768,2026-05-10 05:45:04.291966,38,Voice,551,No,False
INC-15769,2026-04-02 02:32:04.291966,44,Chat,1159,No,True
INC-15770,2026-08-01 05:05:04.291966,27,Voice,370,No,True
INC-15771,2026-07-13 16:05:04.291966,9,Chat,590,No,False
INC-15772,2026-07-05 09:07:04.291966,47,Voice,576,No,True
INC-15773,2026-08-21 22:45:04.291966,16,Voice,282,No,False
INC-15774,2026-06-30 06:56:04.291966,12,Email,1865,No,True
INC-15775,2026-05-09 06:48:04.291966,31,Chat,719,No,True
INC-15776,2026-05-13 11:25:04.291966,24,Voice,347,N,True
INC-15777,2026-07-20 16:47:04.291966,14,Voice,509,N,False
INC-15778,2026-04-12 15:54:04.291966,45,Chat,692,No,True
INC-15779,2026-03-22 11:09:04.291966,25,Chat,758,No,True
INC-15780,2026-05-24 09:51:04.291966,34,Email,1606,No,True
INC-15781,2026-07-26 16:31:04.291966,3,Email,771,Yes,False
INC-15782,2026-08-26 08:45:04.291966,24,Chat,1228,No,True
INC-15783,2026-08-23 04:19:04.291966,42,Voice,485,No,True
INC-15784,2026-08-07 11:57:04.291966,9,Voice,324,No,True
INC-15785,2026-08-25 18:21:04.291966,26,Chat,696,No,True
INC-15786,2026-05-07 04:27:04.291966,20,Voice,598,No,True
INC-15787,2026-04-23 15:25:04.291966,40,Voice,552,No,True
INC-15788,2026-05-11 20:45:04.291966,10,Voice,646,N,True
INC-15789,2026-04-02 15:28:04.291966,19,Voice,398,Y,True
INC-15790,2026-04-16 00:14:04.291966,3,Voice,515,Y,True
INC-15791,2026-04-16 14:12:04.291966,24,Voice,531,No,True
INC-15792,2026-07-12 07:58:04.291966,5,Chat,1039,Yes,True
INC-15793,2026-06-12 18:57:04.291966,3,Voice,615,No,True
INC-15794,2026-04-05 14:16:04.291966,27,Voice,393,No,True
INC-15795,2026-07-09 17:32:04.291966,16,Voice,466,No,True
INC-15796,2026-06-05 04:04:04.291966,49,Chat,777,Y,True
INC-15797,2026-08-18 22:19:04.291966,15,Voice,473,,True
INC-15798,2026-06-20 02:08:04.291966,35,Chat,1039,No,False
INC-15799,2026-05-14 10:51:04.291966,12,Email,1003,No,True
INC-15800,2026-07-26 09:32:04.291966,41,Voice,613,No,True
INC-15801,2026-06-07 10:36:04.291966,44,Voice,343,No,True
INC-15802,2026-03-31 11:53:04.291966,26,Voice,443,N,True
INC-15803,2026-04-23 01:00:04.291966,47,Email,1873,No,False
INC-15804,2026-06-22 06:34:04.291966,34,Chat,965,No,True
INC-15805,2026-04-11 13:40:04.291966,23,Email,1601,No,True
INC-15806,2026-07-12 12:23:04.291966,31,Voice,338,No,True
INC-15807,2026-06-14 05:47:04.291966,50,Email,1186,No,True
INC-15808,2026-06-25 15:53:04.291966,20,Voice,592,N,True
INC-15809,2026-06-16 18:17:04.291966,12,Voice,409,No,False
INC-15810,2026-03-30 02:55:04.291966,23,Email,1351,No,True
INC-15811,2026-08-31 20:04:04.291966,4,Email,1789,Yes,True
INC-15812,2026-04-03 22:51:04.291966,23,Voice,354,No,True
INC-15813,2026-04-21 07:16:04.291966,48,Voice,512,No,False
INC-15814,2026-05-10 04:41:04.291966,48,Voice,485,No,False
INC-15815,2026-07-31 21:54:04.291966,1,Voice,479,No,False
INC-15816,2026-09-14 03:56:04.291966,25,Voice,417,,True
INC-15817,2026-07-08 01:15:04.291966,2,Email,1326,No,True
INC-15818,2026-08-22 15:13:04.291966,30,Chat,684,No,True
INC-15819,2026-08-19 03:14:04.291966,3,Chat,996,N,True
INC-15820,2026-04-21 05:34:04.291966,21,Chat,766,,True
INC-15821,2026-06-20 00:29:04.291966,25,Chat,1093,No,True
INC-15822,2026-05-26 08:03:04.291966,20,Chat,855,No,True
INC-15823,2026-07-20 19:26:04.291966,49,Chat,688,No,True
INC-15824,2026-07-20 23:44:04.291966,22,Voice,451,No,True
INC-15825,2026-04-19 12:02:04.291966,21,Chat,817,No,True
INC-15826,2026-06-28 11:02:04.291966,33,Chat,1101,No,True
INC-15827,2026-08-30 19:25:04.291966,38,Email,1389,No,True
INC-15828,2026-08-29 06:59:04.291966,15,Email,1417,No,True
INC-15829,2026-07-30 17:08:04.291966,46,Voice,649,No,True
INC-15830,2026-07-19 22:28:04.291966,15,Chat,1001,No,True
INC-15831,2026-05-27 08:06:04.291966,46,Voice,679,No,True
INC-15832,2026-03-21 13:53:04.291966,25,Chat,1151,No,True
INC-15833,2026-07-25 18:31:04.291966,21,Voice,373,No,True
INC-15834,2026-05-13 21:37:04.291966,24,Voice,598,No,False
INC-15835,2026-08-25 09:09:04.291966,5,Voice,663,,True
INC-15836,2026-07-12 20:32:04.291966,6,Chat,1206,No,True
INC-15837,2026-06-23 21:01:04.291966,49,Voice,598,No,False
INC-15838,2026-05-25 07:47:04.291966,43,Email,1790,No,True
INC-15839,2026-04-09 20:14:04.291966,48,Voice,443,No,True
INC-15840,2026-04-24 21:57:04.291966,44,Email,1248,No,False
INC-15841,2026-08-24 23:57:04.291966,47,Chat,829,No,True
INC-15842,2026-07-04 06:55:04.291966,23,Voice,280,No,True
INC-15843,2026-07-08 04:13:04.291966,4,Voice,641,No,False
INC-15844,2026-04-24 12:26:04.291966,27,Chat,843,No,True
INC-15845,2026-06-08 10:15:04.291966,18,Chat,1158,No,True
INC-15846,2026-09-02 14:54:04.291966,21,Chat,653,No,True
INC-15847,2026-04-05 08:02:04.291966,28,Voice,609,Y,True
INC-15848,2026-05-27 20:21:04.291966,35,Voice,420,No,True
INC-15849,2026-06-03 04:09:04.291966,22,Email,1114,No,False
INC-15850,2026-08-31 04:50:04.291966,40,Voice,675,No,True
INC-15851,2026-05-18 05:03:04.291966,23,Voice,612,No,True
INC-15852,2026-04-08 09:38:04.291966,3,Voice,505,,True
INC-15853,2026-04-29 14:51:04.291966,40,Chat,906,Y,True
INC-15854,2026-04-30 05:18:04.291966,50,Chat,987,No,True
INC-15855,2026-08-28 01:38:04.291966,10,Voice,503,No,True
INC-15856,2026-06-06 11:39:04.291966,25,Voice,384,No,False
INC-15857,2026-06-17 04:12:04.291966,49,Voice,430,No,False
INC-15858,2026-04-27 20:15:04.291966,8,Voice,715,Y,True
INC-15859,2026-09-03 00:02:04.291966,11,Voice,800,No,True
INC-15860,2026-06-05 15:49:04.291966,5,Email,1968,No,True
INC-15861,2026-09-15 11:30:04.291966,45,Voice,537,No,True
INC-15862,2026-07-24 04:07:04.291966,37,Voice,439,No,True
INC-15863,2026-04-03 08:30:04.291966,45,Email,1260,No,True
INC-15864,2026-08-10 04:26:04.291966,38,Voice,392,No,True
INC-15865,2026-05-10 21:09:04.291966,29,Chat,789,No,True
INC-15866,2026-04-09 18:42:04.291966,5,Voice,738,Yes,False
INC-15867,2026-03-26 14:21:04.291966,9,Voice,696,No,True
INC-15868,2026-07-01 23:37:04.291966,48,Email,1723,No,True
INC-15869,2026-08-20 03:54:04.291966,2,Chat,707,No,True
INC-15870,2026-08-03 15:25:04.291966,1,Voice,587,No,True
INC-15871,2026-07-03 22:47:04.291966,40,Chat,852,No,True
INC-15872,2026-06-01 12:01:04.291966,30,Email,854,No,True
INC-15873,2026-06-01 17:18:04.291966,11,Voice,514,No,True
INC-15874,2026-06-11 19:13:04.291966,28,Chat,731,No,True
INC-15875,2026-06-28 20:28:04.291966,44,Email,1257,No,False
INC-15876,2026-06-26 14:55:04.291966,12,Voice,449,No,True
INC-15877,2026-07-29 06:54:04.291966,39,Chat,800,No,True
INC-15878,2026-06-04 04:58:04.291966,26,Chat,893,No,True
INC-15879,2026-09-06 02:18:04.291966,13,Chat,883,,True
INC-15880,2026-05-30 23:58:04.291966,8,Voice,254,,True
INC-15881,2026-04-08 00:55:04.291966,28,Voice,662,,True
INC-15882,2026-05-06 21:47:04.291966,30,Chat,703,No,True
INC-15883,2026-05-08 21:04:04.291966,9,Voice,365,No,True
INC-15884,2026-07-14 03:24:04.291966,39,Voice,440,No,True
INC-15885,2026-06-18 04:28:04.291966,31,Voice,466,Y,True
INC-15886,2026-09-02 04:08:04.291966,21,Voice,655,,True
INC-15887,2026-08-29 14:42:04.291966,47,Email,1580,No,False
INC-15888,2026-08-01 02:49:04.291966,34,Voice,547,No,True
INC-15889,2026-07-14 18:14:04.291966,31,Email,1582,No,True
INC-15890,2026-04-24 22:02:04.291966,25,Voice,507,No,True
INC-15891,2026-04-26 09:37:04.291966,12,Chat,961,No,True
INC-15892,2026-04-30 14:09:04.291966,1,Voice,248,Y,True
INC-15893,2026-04-22 21:32:04.291966,22,Chat,850,No,True
INC-15894,2026-07-03 21:14:04.291966,40,Chat,1132,No,True
INC-15895,2026-06-27 07:13:04.291966,37,Voice,953,,True
INC-15896,2026-06-05 23:56:04.291966,47,Email,1138,No,True
INC-15897,2026-08-13 08:56:04.291966,1,Voice,530,No,True
INC-15898,2026-03-29 10:54:04.291966,1,Chat,785,No,True
INC-15899,2026-04-15 00:53:04.291966,42,Email,2114,No,True
INC-15900,2026-06-26 07:05:04.291966,42,Email,1093,No,True
INC-15901,2026-08-27 03:06:04.291966,21,Email,1687,No,True
INC-15902,2026-08-11 00:36:04.291966,15,Voice,311,No,False
INC-15903,2026-07-20 16:26:04.291966,17,Voice,441,No,True
INC-15904,2026-05-23 02:50:04.291966,22,Voice,475,No,True
INC-15905,2026-04-17 21:41:04.291966,38,Chat,1113,No,True
INC-15906,2026-06-24 17:41:04.291966,35,Chat,684,No,True
INC-15907,2026-06-29 08:44:04.291966,45,Voice,559,No,False
INC-15908,2026-07-19 05:12:04.291966,16,Chat,903,No,False
INC-15909,2026-09-05 01:38:04.291966,8,Voice,512,No,True
INC-15910,2026-07-25 05:05:04.291966,47,Voice,594,No,False
INC-15911,2026-04-01 18:40:04.291966,17,Chat,643,No,True
INC-15912,2026-05-27 22:15:04.291966,17,Voice,577,No,True
INC-15913,2026-04-28 01:52:04.291966,26,Email,1329,No,True
INC-15914,2026-05-11 19:23:04.291966,13,Voice,611,,True
INC-15915,2026-08-26 23:52:04.291966,17,Chat,966,N,False
INC-15916,2026-04-26 17:00:04.291966,38,Voice,454,No,True
INC-15917,2026-03-20 08:11:04.291966,17,Voice,409,Yes,True
INC-15918,2026-04-11 23:15:04.291966,48,Chat,1064,No,False
INC-15919,2026-04-15 10:39:04.291966,14,Email,1878,Yes,True
INC-15920,2026-03-31 01:27:04.291966,45,Voice,416,No,True
INC-15921,2026-09-15 06:55:04.291966,6,Voice,344,No,True
INC-15922,2026-08-27 17:10:04.291966,35,Chat,1038,No,True
INC-15923,2026-09-13 21:13:04.291966,46,Voice,306,N,True
INC-15924,2026-07-19 22:32:04.291966,14,Email,1108,No,True
INC-15925,2026-07-05 03:02:04.291966,47,Chat,687,No,True
INC-15926,2026-06-01 18:10:04.291966,8,Voice,430,No,True
INC-15927,2026-05-10 12:05:04.291966,15,Voice,319,No,True
INC-15928,2026-04-06 01:32:04.291966,27,Chat,512,N,False
INC-15929,2026-05-18 20:06:04.291966,13,Voice,343,No,True
INC-15930,2026-07-24 02:51:04.291966,49,Chat,1028,No,True
INC-15931,2026-06-12 16:08:04.291966,31,Voice,327,No,True
INC-15932,2026-03-24 16:30:04.291966,35,Chat,831,No,True
INC-15933,2026-09-13 10:04:04.291966,6,Voice,713,No,True
INC-15934,2026-07-31 07:21:04.291966,5,Email,1485,No,True
INC-15935,2026-03-21 14:02:04.291966,22,Voice,521,No,True
INC-15936,2026-09-14 23:40:04.291966,49,Voice,366,No,False
INC-15937,2026-09-09 12:45:04.291966,23,Email,2149,No,True
INC-15938,2026-08-20 20:21:04.291966,25,Voice,415,No,True
INC-15939,2026-09-02 15:30:04.291966,34,Voice,452,No,True
INC-15940,2026-08-13 16:25:04.291966,26,Voice,638,No,True
INC-15941,2026-07-02 10:39:04.291966,47,Voice,458,,True
INC-15942,2026-05-06 00:44:04.291966,5,Email,1514,Yes,True
INC-15943,2026-04-21 22:34:04.291966,26,Chat,843,No,True
INC-15944,2026-04-07 10:32:04.291966,20,Voice,447,N,True
INC-15945,2026-04-29 20:40:04.291966,6,Chat,974,,False
INC-15946,2026-06-24 18:05:04.291966,6,Chat,1010,No,False
INC-15947,2026-04-28 20:54:04.291966,50,Email,1307,Yes,False
INC-15948,2026-07-31 13:19:04.291966,18,Voice,388,No,True
INC-15949,2026-05-24 06:19:04.291966,4,Chat,778,No,True
INC-15950,2026-04-14 01:00:04.291966,17,Chat,619,No,True
INC-15951,2026-04-25 17:51:04.291966,14,Voice,289,Yes,True
INC-15952,2026-08-04 21:35:04.291966,14,Voice,515,No,True
INC-15953,2026-07-03 03:49:04.291966,13,Voice,592,No,True
INC-15954,2026-06-21 03:52:04.291966,7,Chat,1074,No,True
INC-15955,2026-08-15 19:44:04.291966,44,Voice,194,No,True
INC-15956,2026-03-21 17:02:04.291966,15,Email,1426,No,True
INC-15957,2026-07-18 14:19:04.291966,19,Voice,347,No,True
INC-15958,2026-05-20 19:55:04.291966,43,Chat,928,No,True
INC-15959,2026-07-12 22:28:04.291966,47,Email,1374,Y,True
INC-15960,2026-03-26 09:24:04.291966,44,Chat,1018,No,False
INC-15961,2026-06-18 20:55:04.291966,35,Email,1494,No,True
INC-15962,2026-04-09 09:19:04.291966,17,Email,931,No,True
INC-15963,2026-07-05 06:18:04.291966,35,Voice,363,Yes,False
INC-15964,2026-07-28 23:36:04.291966,19,Chat,901,Yes,True
INC-15965,2026-04-03 15:52:04.291966,20,Voice,490,No,False
INC-15966,2026-04-25 07:11:04.291966,36,Chat,618,N,True
INC-15967,2026-03-27 04:49:04.291966,35,Voice,295,N,True
INC-15968,2026-05-03 12:08:04.291966,32,Chat,911,No,True
INC-15969,2026-04-19 05:57:04.291966,48,Chat,619,No,True
INC-15970,2026-05-28 04:03:04.291966,44,Voice,279,No,True
INC-15971,2026-05-17 09:59:04.291966,40,Voice,426,No,True
INC-15972,2026-06-19 15:18:04.291966,24,Email,1353,No,True
INC-15973,2026-07-16 01:45:04.291966,17,Voice,374,Yes,True
INC-15974,2026-06-29 15:05:04.291966,7,Voice,395,No,True
INC-15975,2026-08-12 05:01:04.291966,43,Voice,481,No,True
INC-15976,2026-04-21 12:05:04.291966,50,Email,1283,No,True
INC-15977,2026-05-22 14:02:04.291966,1,Email,1521,No,True
INC-15978,2026-07-01 20:36:04.291966,35,Chat,823,No,True
INC-15979,2026-09-08 19:00:04.291966,32,Email,1550,No,True
INC-15980,2026-04-15 18:22:04.291966,36,Voice,585,Yes,False
INC-15981,2026-05-07 15:49:04.291966,13,Email,1751,N,True
INC-15982,2026-03-25 01:42:04.291966,6,Voice,634,No,True
INC-15983,2026-04-05 16:06:04.291966,14,Voice,580,No,True
INC-15984,2026-04-11 06:55:04.291966,37,Voice,508,No,True
INC-15985,2026-08-06 23:05:04.291966,48,Chat,813,No,True
INC-15986,2026-04-25 11:49:04.291966,15,Chat,822,No,True
INC-15987,2026-06-06 06:59:04.291966,47,Voice,374,No,True
INC-15988,2026-07-27 06:53:04.291966,4,Email,1501,No,False
INC-15989,2026-07-18 02:22:04.291966,40,Voice,563,No,True
INC-15990,2026-09-02 06:15:04.291966,16,Voice,392,No,True
INC-15991,2026-04-26 19:45:04.291966,28,Voice,475,Yes,True
INC-15992,2026-03-30 09:20:04.291966,16,Chat,764,Yes,True
INC-15993,2026-08-15 09:30:04.291966,4,Email,1562,No,True
INC-15994,2026-05-11 03:15:04.291966,45,Voice,414,No,True
INC-15995,2026-03-20 12:15:04.291966,26,Chat,752,No,False
INC-15996,2026-05-08 21:02:04.291966,28,Voice,398,No,True
INC-15997,2026-08-07 05:47:04.291966,32,Chat,1000,No,True
INC-15998,2026-09-16 01:12:04.291966,45,Email,1470,No,True
INC-15999,2026-07-17 23:05:04.291966,2,Voice,428,No,True
INC-16000,2026-05-18 18:46:04.291966,31,Email,1578,No,True
INC-16001,2026-04-09 17:11:04.291966,3,Chat,817,No,True
INC-16002,2026-05-03 06:41:04.291966,8,Voice,615,,True
INC-16003,2026-08-23 08:39:04.291966,24,Email,1207,No,False
INC-16004,2026-05-10 23:02:04.291966,15,Voice,457,N,True
INC-16005,2026-05-03 04:58:04.291966,43,Voice,311,No,False
INC-16006,2026-09-14 21:54:04.291966,31,Voice,438,No,True
INC-16007,2026-04-05 17:44:04.291966,9,Voice,278,Yes,True
INC-16008,2026-05-18 12:30:04.291966,39,Email,1723,No,True
INC-16009,2026-08-05 17:50:04.291966,45,Chat,1053,No,False
INC-16010,2026-07-16 12:56:04.291966,2,Email,1735,No,True
INC-16011,2026-05-11 14:41:04.291966,8,Voice,483,No,True
INC-16012,2026-06-09 02:48:04.291966,7,Voice,374,No,True
INC-16013,2026-05-03 01:33:04.291966,44,Voice,383,No,True
INC-16014,2026-08-12 17:52:04.291966,39,Chat,1206,No,False
INC-16015,2026-04-22 05:56:04.291966,42,Email,1930,No,True
INC-16016,2026-06-29 23:23:04.291966,16,Chat,924,Y,True
INC-16017,2026-09-06 19:39:04.291966,35,Voice,418,No,False
INC-16018,2026-06-15 01:34:04.291966,30,Email,1910,No,True
INC-16019,2026-04-16 17:43:04.291966,10,Chat,761,No,False
INC-16020,2026-08-01 03:55:04.291966,38,Voice,507,Y,True
INC-16021,2026-06-20 18:25:04.291966,18,Email,1905,No,True
INC-16022,2026-05-13 19:45:04.291966,50,Voice,379,,True
INC-16023,2026-06-30 15:58:04.291966,5,Voice,579,No,True
INC-16024,2026-06-19 20:19:04.291966,29,Voice,542,Y,True
INC-16025,2026-07-08 16:24:04.291966,39,Voice,475,Yes,True
INC-16026,2026-07-19 22:34:04.291966,34,Voice,360,No,True
INC-16027,2026-04-11 22:16:04.291966,43,Voice,393,No,True
INC-16028,2026-05-03 18:46:04.291966,45,Voice,514,No,True
INC-16029,2026-07-04 02:08:04.291966,23,Chat,615,No,False
INC-16030,2026-09-12 15:30:04.291966,5,Email,1539,No,False
INC-16031,2026-06-30 11:35:04.291966,30,Chat,1008,No,False
INC-16032,2026-04-08 03:10:04.291966,6,Voice,598,No,True
INC-16033,2026-06-27 08:26:04.291966,46,Voice,312,No,True
INC-16034,2026-06-25 23:30:04.291966,44,Voice,637,No,True
INC-16035,2026-05-23 11:01:04.291966,4,Voice,683,Yes,True
INC-16036,2026-05-27 05:47:04.291966,29,Chat,982,No,True
INC-16037,2026-06-06 01:29:04.291966,23,Chat,692,No,True
INC-16038,2026-09-05 15:44:04.291966,6,Chat,834,No,True
INC-16039,2026-06-27 11:31:04.291966,32,Chat,890,No,True
INC-16040,2026-05-16 05:23:04.291966,42,Voice,512,No,True
INC-16041,2026-06-15 08:43:04.291966,18,Voice,482,No,True
INC-16042,2026-08-01 09:35:04.291966,15,Chat,956,No,True
INC-16043,2026-09-12 22:55:04.291966,40,Voice,469,No,True
INC-16044,2026-03-27 10:51:04.291966,32,Voice,511,No,True
INC-16045,2026-04-14 08:28:04.291966,9,Voice,424,Yes,True
INC-16046,2026-04-28 10:07:04.291966,37,Voice,439,Y,True
INC-16047,2026-04-10 20:25:04.291966,10,Voice,410,No,True
INC-16048,2026-06-16 07:39:04.291966,20,Email,2075,No,True
INC-16049,2026-07-20 07:13:04.291966,6,Email,1939,N,False
INC-16050,2026-04-07 01:10:04.291966,48,Voice,546,No,False
INC-16051,2026-09-10 00:37:04.291966,3,Voice,639,No,True
INC-16052,2026-06-08 21:24:04.291966,42,Chat,1059,,True
INC-16053,2026-06-28 03:48:04.291966,11,Voice,501,No,True
INC-16054,2026-05-01 13:33:04.291966,43,Voice,299,Yes,True
INC-16055,2026-04-10 20:19:04.291966,17,Voice,448,No,True
INC-16056,2026-05-25 05:54:04.291966,32,Voice,439,Yes,True
INC-16057,2026-07-28 07:26:04.291966,4,Chat,673,Y,True
INC-16058,2026-06-27 12:18:04.291966,4,Email,1054,Yes,True
INC-16059,2026-04-11 07:07:04.291966,17,Voice,539,No,False
INC-16060,2026-07-29 23:39:04.291966,41,Voice,518,No,True
INC-16061,2026-09-12 23:18:04.291966,19,Voice,339,No,True
INC-16062,2026-07-07 03:19:04.291966,5,Voice,390,N,True
INC-16063,2026-07-13 06:11:04.291966,32,Email,1848,No,True
INC-16064,2026-04-12 13:42:04.291966,22,Chat,724,No,True
INC-16065,2026-03-26 12:43:04.291966,6,Chat,934,No,False
INC-16066,2026-08-11 10:00:04.291966,35,Chat,862,No,True
INC-16067,2026-09-16 08:36:04.291966,22,Email,1651,No,True
INC-16068,2026-07-01 02:15:04.291966,1,Email,1243,No,False
INC-16069,2026-04-06 05:32:04.291966,20,Voice,490,No,True
INC-16070,2026-05-06 19:29:04.291966,22,Voice,500,No,True
INC-16071,2026-06-16 01:45:04.291966,48,Chat,946,Y,True
INC-16072,2026-06-05 05:04:04.291966,11,Voice,489,No,True
INC-16073,2026-08-10 10:25:04.291966,13,Email,1603,No,True
INC-16074,2026-08-14 01:16:04.291966,42,Chat,1338,No,True
INC-16075,2026-05-13 13:10:04.291966,3,Email,2268,No,True
INC-16076,2026-04-25 08:06:04.291966,9,Voice,403,No,True
INC-16077,2026-05-04 03:55:04.291966,12,Email,804,No,False
INC-16078,2026-04-15 09:29:04.291966,23,Voice,551,Y,True
INC-16079,2026-07-19 07:57:04.291966,14,Email,1555,No,True
INC-16080,2026-04-08 09:52:04.291966,33,Voice,607,No,True
INC-16081,2026-08-21 12:41:04.291966,18,Chat,956,Y,True
INC-16082,2026-08-08 14:01:04.291966,49,Chat,911,No,True
INC-16083,2026-08-23 03:20:04.291966,41,Voice,615,No,True
INC-16084,2026-06-14 15:01:04.291966,9,Voice,632,No,False
INC-16085,2026-08-09 05:34:04.291966,23,Email,1084,N,True
INC-16086,2026-06-14 15:04:04.291966,10,Voice,382,Yes,True
INC-16087,2026-09-05 18:10:04.291966,19,Chat,878,No,True
INC-16088,2026-08-21 02:35:04.291966,47,Voice,491,No,True
INC-16089,2026-08-27 02:21:04.291966,5,Email,1432,No,False
INC-16090,2026-05-09 18:23:04.291966,47,Chat,986,No,True
INC-16091,2026-09-07 03:32:04.291966,23,Voice,599,No,False
INC-16092,2026-08-03 22:39:04.291966,30,Voice,686,N,True
INC-16093,2026-04-12 01:10:04.291966,25,Chat,1015,No,False
INC-16094,2026-05-06 00:30:04.291966,28,Voice,377,No,True
INC-16095,2026-08-16 14:50:04.291966,34,Voice,462,Y,True
INC-16096,2026-04-15 00:52:04.291966,45,Chat,884,No,True
INC-16097,2026-07-27 03:57:04.291966,48,Voice,541,No,False
INC-16098,2026-03-21 01:52:04.291966,47,Voice,526,No,True
INC-16099,2026-08-27 05:58:04.291966,25,Chat,1310,No,True
INC-16100,2026-07-23 00:51:04.291966,10,Voice,424,No,True
INC-16101,2026-07-15 14:26:04.291966,14,Voice,526,No,True
INC-16102,2026-08-11 13:46:04.291966,42,Voice,762,No,True
INC-16103,2026-06-24 10:22:04.291966,46,Chat,782,No,True
INC-16104,2026-09-11 17:04:04.291966,30,Chat,929,No,True
INC-16105,2026-08-03 16:24:04.291966,41,Chat,711,No,True
INC-16106,2026-06-10 19:30:04.291966,25,Voice,489,No,True
INC-16107,2026-09-05 11:16:04.291966,14,Voice,386,No,True
INC-16108,2026-08-19 21:29:04.291966,35,Voice,605,No,True
INC-16109,2026-06-08 11:28:04.291966,48,Voice,497,No,True
INC-16110,2026-07-13 17:29:04.291966,34,Email,1219,No,True
INC-16111,2026-07-30 15:46:04.291966,10,Voice,580,No,True
INC-16112,2026-06-24 19:14:04.291966,35,Voice,501,No,True
INC-16113,2026-09-07 06:50:04.291966,11,Voice,594,No,True
INC-16114,2026-07-18 04:15:04.291966,11,Chat,670,No,True
INC-16115,2026-07-25 13:41:04.291966,21,Chat,973,No,True
INC-16116,2026-05-09 08:35:04.291966,21,Chat,1054,No,True
INC-16117,2026-04-06 15:34:04.291966,22,Email,1372,N,True
INC-16118,2026-04-02 18:20:04.291966,45,Voice,328,No,False
INC-16119,2026-09-03 12:52:04.291966,7,Voice,475,No,True
INC-16120,2026-04-04 13:19:04.291966,17,Voice,627,Yes,True
INC-16121,2026-03-25 10:50:04.291966,2,Chat,1125,No,False
INC-16122,2026-09-06 08:29:04.291966,12,Chat,814,No,False
INC-16123,2026-04-09 12:43:04.291966,42,Chat,643,No,True
INC-16124,2026-06-15 14:23:04.291966,18,Chat,813,No,True
INC-16125,2026-08-11 14:10:04.291966,11,Chat,806,No,False
INC-16126,2026-09-10 20:25:04.291966,16,Email,1633,No,True
INC-16127,2026-06-05 04:46:04.291966,49,Chat,878,Y,True
INC-16128,2026-06-04 22:36:04.291966,18,Chat,749,Yes,True
INC-16129,2026-09-06 16:12:04.291966,35,Voice,612,No,True
INC-16130,2026-08-03 10:45:04.291966,26,Chat,928,No,True
INC-16131,2026-08-08 14:44:04.291966,16,Email,1630,,False
INC-16132,2026-09-04 22:49:04.291966,6,Voice,273,No,True
INC-16133,2026-07-17 07:44:04.291966,44,Chat,415,No,True
INC-16134,2026-07-18 20:52:04.291966,43,Chat,612,No,True
INC-16135,2026-08-25 00:35:04.291966,47,Voice,422,No,True
INC-16136,2026-07-06 01:51:04.291966,47,Chat,1015,No,True
INC-16137,2026-05-30 04:57:04.291966,48,Voice,198,No,False
INC-16138,2026-06-24 19:58:04.291966,42,Email,1977,,True
INC-16139,2026-03-28 11:13:04.291966,12,Email,1551,No,True
INC-16140,2026-05-03 23:53:04.291966,13,Voice,643,No,True
INC-16141,2026-06-17 04:29:04.291966,4,Voice,373,No,True
INC-16142,2026-04-14 19:31:04.291966,39,Chat,1000,N,True
INC-16143,2026-08-20 13:45:04.291966,2,Voice,490,No,True
INC-16144,2026-04-24 00:16:04.291966,26,Voice,578,No,True
INC-16145,2026-06-17 15:59:04.291966,27,Chat,853,No,True
INC-16146,2026-08-04 11:25:04.291966,27,Voice,536,No,True
INC-16147,2026-07-02 03:26:04.291966,15,Voice,612,No,True
INC-16148,2026-09-12 16:48:04.291966,8,Email,1304,No,True
INC-16149,2026-07-07 17:26:04.291966,7,Email,1572,No,True
INC-16150,2026-07-02 09:12:04.291966,47,Chat,522,Yes,True
INC-16151,2026-05-13 19:37:04.291966,46,Email,1710,No,False
INC-16152,2026-06-01 02:17:04.291966,40,Voice,714,No,True
INC-16153,2026-05-04 15:57:04.291966,12,Voice,330,No,True
INC-16154,2026-07-02 22:59:04.291966,13,Voice,469,Yes,True
INC-16155,2026-07-07 02:27:04.291966,43,Chat,1076,No,False
INC-16156,2026-06-04 11:18:04.291966,17,Email,1509,No,True
INC-16157,2026-04-24 08:30:04.291966,17,Chat,933,No,True
INC-16158,2026-07-13 07:02:04.291966,36,Email,1382,No,True
INC-16159,2026-06-23 20:07:04.291966,21,Chat,814,No,False
INC-16160,2026-07-17 13:12:04.291966,8,Voice,469,No,True
INC-16161,2026-07-16 07:57:04.291966,5,Voice,485,No,True
INC-16162,2026-05-27 05:00:04.291966,26,Voice,338,No,True
INC-16163,2026-07-18 10:00:04.291966,16,Voice,472,No,True
INC-16164,2026-08-25 05:11:04.291966,36,Chat,1213,No,True
INC-16165,2026-07-02 16:52:04.291966,28,Voice,429,No,True
INC-16166,2026-06-29 16:37:04.291966,29,Chat,652,N,True
INC-16167,2026-03-24 17:12:04.291966,47,Chat,869,Yes,False
INC-16168,2026-07-20 23:36:04.291966,12,Voice,394,Yes,True
INC-16169,2026-08-17 15:04:04.291966,37,Voice,319,No,True
INC-16170,2026-09-08 03:22:04.291966,30,Voice,496,Yes,True
INC-16171,2026-04-20 23:49:04.291966,23,Voice,394,No,True
INC-16172,2026-04-15 11:12:04.291966,16,Email,1312,No,True
INC-16173,2026-04-06 02:14:04.291966,14,Voice,498,No,True
INC-16174,2026-08-08 20:25:04.291966,10,Chat,593,No,True
INC-16175,2026-08-22 12:19:04.291966,7,Email,977,No,True
INC-16176,2026-05-28 01:56:04.291966,45,Email,1701,,True
INC-16177,2026-03-27 09:19:04.291966,37,Email,920,No,True
INC-16178,2026-08-25 16:06:04.291966,29,Voice,362,No,True
INC-16179,2026-08-22 17:35:04.291966,3,Voice,264,No,True
INC-16180,2026-06-15 01:07:04.291966,15,Voice,421,No,False
INC-16181,2026-04-29 11:48:04.291966,36,Voice,531,Yes,False
INC-16182,2026-06-03 15:37:04.291966,47,Email,1533,,False
INC-16183,2026-06-02 14:24:04.291966,46,Chat,1378,No,False
INC-16184,2026-03-27 10:00:04.291966,19,Voice,610,No,False
INC-16185,2026-05-30 00:04:04.291966,13,Voice,368,No,True
INC-16186,2026-08-16 08:45:04.291966,42,Voice,336,No,False
INC-16187,2026-03-26 07:02:04.291966,21,Chat,1441,No,True
INC-16188,2026-04-27 05:58:04.291966,37,Chat,1112,No,True
INC-16189,2026-07-05 08:27:04.291966,27,Email,1676,No,True
INC-16190,2026-04-21 10:25:04.291966,29,Email,1522,Yes,True
INC-16191,2026-09-01 05:56:04.291966,20,Voice,512,Yes,False
INC-16192,2026-04-01 23:37:04.291966,25,Voice,302,No,True
INC-16193,2026-08-05 12:16:04.291966,6,Voice,498,N,True
INC-16194,2026-05-20 23:03:04.291966,36,Voice,488,N,True
INC-16195,2026-08-20 20:31:04.291966,2,Email,1228,Yes,True
INC-16196,2026-05-09 02:29:04.291966,22,Chat,792,No,True
INC-16197,2026-08-18 21:51:04.291966,32,Chat,1203,No,True
INC-16198,2026-08-01 17:38:04.291966,16,Voice,464,No,True
INC-16199,2026-03-22 07:00:04.291966,18,Voice,728,,False
INC-16200,2026-07-21 01:26:04.291966,5,Voice,271,Y,True
INC-16201,2026-07-03 18:10:04.291966,36,Chat,795,No,True
INC-16202,2026-09-05 07:10:04.291966,30,Chat,590,No,True
INC-16203,2026-05-04 04:51:04.291966,45,Voice,334,Yes,True
INC-16204,2026-04-12 20:09:04.291966,19,Chat,734,Yes,True
INC-16205,2026-06-25 04:48:04.291966,23,Email,1594,No,False
INC-16206,2026-04-26 22:39:04.291966,34,Voice,512,Yes,False
INC-16207,2026-05-04 06:53:04.291966,13,Chat,764,No,True
INC-16208,2026-07-22 12:13:04.291966,43,Voice,212,No,True
INC-16209,2026-07-20 13:05:04.291966,29,Chat,1195,Yes,True
INC-16210,2026-03-20 14:48:04.291966,36,Chat,842,N,False
INC-16211,2026-08-28 19:07:04.291966,22,Email,1165,No,False
INC-16212,2026-07-16 01:16:04.291966,47,Voice,512,N,True
INC-16213,2026-04-01 06:45:04.291966,36,Voice,504,N,True
INC-16214,2026-05-15 19:52:04.291966,9,Voice,441,No,True
INC-16215,2026-05-14 19:44:04.291966,39,Voice,497,No,False
INC-16216,2026-09-12 12:56:04.291966,19,Chat,668,No,True
INC-16217,2026-07-27 06:02:04.291966,38,Email,1727,No,True
INC-16218,2026-08-13 18:19:04.291966,6,Voice,360,No,True
INC-16219,2026-07-08 19:05:04.291966,47,Voice,407,N,True
INC-16220,2026-09-06 23:26:04.291966,15,Voice,557,No,True
INC-16221,2026-06-07 17:49:04.291966,20,Voice,624,No,True
INC-16222,2026-09-12 04:22:04.291966,9,Voice,670,,True
INC-16223,2026-05-19 06:34:04.291966,32,Voice,606,No,True
INC-16224,2026-06-03 07:53:04.291966,4,Chat,835,Yes,True
INC-16225,2026-05-01 14:06:04.291966,50,Voice,295,No,True
INC-16226,2026-06-16 06:20:04.291966,18,Chat,1181,No,True
INC-16227,2026-09-03 20:56:04.291966,5,Chat,1174,Yes,True
INC-16228,2026-05-02 19:04:04.291966,20,Voice,399,No,True
INC-16229,2026-07-23 09:47:04.291966,23,Chat,1084,No,True
INC-16230,2026-07-06 18:44:04.291966,11,Chat,833,No,False
INC-16231,2026-07-07 22:18:04.291966,37,Chat,1200,No,True
INC-16232,2026-07-09 02:25:04.291966,22,Voice,418,No,True
INC-16233,2026-03-23 20:50:04.291966,4,Voice,717,Yes,True
INC-16234,2026-04-06 03:38:04.291966,29,Email,1735,Yes,False
INC-16235,2026-07-19 20:29:04.291966,44,Chat,1259,Yes,True
INC-16236,2026-05-14 16:46:04.291966,34,Voice,424,No,True
INC-16237,2026-09-11 07:51:04.291966,13,Voice,528,No,True
INC-16238,2026-07-06 11:48:04.291966,42,Voice,363,No,True
INC-16239,2026-08-09 06:46:04.291966,9,Voice,581,,True
INC-16240,2026-08-01 07:26:04.291966,42,Chat,1079,No,False
INC-16241,2026-06-19 21:55:04.291966,31,Voice,767,Yes,True
INC-16242,2026-06-08 08:47:04.291966,7,Voice,537,No,True
INC-16243,2026-06-28 17:48:04.291966,4,Chat,1044,N,True
INC-16244,2026-04-19 03:14:04.291966,19,Voice,423,No,True
INC-16245,2026-05-24 01:27:04.291966,42,Chat,1008,No,False
INC-16246,2026-04-25 23:23:04.291966,30,Chat,824,No,True
INC-16247,2026-07-31 22:42:04.291966,31,Voice,493,No,True
INC-16248,2026-08-08 16:02:04.291966,35,Chat,934,No,True
INC-16249,2026-09-06 17:18:04.291966,21,Chat,829,Y,False
INC-16250,2026-09-10 08:27:04.291966,31,Voice,487,No,True
INC-16251,2026-04-30 22:32:04.291966,19,Voice,434,No,False
INC-16252,2026-09-07 20:01:04.291966,31,Chat,824,No,True
INC-16253,2026-07-02 10:14:04.291966,32,Email,1822,No,True
INC-16254,2026-03-22 04:56:04.291966,2,Chat,935,No,True
INC-16255,2026-06-10 14:09:04.291966,10,Voice,521,No,True
INC-16256,2026-04-28 14:32:04.291966,2,Chat,608,Yes,True
INC-16257,2026-07-12 19:42:04.291966,2,Voice,530,,True
INC-16258,2026-05-14 13:10:04.291966,24,Chat,1006,Yes,True
INC-16259,2026-06-15 21:31:04.291966,17,Chat,820,Yes,True
INC-16260,2026-03-27 20:06:04.291966,32,Chat,1317,No,True
INC-16261,2026-07-09 15:44:04.291966,16,Email,813,No,True
INC-16262,2026-07-13 00:14:04.291966,16,Chat,1056,No,False
INC-16263,2026-05-07 22:11:04.291966,46,Chat,1042,No,True
INC-16264,2026-04-13 10:07:04.291966,39,Voice,544,Yes,True
INC-16265,2026-09-01 08:27:04.291966,31,Email,1552,Yes,True
INC-16266,2026-07-22 00:37:04.291966,43,Email,1665,No,True
INC-16267,2026-07-30 16:28:04.291966,24,Voice,584,No,True
INC-16268,2026-03-23 03:28:04.291966,1,Voice,392,No,True
INC-16269,2026-06-05 16:08:04.291966,11,Voice,515,No,False
INC-16270,2026-03-29 09:30:04.291966,21,Chat,863,Y,False
INC-16271,2026-06-23 02:07:04.291966,4,Chat,681,No,True
INC-16272,2026-05-04 06:48:04.291966,7,Voice,566,No,True
INC-16273,2026-05-29 15:10:04.291966,26,Email,1330,N,True
INC-16274,2026-07-06 07:10:04.291966,47,Voice,300,No,True
INC-16275,2026-07-02 19:19:04.291966,50,Chat,792,No,True
INC-16276,2026-04-27 03:57:04.291966,12,Voice,384,No,True
INC-16277,2026-04-08 03:52:04.291966,31,Voice,603,N,True
INC-16278,2026-04-03 20:52:04.291966,17,Voice,498,No,True
INC-16279,2026-04-27 02:27:04.291966,33,Voice,645,No,True
INC-16280,2026-08-08 12:07:04.291966,11,Chat,766,No,False
INC-16281,2026-08-21 15:24:04.291966,28,Chat,1074,No,True
INC-16282,2026-06-01 06:25:04.291966,32,Voice,820,No,True
INC-16283,2026-07-14 15:37:04.291966,1,Voice,522,Yes,True
INC-16284,2026-07-11 09:35:04.291966,47,Voice,583,No,True
INC-16285,2026-08-09 06:20:04.291966,28,Chat,1038,N,True
INC-16286,2026-09-02 21:36:04.291966,42,Chat,615,No,True
INC-16287,2026-05-01 10:00:04.291966,7,Voice,550,No,True
INC-16288,2026-05-28 04:00:04.291966,2,Chat,961,No,True
INC-16289,2026-07-21 00:20:04.291966,42,Voice,448,No,True
INC-16290,2026-03-25 07:18:04.291966,24,Email,1234,No,True
INC-16291,2026-06-18 08:58:04.291966,4,Email,1708,N,True
INC-16292,2026-08-19 11:09:04.291966,44,Chat,705,No,True
INC-16293,2026-03-22 23:13:04.291966,19,Email,2140,No,True
INC-16294,2026-09-08 02:59:04.291966,26,Email,1534,,True
INC-16295,2026-03-21 17:18:04.291966,11,Email,1133,No,True
INC-16296,2026-03-29 03:48:04.291966,40,Chat,797,Y,True
INC-16297,2026-06-10 08:07:04.291966,50,Voice,446,Y,True
INC-16298,2026-07-01 10:18:04.291966,43,Voice,769,No,True
INC-16299,2026-06-09 21:46:04.291966,11,Voice,373,Yes,True
INC-16300,2026-03-23 06:17:04.291966,45,Chat,876,,True
INC-16301,2026-06-07 00:06:04.291966,3,Voice,415,No,True
INC-16302,2026-04-04 07:30:04.291966,12,Voice,539,Yes,True
INC-16303,2026-06-19 13:55:04.291966,3,Voice,417,No,True
INC-16304,2026-08-31 12:24:04.291966,42,Voice,343,No,True
INC-16305,2026-07-07 08:40:04.291966,27,Chat,860,No,True
INC-16306,2026-04-02 05:58:04.291966,49,Email,1410,N,True
INC-16307,2026-08-27 03:28:04.291966,2,Chat,781,N,True
INC-16308,2026-05-04 03:40:04.291966,49,Chat,792,N,True
INC-16309,2026-03-24 11:51:04.291966,16,Chat,1136,Yes,True
INC-16310,2026-04-28 17:08:04.291966,2,Voice,441,No,True
INC-16311,2026-07-14 01:34:04.291966,30,Voice,343,No,True
INC-16312,2026-07-14 06:58:04.291966,20,Email,1361,No,False
INC-16313,2026-06-22 14:58:04.291966,38,Voice,486,No,True
INC-16314,2026-08-11 22:23:04.291966,28,Voice,319,No,True
INC-16315,2026-03-20 21:25:04.291966,25,Chat,1225,N,False
INC-16316,2026-08-19 11:20:04.291966,32,Voice,584,Yes,True
INC-16317,2026-08-19 16:39:04.291966,10,Voice,651,No,True
INC-16318,2026-09-05 03:22:04.291966,42,Voice,527,No,True
INC-16319,2026-03-24 20:01:04.291966,40,Voice,228,No,True
INC-16320,2026-06-29 23:46:04.291966,33,Voice,664,No,True
INC-16321,2026-07-30 01:07:04.291966,13,Voice,376,No,True
INC-16322,2026-08-02 09:41:04.291966,41,Chat,743,No,True
INC-16323,2026-04-22 03:06:04.291966,42,Email,1546,N,True
INC-16324,2026-07-08 08:29:04.291966,47,Voice,645,No,True
INC-16325,2026-05-20 18:02:04.291966,37,Email,1815,No,True
INC-16326,2026-07-07 07:13:04.291966,16,Voice,588,No,False
INC-16327,2026-08-04 14:29:04.291966,45,Voice,442,No,True
INC-16328,2026-07-04 16:52:04.291966,22,Voice,440,No,False
INC-16329,2026-06-04 09:25:04.291966,20,Chat,969,No,True
INC-16330,2026-07-21 13:45:04.291966,50,Voice,464,No,True
INC-16331,2026-07-14 22:14:04.291966,43,Chat,1077,No,True
INC-16332,2026-08-20 03:56:04.291966,27,Chat,1066,Yes,True
INC-16333,2026-03-31 03:23:04.291966,41,Chat,1018,No,True
INC-16334,2026-06-26 13:22:04.291966,16,Chat,394,No,True
INC-16335,2026-07-19 06:32:04.291966,34,Email,1538,No,True
INC-16336,2026-08-27 23:26:04.291966,32,Voice,466,No,True
INC-16337,2026-04-24 11:32:04.291966,26,Voice,500,No,False
INC-16338,2026-08-31 15:17:04.291966,25,Chat,749,No,True
INC-16339,2026-07-28 22:21:04.291966,2,Chat,635,No,True
INC-16340,2026-08-21 19:40:04.291966,12,Voice,535,N,True
INC-16341,2026-08-25 08:01:04.291966,40,Voice,437,No,True
INC-16342,2026-05-30 15:51:04.291966,9,Voice,548,No,True
INC-16343,2026-07-07 05:08:04.291966,12,Voice,399,No,True
INC-16344,2026-05-31 03:56:04.291966,26,Voice,649,Yes,True
INC-16345,2026-03-30 01:36:04.291966,9,Email,1800,No,True
INC-16346,2026-09-01 01:39:04.291966,10,Chat,959,,True
INC-16347,2026-08-25 01:36:04.291966,32,Voice,454,No,True
INC-16348,2026-07-07 07:28:04.291966,34,Chat,1070,N,True
INC-16349,2026-03-22 22:23:04.291966,48,Email,1617,No,True
INC-16350,2026-06-10 14:34:04.291966,20,Voice,508,No,True
INC-16351,2026-04-24 14:36:04.291966,39,Voice,605,,True
INC-16352,2026-05-14 14:36:04.291966,2,Chat,1185,Yes,True
INC-16353,2026-07-31 01:02:04.291966,1,Chat,649,No,False
INC-16354,2026-07-19 23:56:04.291966,36,Voice,353,N,True
INC-16355,2026-09-07 21:04:04.291966,24,Email,1265,N,True
INC-16356,2026-04-01 00:03:04.291966,27,Voice,299,No,False
INC-16357,2026-03-20 09:56:04.291966,2,Voice,472,Y,True
INC-16358,2026-06-10 04:52:04.291966,31,Voice,552,No,True
INC-16359,2026-05-27 23:15:04.291966,14,Voice,477,No,False
INC-16360,2026-07-14 08:21:04.291966,2,Chat,793,No,True
INC-16361,2026-06-27 21:01:04.291966,29,Email,1837,,False
INC-16362,2026-08-10 00:30:04.291966,15,Voice,496,No,True
INC-16363,2026-06-27 17:12:04.291966,12,Email,1602,No,True
INC-16364,2026-08-20 20:36:04.291966,37,Email,1846,No,True
INC-16365,2026-09-13 01:53:04.291966,28,Voice,465,No,True
INC-16366,2026-08-08 15:24:04.291966,20,Chat,1312,No,True
INC-16367,2026-03-25 03:08:04.291966,39,Voice,426,No,True
INC-16368,2026-08-17 19:01:04.291966,24,Chat,1299,No,True
INC-16369,2026-03-28 13:06:04.291966,21,Voice,363,No,False
INC-16370,2026-07-30 01:04:04.291966,10,Chat,1003,No,True
INC-16371,2026-08-10 14:59:04.291966,46,Voice,402,No,False
INC-16372,2026-07-22 23:22:04.291966,14,Email,1835,No,True
INC-16373,2026-05-11 14:30:04.291966,37,Email,1356,No,True
INC-16374,2026-08-24 20:26:04.291966,18,Voice,514,No,True
INC-16375,2026-04-27 20:21:04.291966,24,Voice,401,No,True
INC-16376,2026-08-24 08:51:04.291966,14,Voice,592,No,True
INC-16377,2026-05-13 06:06:04.291966,34,Chat,768,No,True
INC-16378,2026-05-27 04:22:04.291966,12,Voice,682,,True
INC-16379,2026-05-29 07:00:04.291966,22,Chat,700,No,True
INC-16380,2026-06-28 18:20:04.291966,6,Voice,318,Y,True
INC-16381,2026-08-01 03:01:04.291966,36,Voice,594,No,True
INC-16382,2026-09-02 20:35:04.291966,45,Voice,409,No,True
INC-16383,2026-03-21 23:51:04.291966,36,Voice,479,No,True
INC-16384,2026-08-27 12:41:04.291966,22,Chat,835,No,False
INC-16385,2026-07-25 06:18:04.291966,14,Email,1106,No,True
INC-16386,2026-04-10 12:34:04.291966,16,Voice,470,No,False
INC-16387,2026-07-19 01:37:04.291966,36,Chat,1152,No,False
INC-16388,2026-05-23 01:57:04.291966,25,Voice,600,No,True
INC-16389,2026-05-21 04:58:04.291966,32,Chat,946,No,False
INC-16390,2026-06-21 04:12:04.291966,33,Voice,613,No,True
INC-16391,2026-07-05 13:07:04.291966,45,Chat,688,No,False
INC-16392,2026-04-10 08:06:04.291966,36,Email,1402,No,True
INC-16393,2026-05-27 15:02:04.291966,20,Voice,527,N,True
INC-16394,2026-05-20 11:53:04.291966,18,Chat,873,No,True
INC-16395,2026-04-08 15:15:04.291966,38,Voice,450,No,False
INC-16396,2026-06-29 10:22:04.291966,3,Voice,335,No,True
INC-16397,2026-08-01 21:25:04.291966,23,Voice,230,No,True
INC-16398,2026-04-21 08:20:04.291966,32,Voice,578,No,True
INC-16399,2026-04-08 14:35:04.291966,45,Voice,509,No,True
INC-16400,2026-05-31 17:53:04.291966,16,Voice,588,No,True
INC-16401,2026-07-05 05:09:04.291966,5,Voice,427,Y,True
INC-16402,2026-08-03 11:08:04.291966,4,Voice,394,No,True
INC-16403,2026-08-04 08:36:04.291966,21,Chat,901,No,True
INC-16404,2026-06-30 18:34:04.291966,40,Email,1756,,True
INC-16405,2026-05-10 03:38:04.291966,14,Voice,452,No,True
INC-16406,2026-07-23 09:48:04.291966,39,Voice,576,N,False
INC-16407,2026-08-10 22:16:04.291966,31,Voice,359,No,True
INC-16408,2026-05-09 19:26:04.291966,14,Email,1451,Yes,False
INC-16409,2026-04-15 07:19:04.291966,6,Chat,885,No,False
INC-16410,2026-04-17 02:39:04.291966,12,Voice,627,No,True
INC-16411,2026-05-27 11:55:04.291966,16,Voice,504,N,False
INC-16412,2026-08-02 03:16:04.291966,17,Voice,689,No,True
INC-16413,2026-05-16 09:38:04.291966,45,Voice,318,No,True
INC-16414,2026-06-02 04:21:04.291966,23,Email,1538,No,True
INC-16415,2026-08-08 10:40:04.291966,14,Email,1553,No,True
INC-16416,2026-05-02 01:35:04.291966,7,Voice,554,No,False
INC-16417,2026-06-20 11:09:04.291966,46,Chat,737,Yes,True
INC-16418,2026-08-08 02:49:04.291966,32,Voice,682,,True
INC-16419,2026-04-24 06:19:04.291966,15,Voice,481,No,True
INC-16420,2026-07-09 21:55:04.291966,44,Email,1173,No,True
INC-16421,2026-04-23 18:40:04.291966,17,Chat,896,No,True
INC-16422,2026-06-11 11:36:04.291966,41,Voice,442,No,True
INC-16423,2026-06-03 01:49:04.291966,47,Voice,813,Yes,True
INC-16424,2026-08-20 06:38:04.291966,44,Email,1814,No,True
INC-16425,2026-04-02 06:02:04.291966,34,Chat,909,Yes,True
INC-16426,2026-08-24 03:31:04.291966,5,Voice,466,Yes,True
INC-16427,2026-04-18 12:26:04.291966,45,Voice,594,No,True
INC-16428,2026-08-09 15:11:04.291966,27,Voice,599,No,False
INC-16429,2026-05-09 16:02:04.291966,23,Email,626,No,True
INC-16430,2026-05-22 22:07:04.291966,40,Chat,1028,No,True
INC-16431,2026-05-31 22:52:04.291966,14,Voice,483,No,True
INC-16432,2026-06-23 04:41:04.291966,15,Chat,637,No,True
INC-16433,2026-07-05 12:30:04.291966,43,Chat,1076,N,True
INC-16434,2026-06-15 12:15:04.291966,33,Voice,749,No,True
INC-16435,2026-04-18 02:34:04.291966,31,Voice,546,No,True
INC-16436,2026-08-07 16:21:04.291966,35,Chat,1120,No,True
INC-16437,2026-08-13 05:40:04.291966,17,Chat,1260,No,True
INC-16438,2026-05-25 02:16:04.291966,28,Chat,733,No,True
INC-16439,2026-04-05 04:11:04.291966,19,Email,942,No,True
INC-16440,2026-06-02 02:02:04.291966,46,Voice,558,No,True
INC-16441,2026-08-11 07:04:04.291966,23,Voice,450,No,True
INC-16442,2026-05-16 01:27:04.291966,32,Email,1087,No,True
INC-16443,2026-09-14 07:15:04.291966,40,Voice,470,No,True
INC-16444,2026-08-28 04:57:04.291966,13,Chat,1045,No,True
INC-16445,2026-07-21 05:31:04.291966,20,Chat,870,No,True
INC-16446,2026-08-11 11:20:04.291966,35,Chat,742,N,True
INC-16447,2026-04-24 01:31:04.291966,5,Voice,453,No,True
INC-16448,2026-07-19 23:47:04.291966,9,Chat,896,No,True
INC-16449,2026-03-29 16:51:04.291966,29,Email,921,Yes,True
INC-16450,2026-05-15 18:06:04.291966,6,Chat,871,No,True
INC-16451,2026-04-11 20:37:04.291966,25,Voice,318,No,True
INC-16452,2026-06-03 03:52:04.291966,31,Voice,559,No,True
INC-16453,2026-05-20 00:54:04.291966,22,Voice,292,No,True
INC-16454,2026-06-02 10:46:04.291966,2,Voice,601,Yes,True
INC-16455,2026-07-29 21:29:04.291966,45,Voice,430,No,True
INC-16456,2026-04-15 15:53:04.291966,5,Email,1337,No,True
INC-16457,2026-05-26 02:41:04.291966,27,Chat,958,No,True
INC-16458,2026-08-08 22:11:04.291966,25,Chat,726,No,True
INC-16459,2026-04-18 06:32:04.291966,8,Chat,955,No,False
INC-16460,2026-05-03 21:58:04.291966,1,Voice,392,No,True
INC-16461,2026-06-13 13:32:04.291966,20,Email,1332,No,True
INC-16462,2026-04-26 02:29:04.291966,44,Voice,528,,True
INC-16463,2026-08-01 23:16:04.291966,23,Voice,343,No,False
INC-16464,2026-07-05 10:54:04.291966,32,Voice,328,N,True
INC-16465,2026-06-05 14:07:04.291966,11,Email,1574,No,True
INC-16466,2026-07-09 07:50:04.291966,39,Email,1491,No,True
INC-16467,2026-08-12 16:06:04.291966,47,Voice,500,No,True
INC-16468,2026-05-30 02:05:04.291966,24,Email,1598,No,True
INC-16469,2026-04-01 06:48:04.291966,11,Voice,486,No,True
INC-16470,2026-04-21 09:34:04.291966,29,Voice,552,No,True
INC-16471,2026-04-08 16:49:04.291966,26,Email,1529,No,False
INC-16472,2026-08-18 22:58:04.291966,16,Email,897,No,True
INC-16473,2026-07-12 07:30:04.291966,35,Chat,550,Yes,True
INC-16474,2026-04-18 11:50:04.291966,20,Chat,1285,No,True
INC-16475,2026-09-07 03:03:04.291966,46,Email,1500,No,True
INC-16476,2026-06-03 17:18:04.291966,3,Chat,1090,No,True
INC-16477,2026-07-27 17:19:04.291966,1,Email,1396,Yes,True
INC-16478,2026-05-21 06:52:04.291966,47,Chat,888,No,True
INC-16479,2026-04-27 22:22:04.291966,1,Email,1363,,True
INC-16480,2026-05-02 03:41:04.291966,17,Email,2239,Yes,True
INC-16481,2026-08-05 10:31:04.291966,2,Voice,510,N,True
INC-16482,2026-08-15 11:27:04.291966,29,Email,1339,No,True
INC-16483,2026-05-20 20:01:04.291966,20,Voice,281,N,True
INC-16484,2026-04-16 01:06:04.291966,6,Voice,716,No,False
INC-16485,2026-05-20 10:22:04.291966,8,Chat,867,N,True
INC-16486,2026-09-08 16:59:04.291966,29,Voice,569,No,False
INC-16487,2026-04-21 04:18:04.291966,48,Chat,1071,Yes,False
INC-16488,2026-08-02 01:00:04.291966,33,Email,1361,Yes,True
INC-16489,2026-03-26 16:40:04.291966,3,Voice,560,No,False
INC-16490,2026-04-20 19:50:04.291966,35,Voice,407,No,True
INC-16491,2026-08-07 02:39:04.291966,5,Email,1202,No,True
INC-16492,2026-08-18 19:35:04.291966,27,Voice,619,,True
INC-16493,2026-09-05 10:54:04.291966,44,Voice,461,No,True
INC-16494,2026-08-18 07:41:04.291966,12,Voice,542,No,True
INC-16495,2026-04-02 10:28:04.291966,20,Chat,982,No,True
INC-16496,2026-04-08 06:40:04.291966,45,Chat,1027,No,True
INC-16497,2026-07-23 18:05:04.291966,20,Email,1033,No,False
INC-16498,2026-07-20 06:56:04.291966,9,Voice,409,No,True
INC-16499,2026-04-15 21:04:04.291966,39,Email,1402,Y,True
INC-16500,2026-05-27 19:33:04.291966,4,Chat,733,No,False
INC-16501,2026-06-14 09:20:04.291966,19,Voice,531,No,True
INC-16502,2026-04-14 06:26:04.291966,38,Chat,1137,No,False
INC-16503,2026-09-14 10:41:04.291966,27,Chat,1169,No,False
INC-16504,2026-06-14 13:07:04.291966,45,Chat,832,No,False
INC-16505,2026-04-29 19:44:04.291966,43,Voice,515,No,True
INC-16506,2026-04-22 20:24:04.291966,13,Voice,533,No,True
INC-16507,2026-04-29 07:00:04.291966,13,Voice,554,No,True
INC-16508,2026-03-28 10:12:04.291966,22,Voice,374,No,True
INC-16509,2026-09-01 02:41:04.291966,28,Chat,1264,No,True
INC-16510,2026-07-30 01:26:04.291966,47,Voice,591,No,True
INC-16511,2026-07-01 04:42:04.291966,45,Chat,1090,No,True
INC-16512,2026-08-13 19:08:04.291966,22,Voice,624,No,True
INC-16513,2026-04-30 03:51:04.291966,43,Voice,544,No,True
INC-16514,2026-05-23 07:43:04.291966,19,Chat,694,No,True
INC-16515,2026-06-04 07:16:04.291966,8,Voice,463,N,True
INC-16516,2026-04-05 08:26:04.291966,8,Email,1004,Yes,True
INC-16517,2026-08-27 18:28:04.291966,42,Voice,529,No,True
INC-16518,2026-04-23 17:22:04.291966,26,Voice,459,No,True
INC-16519,2026-04-21 11:55:04.291966,48,Email,1487,,True
INC-16520,2026-05-23 09:03:04.291966,26,Chat,1140,No,True
INC-16521,2026-09-10 06:14:04.291966,23,Voice,425,No,True
INC-16522,2026-06-12 21:02:04.291966,43,Voice,449,No,True
INC-16523,2026-05-18 18:29:04.291966,13,Chat,904,No,True
INC-16524,2026-04-24 05:26:04.291966,28,Email,948,No,True
INC-16525,2026-06-17 11:03:04.291966,9,Email,1420,No,True
INC-16526,2026-03-27 12:59:04.291966,20,Voice,181,No,True
INC-16527,2026-09-02 21:22:04.291966,19,Email,1324,No,True
INC-16528,2026-05-18 08:18:04.291966,48,Voice,582,No,False
INC-16529,2026-08-24 11:52:04.291966,39,Voice,533,No,True
INC-16530,2026-05-31 12:53:04.291966,12,Email,1321,N,True
INC-16531,2026-08-05 08:45:04.291966,15,Voice,484,Y,True
INC-16532,2026-05-22 17:29:04.291966,31,Voice,351,No,True
INC-16533,2026-06-19 16:25:04.291966,14,Voice,479,No,True
INC-16534,2026-08-11 19:29:04.291966,11,Voice,831,N,True
INC-16535,2026-03-31 01:54:04.291966,26,Chat,1269,Yes,True
INC-16536,2026-09-03 08:08:04.291966,42,Chat,910,No,True
INC-16537,2026-08-03 06:45:04.291966,27,Voice,499,N,True
INC-16538,2026-04-28 05:26:04.291966,11,Chat,704,No,True
INC-16539,2026-09-10 12:36:04.291966,38,Email,1259,Yes,False
INC-16540,2026-07-04 19:15:04.291966,34,Email,1608,No,True
INC-16541,2026-09-05 10:30:04.291966,43,Voice,417,N,True
INC-16542,2026-05-07 13:20:04.291966,19,Email,1771,Yes,True
INC-16543,2026-05-18 15:51:04.291966,6,Chat,1213,No,True
INC-16544,2026-06-25 10:16:04.291966,46,Voice,519,No,True
INC-16545,2026-06-06 07:27:04.291966,38,Voice,492,No,True
INC-16546,2026-07-06 07:42:04.291966,49,Voice,278,No,True
INC-16547,2026-08-12 19:12:04.291966,42,Chat,1049,No,True
INC-16548,2026-08-27 12:06:04.291966,28,Voice,342,No,True
INC-16549,2026-04-09 13:07:04.291966,1,Chat,816,No,True
INC-16550,2026-08-06 03:59:04.291966,35,Voice,595,No,True
INC-16551,2026-07-13 07:47:04.291966,40,Email,1808,No,True
INC-16552,2026-06-03 03:12:04.291966,8,Voice,424,No,False
INC-16553,2026-04-15 12:54:04.291966,47,Email,1377,Yes,True
INC-16554,2026-04-20 14:50:04.291966,7,Email,1290,No,True
INC-16555,2026-09-01 01:11:04.291966,11,Voice,336,No,True
INC-16556,2026-07-23 12:51:04.291966,39,Voice,403,No,True
INC-16557,2026-06-18 05:05:04.291966,4,Voice,286,No,True
INC-16558,2026-06-12 17:56:04.291966,25,Email,1704,No,True
INC-16559,2026-07-14 21:57:04.291966,12,Chat,978,No,False
INC-16560,2026-07-17 15:57:04.291966,26,Voice,547,No,True
INC-16561,2026-06-05 00:13:04.291966,38,Voice,365,No,True
INC-16562,2026-04-19 23:06:04.291966,46,Voice,336,No,True
INC-16563,2026-04-15 13:30:04.291966,12,Email,1516,No,True
INC-16564,2026-06-03 22:41:04.291966,43,Chat,912,Yes,True
INC-16565,2026-03-26 12:15:04.291966,37,Email,1455,No,True
INC-16566,2026-08-15 19:40:04.291966,46,Voice,445,No,True
INC-16567,2026-07-24 15:44:04.291966,24,Voice,685,No,False
INC-16568,2026-04-26 06:07:04.291966,16,Email,1627,No,True
INC-16569,2026-07-09 17:42:04.291966,13,Voice,716,No,True
INC-16570,2026-09-06 23:31:04.291966,25,Email,1880,No,True
INC-16571,2026-07-03 11:20:04.291966,4,Voice,684,N,True
INC-16572,2026-08-16 11:52:04.291966,11,Voice,351,No,True
INC-16573,2026-03-24 13:49:04.291966,32,Chat,1018,No,True
INC-16574,2026-06-28 15:33:04.291966,49,Email,1370,Yes,True
INC-16575,2026-06-17 12:57:04.291966,7,Email,1000,No,True
INC-16576,2026-08-26 10:18:04.291966,46,Voice,659,Y,True
INC-16577,2026-06-20 07:24:04.291966,11,Voice,444,No,True
INC-16578,2026-09-13 12:07:04.291966,28,Chat,688,No,True
INC-16579,2026-04-12 12:23:04.291966,41,Chat,817,No,True
INC-16580,2026-06-27 20:08:04.291966,23,Chat,740,Yes,True
INC-16581,2026-08-14 15:30:04.291966,45,Voice,396,No,True
INC-16582,2026-08-19 23:50:04.291966,23,Email,1433,No,False
INC-16583,2026-08-22 05:39:04.291966,50,Chat,1246,No,True
INC-16584,2026-08-22 12:23:04.291966,28,Email,1300,No,True
INC-16585,2026-08-10 10:20:04.291966,43,Chat,1231,No,True
INC-16586,2026-04-29 14:29:04.291966,47,Voice,581,No,True
INC-16587,2026-08-10 09:35:04.291966,26,Email,1618,No,True
INC-16588,2026-04-16 12:08:04.291966,25,Chat,1049,No,True
INC-16589,2026-06-18 17:35:04.291966,29,Email,1504,No,True
INC-16590,2026-08-12 04:16:04.291966,19,Email,1885,No,False
INC-16591,2026-04-05 03:29:04.291966,33,Chat,1013,No,True
INC-16592,2026-09-04 23:23:04.291966,36,Chat,567,No,True
INC-16593,2026-06-25 21:54:04.291966,14,Voice,515,No,False
INC-16594,2026-04-22 10:57:04.291966,14,Voice,574,Yes,True
INC-16595,2026-08-10 17:41:04.291966,35,Voice,445,No,True
INC-16596,2026-08-09 14:25:04.291966,30,Voice,495,No,True
INC-16597,2026-06-16 23:59:04.291966,28,Voice,406,No,True
INC-16598,2026-08-26 22:09:04.291966,17,Voice,314,No,True
INC-16599,2026-06-16 21:31:04.291966,3,Voice,293,No,True
INC-16600,2026-08-10 11:01:04.291966,16,Voice,295,No,True
INC-16601,2026-07-23 08:24:04.291966,46,Voice,560,No,False
INC-16602,2026-06-30 03:20:04.291966,30,Voice,181,No,True
INC-16603,2026-07-26 10:34:04.291966,29,Chat,766,Yes,True
INC-16604,2026-08-23 03:49:04.291966,45,Chat,746,No,True
INC-16605,2026-04-01 07:56:04.291966,15,Voice,446,No,True
INC-16606,2026-05-01 05:16:04.291966,46,Chat,528,No,True
INC-16607,2026-07-30 02:35:04.291966,25,Email,1621,No,True
INC-16608,2026-05-01 13:16:04.291966,38,Voice,327,No,True
INC-16609,2026-04-06 04:10:04.291966,42,Chat,1126,No,False
INC-16610,2026-09-02 15:41:04.291966,47,Email,1313,No,True
INC-16611,2026-08-20 12:09:04.291966,38,Email,1471,Yes,True
INC-16612,2026-04-11 07:55:04.291966,23,Voice,480,No,False
INC-16613,2026-04-17 17:04:04.291966,25,Chat,948,Y,True
INC-16614,2026-09-01 20:17:04.291966,42,Voice,484,No,True
INC-16615,2026-09-02 09:15:04.291966,7,Chat,814,,False
INC-16616,2026-05-10 11:08:04.291966,22,Email,1602,No,True
INC-16617,2026-08-28 12:07:04.291966,17,Chat,993,No,True
INC-16618,2026-06-02 07:43:04.291966,18,Email,1270,No,True
INC-16619,2026-08-21 06:42:04.291966,49,Voice,531,No,True
INC-16620,2026-04-25 21:20:04.291966,41,Email,1857,Yes,True
INC-16621,2026-08-02 13:24:04.291966,10,Chat,1041,No,True
INC-16622,2026-07-07 18:22:04.291966,10,Voice,591,No,True
INC-16623,2026-04-08 08:53:04.291966,7,Chat,934,No,True
INC-16624,2026-04-05 10:19:04.291966,48,Voice,367,,False
INC-16625,2026-05-03 17:34:04.291966,50,Voice,382,No,True
INC-16626,2026-08-07 06:28:04.291966,38,Email,1595,No,True
INC-16627,2026-04-03 07:05:04.291966,27,Voice,593,No,False
INC-16628,2026-08-04 07:24:04.291966,33,Chat,1457,No,True
INC-16629,2026-08-21 20:11:04.291966,1,Voice,597,No,True
INC-16630,2026-06-27 19:10:04.291966,44,Voice,339,No,True
INC-16631,2026-06-03 04:36:04.291966,34,Email,1269,No,False
INC-16632,2026-05-05 12:45:04.291966,4,Voice,753,No,True
INC-16633,2026-08-11 21:47:04.291966,17,Chat,857,No,False
INC-16634,2026-05-19 12:30:04.291966,4,Chat,909,,True
INC-16635,2026-03-21 18:49:04.291966,43,Chat,707,No,True
INC-16636,2026-04-06 14:07:04.291966,26,Email,1969,No,True
INC-16637,2026-04-13 04:05:04.291966,4,Chat,1000,Y,False
INC-16638,2026-09-09 13:14:04.291966,1,Voice,387,No,True
INC-16639,2026-07-17 16:43:04.291966,7,Email,1201,No,True
INC-16640,2026-05-23 04:36:04.291966,30,Voice,516,No,True
INC-16641,2026-06-15 08:19:04.291966,50,Chat,908,No,True
INC-16642,2026-06-26 13:01:04.291966,9,Email,1749,No,True
INC-16643,2026-09-02 01:01:04.291966,35,Chat,1009,No,True
INC-16644,2026-06-04 17:14:04.291966,8,Email,1420,Yes,True
INC-16645,2026-08-31 22:49:04.291966,24,Chat,791,No,True
INC-16646,2026-08-08 11:21:04.291966,19,Email,1452,No,True
INC-16647,2026-04-26 06:43:04.291966,36,Email,1334,No,True
INC-16648,2026-09-06 17:44:04.291966,50,Voice,464,No,True
INC-16649,2026-06-14 11:49:04.291966,43,Voice,481,No,True
INC-16650,2026-03-25 10:50:04.291966,27,Voice,372,No,False
INC-16651,2026-05-19 10:18:04.291966,32,Chat,1026,No,True
INC-16652,2026-04-05 15:08:04.291966,14,Voice,435,No,True
INC-16653,2026-08-16 08:20:04.291966,18,Voice,378,No,True
INC-16654,2026-04-02 22:50:04.291966,28,Voice,437,No,True
INC-16655,2026-05-16 18:31:04.291966,29,Email,1572,No,True
INC-16656,2026-08-13 05:14:04.291966,16,Chat,916,No,False
INC-16657,2026-04-30 04:56:04.291966,35,Voice,530,No,True
INC-16658,2026-04-26 23:45:04.291966,47,Voice,587,N,True
INC-16659,2026-07-22 18:07:04.291966,31,Voice,636,No,False
INC-16660,2026-06-11 01:45:04.291966,4,Voice,514,Yes,True
INC-16661,2026-09-05 18:36:04.291966,37,Voice,351,Y,True
INC-16662,2026-09-03 07:37:04.291966,17,Email,1419,No,True
INC-16663,2026-09-13 06:00:04.291966,39,Email,1198,No,True
INC-16664,2026-08-26 00:51:04.291966,48,Voice,683,No,True
INC-16665,2026-09-01 00:47:04.291966,46,Voice,718,No,True
INC-16666,2026-03-25 19:54:04.291966,26,Voice,558,No,True
INC-16667,2026-04-11 10:06:04.291966,48,Voice,583,No,True
INC-16668,2026-08-04 08:56:04.291966,39,Voice,510,No,True
INC-16669,2026-08-29 05:58:04.291966,41,Voice,523,No,True
INC-16670,2026-04-23 12:59:04.291966,4,Voice,288,No,True
INC-16671,2026-07-23 14:02:04.291966,30,Chat,885,No,True
INC-16672,2026-05-20 07:11:04.291966,30,Chat,723,No,True
INC-16673,2026-09-05 08:12:04.291966,22,Chat,956,No,True
INC-16674,2026-06-09 23:55:04.291966,11,Voice,472,No,True
INC-16675,2026-09-13 13:16:04.291966,2,Email,2084,No,True
INC-16676,2026-08-27 16:17:04.291966,44,Email,1774,No,False
INC-16677,2026-09-15 06:39:04.291966,12,Voice,514,No,True
INC-16678,2026-07-20 23:48:04.291966,30,Voice,447,No,True
INC-16679,2026-06-12 03:37:04.291966,36,Chat,1235,No,True
INC-16680,2026-08-13 04:41:04.291966,18,Voice,476,No,True
INC-16681,2026-05-12 07:43:04.291966,26,Voice,519,,True
INC-16682,2026-08-03 23:52:04.291966,7,Chat,908,No,False
INC-16683,2026-09-02 13:49:04.291966,1,Chat,819,No,True
INC-16684,2026-04-29 17:09:04.291966,26,Voice,484,Yes,True
INC-16685,2026-04-06 09:46:04.291966,23,Chat,507,No,True
INC-16686,2026-08-02 04:47:04.291966,26,Email,1035,No,True
INC-16687,2026-08-26 08:14:04.291966,45,Voice,521,,True
INC-16688,2026-04-22 14:01:04.291966,6,Chat,1213,No,True
INC-16689,2026-06-10 21:50:04.291966,6,Voice,521,Yes,True
INC-16690,2026-06-13 01:02:04.291966,44,Voice,393,N,True
INC-16691,2026-07-12 20:43:04.291966,8,Chat,611,No,True
INC-16692,2026-06-02 05:23:04.291966,24,Voice,574,No,True
INC-16693,2026-04-02 17:42:04.291966,22,Voice,411,Yes,True
INC-16694,2026-06-24 15:08:04.291966,19,Voice,557,No,True
INC-16695,2026-06-24 21:27:04.291966,37,Chat,977,No,True
INC-16696,2026-07-24 08:54:04.291966,18,Chat,995,No,True
INC-16697,2026-05-27 00:42:04.291966,31,Voice,484,No,True
INC-16698,2026-08-28 18:07:04.291966,37,Chat,976,,True
INC-16699,2026-03-29 01:05:04.291966,30,Voice,465,Yes,True
INC-16700,2026-05-05 16:04:04.291966,42,Chat,772,No,True
INC-16701,2026-08-13 02:44:04.291966,33,Voice,364,Yes,True
INC-16702,2026-04-06 19:08:04.291966,10,Chat,422,Y,True
INC-16703,2026-06-22 23:15:04.291966,37,Email,1445,No,True
INC-16704,2026-05-05 23:58:04.291966,12,Email,1955,No,True
INC-16705,2026-04-10 01:20:04.291966,30,Voice,567,No,True
INC-16706,2026-04-01 21:04:04.291966,27,Email,1568,No,True
INC-16707,2026-04-02 16:49:04.291966,39,Voice,391,No,False
INC-16708,2026-08-26 06:10:04.291966,9,Email,1799,No,True
INC-16709,2026-07-20 14:17:04.291966,21,Voice,465,No,True
INC-16710,2026-09-03 09:29:04.291966,12,Voice,668,Yes,True
INC-16711,2026-05-07 06:20:04.291966,29,Voice,362,No,True
INC-16712,2026-06-17 06:52:04.291966,33,Voice,390,No,True
INC-16713,2026-05-23 08:47:04.291966,43,Chat,730,N,True
INC-16714,2026-05-02 06:01:04.291966,15,Email,1055,No,True
INC-16715,2026-08-31 06:04:04.291966,2,Chat,712,No,True
INC-16716,2026-06-19 09:09:04.291966,39,Chat,920,No,True
INC-16717,2026-05-29 16:14:04.291966,44,Chat,757,No,True
INC-16718,2026-04-30 01:21:04.291966,18,Voice,60,No,True
INC-16719,2026-08-20 00:16:04.291966,3,Voice,608,No,True
INC-16720,2026-04-01 17:29:04.291966,7,Voice,277,Y,False
INC-16721,2026-04-25 23:32:04.291966,43,Voice,550,Yes,True
INC-16722,2026-04-12 02:38:04.291966,18,Voice,483,No,True
INC-16723,2026-06-13 05:07:04.291966,44,Voice,734,No,True
INC-16724,2026-09-05 17:23:04.291966,38,Voice,599,No,True
INC-16725,2026-07-10 10:23:04.291966,37,Voice,419,No,True
INC-16726,2026-09-01 04:50:04.291966,33,Email,1289,No,True
INC-16727,2026-03-22 21:07:04.291966,44,Voice,660,No,True
INC-16728,2026-08-17 01:06:04.291966,31,Chat,604,No,True
INC-16729,2026-05-24 10:35:04.291966,11,Chat,938,Y,False
INC-16730,2026-08-28 16:14:04.291966,4,Chat,873,No,False
INC-16731,2026-05-14 15:22:04.291966,18,Voice,438,No,False
INC-16732,2026-09-03 10:53:04.291966,4,Voice,522,No,True
INC-16733,2026-09-09 18:51:04.291966,49,Voice,502,N,False
INC-16734,2026-05-11 20:29:04.291966,34,Voice,534,No,True
INC-16735,2026-07-28 03:25:04.291966,29,Voice,496,Y,False
INC-16736,2026-03-29 16:13:04.291966,24,Chat,983,No,False
INC-16737,2026-08-26 22:04:04.291966,22,Chat,918,No,False
INC-16738,2026-04-08 07:58:04.291966,2,Chat,768,No,True
INC-16739,2026-08-01 05:33:04.291966,44,Voice,480,No,True
INC-16740,2026-04-25 06:04:04.291966,6,Voice,394,Yes,True
INC-16741,2026-08-29 11:11:04.291966,42,Email,1265,N,True
INC-16742,2026-03-28 10:23:04.291966,25,Voice,439,No,True
INC-16743,2026-08-10 20:15:04.291966,21,Chat,876,No,True
INC-16744,2026-07-15 19:25:04.291966,16,Chat,907,No,True
INC-16745,2026-05-07 22:32:04.291966,31,Voice,589,Yes,True
INC-16746,2026-04-22 06:26:04.291966,14,Voice,420,No,True
INC-16747,2026-09-15 18:07:04.291966,39,Voice,503,No,True
INC-16748,2026-04-15 15:14:04.291966,28,Voice,494,No,True
INC-16749,2026-08-20 08:20:04.291966,32,Voice,406,Yes,False
INC-16750,2026-07-15 21:19:04.291966,28,Voice,488,N,True
INC-16751,2026-09-04 18:27:04.291966,49,Voice,600,No,True
INC-16752,2026-06-04 00:43:04.291966,9,Chat,937,N,True
INC-16753,2026-07-01 18:07:04.291966,45,Email,1567,No,True
INC-16754,2026-05-13 11:46:04.291966,22,Voice,395,No,True
INC-16755,2026-06-26 07:25:04.291966,32,Email,2090,No,True
INC-16756,2026-04-22 23:14:04.291966,5,Email,1305,No,True
INC-16757,2026-05-18 09:58:04.291966,23,Email,999,Yes,True
INC-16758,2026-09-15 01:10:04.291966,5,Email,1758,No,False
INC-16759,2026-07-03 05:40:04.291966,42,Voice,466,Yes,True
INC-16760,2026-06-15 15:36:04.291966,32,Voice,443,No,True
INC-16761,2026-04-16 05:35:04.291966,10,Chat,790,No,True
INC-16762,2026-06-16 09:44:04.291966,39,Chat,1274,No,True
INC-16763,2026-08-27 23:45:04.291966,15,Email,1606,,False
INC-16764,2026-05-20 11:29:04.291966,7,Email,1664,No,False
INC-16765,2026-05-06 15:43:04.291966,29,Chat,932,No,True
INC-16766,2026-05-28 23:54:04.291966,47,Voice,512,No,True
INC-16767,2026-08-30 21:43:04.291966,3,Voice,647,No,True
INC-16768,2026-07-01 23:33:04.291966,19,Voice,449,N,True
INC-16769,2026-04-13 04:07:04.291966,10,Chat,608,,True
INC-16770,2026-09-05 19:37:04.291966,28,Chat,1073,N,True
INC-16771,2026-06-15 16:14:04.291966,29,Email,1649,Y,True
INC-16772,2026-06-17 11:03:04.291966,15,Chat,921,,True
INC-16773,2026-05-25 08:15:04.291966,35,Email,1641,No,True
INC-16774,2026-04-14 15:54:04.291966,6,Chat,825,N,True
INC-16775,2026-08-29 13:02:04.291966,12,Email,1506,No,True
INC-16776,2026-05-05 19:39:04.291966,47,Voice,464,No,True
INC-16777,2026-09-05 05:58:04.291966,38,Email,1322,Yes,True
INC-16778,2026-08-01 17:37:04.291966,13,Chat,1137,No,True
INC-16779,2026-05-18 08:00:04.291966,29,Voice,310,No,True
INC-16780,2026-06-07 16:11:04.291966,19,Voice,763,No,True
INC-16781,2026-04-22 05:15:04.291966,3,Email,1763,No,False
INC-16782,2026-07-31 00:12:04.291966,8,Voice,266,No,True
INC-16783,2026-09-01 03:07:04.291966,8,Voice,453,No,True
INC-16784,2026-05-26 10:04:04.291966,20,Voice,459,No,True
INC-16785,2026-08-03 20:36:04.291966,47,Chat,978,No,True
INC-16786,2026-04-11 11:49:04.291966,4,Email,1203,,True
INC-16787,2026-09-04 04:07:04.291966,21,Voice,483,No,True
INC-16788,2026-04-11 22:01:04.291966,3,Voice,465,N,True
INC-16789,2026-04-30 13:14:04.291966,45,Email,1278,No,True
INC-16790,2026-06-16 14:56:04.291966,8,Chat,724,No,True
INC-16791,2026-05-31 17:27:04.291966,23,Email,1775,No,True
INC-16792,2026-04-28 08:35:04.291966,16,Voice,276,No,True
INC-16793,2026-05-04 08:55:04.291966,13,Voice,537,,True
INC-16794,2026-04-26 17:16:04.291966,3,Voice,575,No,True
INC-16795,2026-05-26 12:49:04.291966,48,Chat,856,N,True
INC-16796,2026-03-22 01:51:04.291966,9,Voice,486,No,True
INC-16797,2026-06-22 19:10:04.291966,14,Voice,619,No,True
INC-16798,2026-06-30 15:59:04.291966,13,Voice,395,No,True
INC-16799,2026-08-06 12:48:04.291966,7,Voice,407,No,True
INC-16800,2026-04-04 09:28:04.291966,15,Email,1351,,True
INC-16801,2026-08-17 22:32:04.291966,7,Voice,619,No,True
INC-16802,2026-06-09 13:38:04.291966,38,Chat,1158,No,True
INC-16803,2026-09-06 06:26:04.291966,34,Email,1081,No,True
INC-16804,2026-09-04 19:56:04.291966,41,Voice,600,No,True
INC-16805,2026-08-12 18:14:04.291966,22,Chat,1063,Yes,True
INC-16806,2026-09-11 02:09:04.291966,24,Email,1966,No,True
INC-16807,2026-07-20 23:25:04.291966,49,Email,1615,No,True
INC-16808,2026-03-29 19:09:04.291966,37,Voice,474,,True
INC-16809,2026-07-30 15:22:04.291966,44,Voice,617,Yes,True
INC-16810,2026-06-01 22:39:04.291966,1,Voice,563,No,True
INC-16811,2026-06-23 15:55:04.291966,10,Chat,1348,Yes,True
INC-16812,2026-05-25 01:09:04.291966,43,Chat,1091,No,True
INC-16813,2026-07-28 04:18:04.291966,16,Chat,930,No,True
INC-16814,2026-08-02 15:18:04.291966,46,Voice,339,No,False
INC-16815,2026-06-24 05:09:04.291966,8,Voice,410,No,True
INC-16816,2026-05-16 17:38:04.291966,49,Chat,612,No,True
INC-16817,2026-05-02 07:54:04.291966,25,Voice,454,No,True
INC-16818,2026-09-02 21:05:04.291966,50,Chat,1085,No,True
INC-16819,2026-03-30 18:47:04.291966,12,Voice,479,Yes,True
INC-16820,2026-08-11 18:12:04.291966,25,Voice,602,Y,True
INC-16821,2026-03-25 22:23:04.291966,17,Voice,520,Yes,False
INC-16822,2026-09-03 16:17:04.291966,26,Voice,431,Yes,True
INC-16823,2026-03-21 16:32:04.291966,46,Voice,490,No,True
INC-16824,2026-09-03 14:06:04.291966,48,Voice,536,,True
INC-16825,2026-06-03 10:08:04.291966,14,Voice,496,Y,False
INC-16826,2026-05-25 22:06:04.291966,41,Voice,498,No,True
INC-16827,2026-07-06 04:16:04.291966,36,Voice,387,No,True
INC-16828,2026-08-11 10:25:04.291966,23,Chat,813,No,False
INC-16829,2026-08-27 23:45:04.291966,43,Voice,751,No,True
INC-16830,2026-04-11 23:55:04.291966,6,Chat,1145,No,True
INC-16831,2026-04-28 19:15:04.291966,47,Chat,605,No,True
INC-16832,2026-03-31 03:43:04.291966,5,Chat,426,No,True
INC-16833,2026-08-12 22:33:04.291966,43,Email,1522,No,True
INC-16834,2026-08-19 00:32:04.291966,25,Voice,587,No,True
INC-16835,2026-07-15 21:38:04.291966,18,Chat,796,No,True
INC-16836,2026-08-14 07:11:04.291966,13,Email,1806,No,True
INC-16837,2026-08-31 17:54:04.291966,43,Email,1517,No,True
INC-16838,2026-07-20 08:54:04.291966,14,Voice,460,No,True
INC-16839,2026-06-18 21:46:04.291966,28,Voice,570,Yes,True
INC-16840,2026-08-19 12:33:04.291966,18,Voice,416,No,True
INC-16841,2026-08-24 10:36:04.291966,28,Chat,842,N,True
INC-16842,2026-06-09 08:41:04.291966,27,Chat,1034,Yes,True
INC-16843,2026-04-06 17:07:04.291966,32,Voice,476,No,True
INC-16844,2026-06-08 08:22:04.291966,47,Chat,1281,No,True
INC-16845,2026-08-24 13:34:04.291966,9,Chat,1038,No,True
INC-16846,2026-08-05 16:06:04.291966,40,Voice,555,No,True
INC-16847,2026-09-02 02:16:04.291966,32,Email,1485,Yes,True
INC-16848,2026-04-04 06:38:04.291966,20,Chat,1074,No,True
INC-16849,2026-08-18 03:50:04.291966,28,Voice,441,No,True
INC-16850,2026-06-23 12:33:04.291966,33,Chat,956,No,True
INC-16851,2026-04-13 15:25:04.291966,4,Voice,370,No,True
INC-16852,2026-06-03 13:08:04.291966,46,Chat,1107,No,False
INC-16853,2026-04-03 15:56:04.291966,34,Email,1587,No,True
INC-16854,2026-07-07 06:27:04.291966,48,Email,2094,No,True
INC-16855,2026-08-27 10:34:04.291966,3,Voice,767,No,True
INC-16856,2026-08-31 16:19:04.291966,26,Voice,571,No,True
INC-16857,2026-05-10 21:44:04.291966,8,Voice,488,No,True
INC-16858,2026-05-26 03:17:04.291966,6,Chat,710,No,False
INC-16859,2026-06-30 06:31:04.291966,16,Voice,588,No,True
INC-16860,2026-08-31 13:00:04.291966,24,Chat,942,No,False
INC-16861,2026-07-08 21:00:04.291966,48,Voice,544,No,True
INC-16862,2026-09-09 01:49:04.291966,39,Voice,687,No,True
INC-16863,2026-04-07 09:25:04.291966,30,Voice,381,Yes,True
INC-16864,2026-05-11 11:49:04.291966,45,Email,1222,No,True
INC-16865,2026-08-20 03:51:04.291966,13,Chat,852,No,True
INC-16866,2026-08-22 04:39:04.291966,5,Voice,578,Yes,True
INC-16867,2026-06-19 11:57:04.291966,25,Voice,546,No,True
INC-16868,2026-05-15 18:12:04.291966,20,Chat,720,,True
INC-16869,2026-07-05 22:15:04.291966,18,Voice,570,No,True
INC-16870,2026-06-12 20:05:04.291966,47,Chat,659,Y,True
INC-16871,2026-08-19 04:12:04.291966,18,Email,1248,Yes,True
INC-16872,2026-07-29 04:25:04.291966,2,Chat,876,No,True
INC-16873,2026-08-30 23:59:04.291966,10,Chat,789,No,True
INC-16874,2026-05-31 12:40:04.291966,45,Chat,1077,,True
INC-16875,2026-08-18 14:22:04.291966,50,Email,1585,No,True
INC-16876,2026-06-13 14:46:04.291966,47,Email,2029,No,True
INC-16877,2026-05-19 05:56:04.291966,12,Chat,850,No,True
INC-16878,2026-03-25 00:22:04.291966,47,Voice,465,No,False
INC-16879,2026-07-05 09:00:04.291966,13,Voice,625,No,False
INC-16880,2026-05-15 17:02:04.291966,50,Voice,469,No,True
INC-16881,2026-07-15 03:12:04.291966,47,Chat,1198,Yes,True
INC-16882,2026-06-22 19:20:04.291966,11,Chat,1008,Y,True
INC-16883,2026-05-26 00:00:04.291966,19,Voice,197,N,True
INC-16884,2026-03-20 18:58:04.291966,35,Voice,621,N,True
INC-16885,2026-05-20 12:36:04.291966,39,Voice,589,N,True
INC-16886,2026-05-10 23:51:04.291966,26,Email,1785,Yes,False
INC-16887,2026-05-22 15:03:04.291966,46,Chat,517,,True
INC-16888,2026-08-26 18:25:04.291966,14,Chat,767,No,True
INC-16889,2026-05-18 13:28:04.291966,45,Voice,409,Y,True
INC-16890,2026-03-22 21:07:04.291966,44,Chat,731,No,True
INC-16891,2026-05-26 06:35:04.291966,24,Voice,689,No,True
INC-16892,2026-09-03 00:07:04.291966,41,Chat,897,Yes,True
INC-16893,2026-04-09 06:34:04.291966,1,Voice,475,Yes,True
INC-16894,2026-07-25 21:48:04.291966,43,Voice,546,N,True
INC-16895,2026-06-12 09:56:04.291966,22,Voice,548,No,True
INC-16896,2026-04-05 15:46:04.291966,23,Voice,79,No,True
INC-16897,2026-07-25 18:59:04.291966,19,Email,1306,No,True
INC-16898,2026-09-02 00:31:04.291966,18,Voice,310,No,True
INC-16899,2026-07-16 09:17:04.291966,12,Voice,528,No,True
INC-16900,2026-08-22 07:45:04.291966,28,Chat,842,No,False
INC-16901,2026-03-21 10:59:04.291966,28,Email,1504,No,True
INC-16902,2026-06-01 07:51:04.291966,33,Voice,230,No,True
INC-16903,2026-09-15 03:34:04.291966,19,Chat,838,,False
INC-16904,2026-05-02 21:58:04.291966,28,Email,1834,No,True
INC-16905,2026-08-26 12:15:04.291966,49,Voice,649,No,True
INC-16906,2026-05-20 23:22:04.291966,37,Voice,566,N,True
INC-16907,2026-04-15 14:58:04.291966,26,Voice,319,N,False
INC-16908,2026-05-09 11:46:04.291966,35,Email,1877,,True
INC-16909,2026-04-22 12:41:04.291966,34,Voice,566,No,True
INC-16910,2026-03-20 02:49:04.291966,35,Voice,465,No,True
INC-16911,2026-05-31 05:33:04.291966,40,Chat,494,No,True
INC-16912,2026-05-24 10:47:04.291966,16,Chat,1090,Yes,True
INC-16913,2026-07-14 04:39:04.291966,38,Voice,408,No,True
INC-16914,2026-08-25 09:32:04.291966,13,Chat,969,No,True
INC-16915,2026-09-13 08:34:04.291966,23,Voice,488,No,True
INC-16916,2026-06-05 23:28:04.291966,22,Voice,664,N,True
INC-16917,2026-04-15 21:32:04.291966,16,Chat,874,,True
INC-16918,2026-08-03 14:20:04.291966,28,Email,1495,Yes,True
INC-16919,2026-06-13 10:09:04.291966,48,Voice,669,No,True
INC-16920,2026-03-23 20:44:04.291966,35,Email,1302,No,True
INC-16921,2026-09-02 18:30:04.291966,45,Chat,1062,No,True
INC-16922,2026-05-17 07:21:04.291966,46,Voice,456,No,True
INC-16923,2026-06-26 11:08:04.291966,8,Chat,699,Y,True
INC-16924,2026-08-28 22:59:04.291966,44,Voice,480,No,True
INC-16925,2026-04-24 14:14:04.291966,22,Email,1707,No,True
INC-16926,2026-05-23 18:36:04.291966,21,Email,1906,No,False
INC-16927,2026-08-22 04:41:04.291966,26,Voice,656,No,True
INC-16928,2026-04-14 19:24:04.291966,40,Voice,444,No,True
INC-16929,2026-08-21 06:26:04.291966,21,Voice,361,No,True
INC-16930,2026-06-18 21:50:04.291966,25,Voice,441,N,True
INC-16931,2026-06-12 17:23:04.291966,41,Voice,338,No,True
INC-16932,2026-08-18 08:12:04.291966,1,Voice,453,,True
INC-16933,2026-03-22 07:41:04.291966,6,Chat,831,No,True
INC-16934,2026-03-23 10:11:04.291966,23,Voice,567,Y,False
INC-16935,2026-08-01 14:22:04.291966,23,Email,838,No,True
INC-16936,2026-05-29 03:19:04.291966,43,Email,1279,No,True
INC-16937,2026-08-21 07:39:04.291966,43,Voice,392,No,True
INC-16938,2026-08-17 17:21:04.291966,23,Email,1856,No,True
INC-16939,2026-04-13 10:23:04.291966,32,Voice,346,No,True
INC-16940,2026-09-02 17:56:04.291966,30,Voice,507,Y,True
INC-16941,2026-07-01 17:11:04.291966,13,Chat,874,No,True
INC-16942,2026-08-23 10:48:04.291966,43,Voice,605,,True
INC-16943,2026-07-15 10:39:04.291966,18,Chat,1019,No,True
INC-16944,2026-07-02 22:58:04.291966,23,Email,1536,No,True
INC-16945,2026-05-12 02:53:04.291966,15,Email,1333,No,True
INC-16946,2026-07-08 15:08:04.291966,33,Chat,529,,True
INC-16947,2026-06-26 13:51:04.291966,21,Chat,949,No,False
INC-16948,2026-05-11 11:31:04.291966,39,Voice,543,Yes,True
INC-16949,2026-05-29 08:54:04.291966,23,Voice,291,N,False
INC-16950,2026-05-25 14:13:04.291966,27,Chat,653,No,False
INC-16951,2026-08-19 03:35:04.291966,45,Voice,510,No,True
INC-16952,2026-05-21 14:07:04.291966,44,Voice,520,No,True
INC-16953,2026-04-23 08:44:04.291966,18,Voice,361,No,True
INC-16954,2026-08-31 12:41:04.291966,24,Chat,785,No,True
INC-16955,2026-07-26 04:10:04.291966,47,Voice,259,N,True
INC-16956,2026-05-14 14:16:04.291966,40,Chat,1175,N,True
INC-16957,2026-07-10 19:26:04.291966,42,Voice,324,No,True
INC-16958,2026-05-19 01:28:04.291966,7,Voice,545,No,True
INC-16959,2026-08-10 12:24:04.291966,50,Voice,475,No,True
INC-16960,2026-04-02 01:41:04.291966,48,Voice,634,No,False
INC-16961,2026-07-27 21:45:04.291966,20,Email,1262,No,True
INC-16962,2026-06-10 02:18:04.291966,27,Voice,487,No,False
INC-16963,2026-06-21 15:43:04.291966,6,Voice,276,Yes,True
INC-16964,2026-08-19 03:43:04.291966,27,Chat,512,No,True
INC-16965,2026-08-21 11:19:04.291966,9,Voice,551,No,True
INC-16966,2026-09-16 01:50:04.291966,45,Voice,265,N,True
INC-16967,2026-06-28 09:51:04.291966,31,Voice,452,No,False
INC-16968,2026-04-25 01:21:04.291966,21,Email,1803,No,True
INC-16969,2026-08-27 23:49:04.291966,26,Chat,1049,No,True
INC-16970,2026-03-28 22:47:04.291966,40,Voice,400,No,True
INC-16971,2026-07-31 15:35:04.291966,48,Voice,289,No,True
INC-16972,2026-07-05 12:20:04.291966,45,Voice,541,No,False
INC-16973,2026-06-26 08:47:04.291966,13,Voice,641,No,True
INC-16974,2026-03-31 05:20:04.291966,49,Chat,767,No,True
INC-16975,2026-03-29 08:05:04.291966,23,Email,1259,N,True
INC-16976,2026-06-18 04:11:04.291966,20,Voice,417,No,True
INC-16977,2026-06-02 07:32:04.291966,37,Email,1671,No,True
INC-16978,2026-09-06 14:10:04.291966,28,Voice,627,No,True
INC-16979,2026-05-22 04:56:04.291966,17,Voice,331,No,True
INC-16980,2026-08-06 00:26:04.291966,28,Voice,300,No,True
INC-16981,2026-05-30 11:46:04.291966,41,Voice,760,,True
INC-16982,2026-03-21 10:34:04.291966,2,Email,1446,No,True
INC-16983,2026-07-25 06:55:04.291966,25,Voice,510,No,True
INC-16984,2026-07-08 09:36:04.291966,50,Voice,396,No,True
INC-16985,2026-08-20 06:37:04.291966,41,Email,1646,No,True
INC-16986,2026-04-07 10:00:04.291966,6,Email,1788,No,True
INC-16987,2026-05-17 00:38:04.291966,11,Chat,959,No,True
INC-16988,2026-04-15 22:48:04.291966,38,Email,2022,No,True
INC-16989,2026-04-15 02:08:04.291966,6,Voice,440,No,True
INC-16990,2026-03-30 23:54:04.291966,45,Email,1421,No,True
INC-16991,2026-05-08 06:30:04.291966,11,Chat,946,No,True
INC-16992,2026-09-15 18:36:04.291966,14,Email,1639,No,True
INC-16993,2026-05-17 16:01:04.291966,2,Chat,945,No,True
INC-16994,2026-05-18 11:06:04.291966,40,Voice,325,No,True
INC-16995,2026-08-01 20:58:04.291966,3,Chat,962,No,True
INC-16996,2026-05-16 12:47:04.291966,35,Voice,435,No,False
INC-16997,2026-06-25 21:25:04.291966,33,Voice,410,No,False
INC-16998,2026-07-07 08:54:04.291966,24,Voice,483,No,True
INC-16999,2026-06-05 15:38:04.291966,19,Email,1211,Yes,True
INC-17000,2026-05-12 11:26:04.291966,18,Voice,343,Yes,True
INC-17001,2026-03-26 09:42:04.291966,49,Chat,376,No,True
INC-17002,2026-04-27 09:46:04.291966,24,Voice,689,No,True
INC-17003,2026-08-31 08:47:04.291966,45,Email,1666,Yes,True
INC-17004,2026-04-22 08:11:04.291966,35,Voice,465,No,True
INC-17005,2026-04-15 18:05:04.291966,1,Chat,766,,True
INC-17006,2026-08-08 22:54:04.291966,36,Email,637,No,True
INC-17007,2026-04-02 13:30:04.291966,25,Voice,392,Y,True
INC-17008,2026-04-27 09:53:04.291966,45,Voice,565,No,True
INC-17009,2026-08-23 12:18:04.291966,49,Chat,1088,Yes,False
INC-17010,2026-07-11 01:01:04.291966,43,Email,1692,Yes,True
INC-17011,2026-08-16 00:32:04.291966,34,Chat,931,,True
INC-17012,2026-07-04 14:56:04.291966,25,Voice,636,No,True
INC-17013,2026-08-14 14:41:04.291966,16,Email,1401,No,False
INC-17014,2026-09-03 06:10:04.291966,34,Voice,610,No,True
INC-17015,2026-08-04 03:38:04.291966,29,Chat,823,No,True
INC-17016,2026-04-17 16:56:04.291966,19,Email,1235,No,True
INC-17017,2026-04-01 21:25:04.291966,23,Voice,359,No,True
INC-17018,2026-08-10 11:06:04.291966,19,Chat,687,,False
INC-17019,2026-03-29 00:09:04.291966,25,Chat,1031,No,True
INC-17020,2026-04-20 13:29:04.291966,16,Email,1277,No,True
INC-17021,2026-07-29 10:56:04.291966,9,Voice,356,No,True
INC-17022,2026-04-11 07:16:04.291966,1,Voice,565,No,True
INC-17023,2026-06-11 08:36:04.291966,42,Email,1598,No,True
INC-17024,2026-03-30 08:54:04.291966,19,Voice,595,No,True
INC-17025,2026-07-20 01:33:04.291966,33,Voice,541,No,True
INC-17026,2026-07-19 14:41:04.291966,34,Email,1274,No,True
INC-17027,2026-08-18 14:57:04.291966,16,Voice,489,N,True
INC-17028,2026-06-11 22:44:04.291966,44,Email,1537,No,True
INC-17029,2026-08-04 09:54:04.291966,40,Voice,369,No,True
INC-17030,2026-06-18 13:01:04.291966,18,Voice,347,Yes,True
INC-17031,2026-09-09 14:53:04.291966,34,Chat,763,No,True
INC-17032,2026-05-22 10:01:04.291966,25,Chat,1307,No,True
INC-17033,2026-05-06 02:07:04.291966,45,Chat,817,No,False
INC-17034,2026-04-14 20:06:04.291966,6,Chat,1146,No,True
INC-17035,2026-04-03 10:19:04.291966,21,Email,1359,N,True
INC-17036,2026-09-14 08:43:04.291966,6,Voice,586,No,True
INC-17037,2026-06-15 07:41:04.291966,32,Voice,588,No,True
INC-17038,2026-09-16 05:54:04.291966,41,Voice,594,,False
INC-17039,2026-05-11 00:09:04.291966,48,Chat,977,No,False
INC-17040,2026-04-09 06:08:04.291966,43,Voice,645,No,True
INC-17041,2026-07-18 02:32:04.291966,39,Voice,525,N,True
INC-17042,2026-07-24 00:11:04.291966,31,Voice,685,Yes,True
INC-17043,2026-07-16 07:25:04.291966,42,Voice,285,Yes,False
INC-17044,2026-07-01 16:57:04.291966,10,Voice,521,No,True
INC-17045,2026-08-19 03:22:04.291966,30,Chat,956,No,True
INC-17046,2026-04-06 20:10:04.291966,18,Voice,367,N,True
INC-17047,2026-06-14 23:56:04.291966,24,Email,1673,No,True
INC-17048,2026-07-27 15:19:04.291966,9,Chat,601,No,False
INC-17049,2026-03-29 17:59:04.291966,31,Voice,401,N,True
INC-17050,2026-06-09 14:01:04.291966,15,Chat,500,Yes,True
INC-17051,2026-08-21 04:40:04.291966,4,Voice,667,No,True
INC-17052,2026-05-27 17:29:04.291966,40,Chat,853,N,True
INC-17053,2026-04-18 14:19:04.291966,9,Email,2150,Y,False
INC-17054,2026-06-06 00:29:04.291966,45,Chat,1060,No,True
INC-17055,2026-07-28 15:14:04.291966,9,Chat,989,No,True
INC-17056,2026-06-03 06:03:04.291966,26,Voice,409,No,True
INC-17057,2026-04-07 16:30:04.291966,4,Voice,354,No,True
INC-17058,2026-08-07 13:08:04.291966,17,Email,1656,No,True
INC-17059,2026-09-12 20:42:04.291966,16,Voice,471,Yes,True
INC-17060,2026-07-05 06:33:04.291966,15,Voice,319,No,True
INC-17061,2026-05-01 03:05:04.291966,35,Voice,297,No,True
INC-17062,2026-03-29 15:10:04.291966,5,Chat,708,No,True
INC-17063,2026-08-26 18:58:04.291966,5,Voice,698,No,True
INC-17064,2026-05-19 08:56:04.291966,20,Email,2163,,True
INC-17065,2026-08-12 06:48:04.291966,15,Voice,504,No,True
INC-17066,2026-04-27 02:43:04.291966,18,Voice,497,No,True
INC-17067,2026-07-10 07:57:04.291966,47,Chat,832,No,False
INC-17068,2026-06-05 21:37:04.291966,2,Voice,367,No,False
INC-17069,2026-05-23 18:48:04.291966,29,Chat,1175,No,True
INC-17070,2026-07-04 07:13:04.291966,13,Voice,704,No,False
INC-17071,2026-06-24 17:34:04.291966,4,Voice,372,No,True
INC-17072,2026-05-03 01:28:04.291966,42,Voice,470,No,True
INC-17073,2026-03-26 04:23:04.291966,45,Email,1365,No,True
INC-17074,2026-06-02 22:54:04.291966,10,Chat,815,No,True
INC-17075,2026-06-17 22:25:04.291966,31,Chat,1137,No,False
INC-17076,2026-08-29 19:36:04.291966,41,Voice,322,,True
INC-17077,2026-06-17 02:23:04.291966,8,Chat,993,Y,True
INC-17078,2026-08-05 23:42:04.291966,3,Voice,567,N,True
INC-17079,2026-05-29 17:39:04.291966,48,Email,1457,No,True
INC-17080,2026-06-02 14:05:04.291966,46,Chat,1078,No,True
INC-17081,2026-06-14 05:41:04.291966,9,Chat,929,No,True
INC-17082,2026-07-29 13:03:04.291966,30,Voice,626,No,True
INC-17083,2026-07-25 23:13:04.291966,11,Chat,595,Yes,True
INC-17084,2026-04-24 21:42:04.291966,35,Voice,438,No,True
INC-17085,2026-05-31 23:05:04.291966,37,Email,1478,No,True
INC-17086,2026-04-18 22:13:04.291966,42,Voice,159,No,True
INC-17087,2026-06-25 16:40:04.291966,13,Voice,349,No,True
INC-17088,2026-07-20 12:34:04.291966,36,Voice,382,,True
INC-17089,2026-08-30 09:56:04.291966,13,Voice,593,No,True
INC-17090,2026-09-12 13:56:04.291966,12,Voice,395,No,True
INC-17091,2026-08-29 22:07:04.291966,37,Email,1254,No,False
INC-17092,2026-08-02 02:58:04.291966,10,Chat,1063,No,True
INC-17093,2026-08-24 05:28:04.291966,9,Email,1014,No,True
INC-17094,2026-06-27 13:02:04.291966,7,Email,878,N,True
INC-17095,2026-08-07 00:39:04.291966,2,Voice,436,No,False
INC-17096,2026-04-13 16:19:04.291966,23,Chat,610,No,True
INC-17097,2026-05-12 09:36:04.291966,39,Voice,310,No,True
INC-17098,2026-09-09 19:59:04.291966,40,Email,1672,No,True
INC-17099,2026-07-01 05:11:04.291966,39,Voice,585,No,True
INC-17100,2026-07-03 06:29:04.291966,21,Voice,574,No,True
INC-17101,2026-07-09 17:28:04.291966,23,Voice,613,No,True
INC-17102,2026-04-22 01:23:04.291966,29,Voice,628,,False
INC-17103,2026-06-05 04:17:04.291966,14,Voice,224,No,True
INC-17104,2026-04-14 09:15:04.291966,26,Voice,534,No,True
INC-17105,2026-09-02 22:45:04.291966,5,Chat,794,No,True
INC-17106,2026-03-22 20:04:04.291966,31,Email,1275,No,True
INC-17107,2026-04-11 01:20:04.291966,25,Voice,547,No,True
INC-17108,2026-06-15 04:50:04.291966,31,Voice,272,No,True
INC-17109,2026-04-28 04:41:04.291966,50,Email,974,No,True
INC-17110,2026-05-22 06:01:04.291966,20,Voice,556,No,True
INC-17111,2026-04-25 21:17:04.291966,44,Email,1646,Yes,True
INC-17112,2026-09-06 04:42:04.291966,17,Voice,496,No,False
INC-17113,2026-08-17 12:44:04.291966,45,Chat,724,N,True
INC-17114,2026-05-11 22:27:04.291966,2,Chat,1048,Yes,True
INC-17115,2026-06-04 09:11:04.291966,25,Chat,1036,No,True
INC-17116,2026-05-11 07:46:04.291966,13,Email,1525,No,True
INC-17117,2026-04-18 19:36:04.291966,39,Voice,338,No,True
INC-17118,2026-04-12 17:17:04.291966,28,Voice,428,No,False
INC-17119,2026-03-30 17:55:04.291966,42,Chat,1067,,False
INC-17120,2026-06-11 13:15:04.291966,6,Email,1898,No,True
INC-17121,2026-06-28 12:19:04.291966,3,Voice,440,Y,True
INC-17122,2026-05-29 14:32:04.291966,35,Email,1425,No,False
INC-17123,2026-04-03 20:28:04.291966,18,Voice,460,No,True
INC-17124,2026-08-11 17:03:04.291966,11,Voice,512,No,True
INC-17125,2026-03-22 22:45:04.291966,20,Chat,783,Yes,True
INC-17126,2026-06-19 03:18:04.291966,5,Voice,132,No,False
INC-17127,2026-05-08 20:02:04.291966,19,Chat,1138,No,True
INC-17128,2026-07-12 11:12:04.291966,22,Voice,695,No,True
INC-17129,2026-04-11 13:22:04.291966,19,Voice,406,Y,True
INC-17130,2026-07-20 20:56:04.291966,47,Chat,686,No,True
INC-17131,2026-06-01 12:51:04.291966,16,Chat,872,,True
INC-17132,2026-07-24 01:55:04.291966,24,Voice,457,N,True
INC-17133,2026-04-27 10:57:04.291966,41,Voice,599,No,True
INC-17134,2026-07-13 23:16:04.291966,4,Voice,486,No,True
INC-17135,2026-09-09 18:40:04.291966,15,Voice,384,No,True
INC-17136,2026-07-04 00:17:04.291966,25,Email,1104,No,True
INC-17137,2026-08-04 15:02:04.291966,44,Email,1759,N,True
INC-17138,2026-07-29 15:07:04.291966,35,Voice,551,No,True
INC-17139,2026-06-01 16:56:04.291966,14,Voice,607,Yes,True
INC-17140,2026-08-14 07:10:04.291966,49,Email,1209,No,True
INC-17141,2026-04-21 03:12:04.291966,19,Chat,1267,N,True
INC-17142,2026-07-20 22:22:04.291966,38,Chat,551,No,True
INC-17143,2026-07-10 16:52:04.291966,36,Chat,1041,Y,True
INC-17144,2026-06-28 20:52:04.291966,7,Voice,250,No,True
INC-17145,2026-05-14 22:31:04.291966,30,Voice,385,Yes,True
INC-17146,2026-07-16 04:09:04.291966,19,Email,1968,,False
INC-17147,2026-04-17 06:41:04.291966,49,Chat,1066,N,False
INC-17148,2026-09-04 03:38:04.291966,25,Voice,414,No,False
INC-17149,2026-05-31 19:36:04.291966,16,Voice,417,No,True
INC-17150,2026-06-23 10:02:04.291966,47,Voice,492,No,False
INC-17151,2026-05-22 01:06:04.291966,40,Chat,1002,No,True
INC-17152,2026-08-17 16:51:04.291966,8,Voice,630,No,True
INC-17153,2026-07-27 13:13:04.291966,18,Voice,425,No,True
INC-17154,2026-03-28 22:36:04.291966,28,Email,1016,No,True
INC-17155,2026-07-06 16:11:04.291966,16,Voice,498,No,True
INC-17156,2026-04-13 19:06:04.291966,19,Voice,425,No,True
INC-17157,2026-07-14 21:02:04.291966,42,Voice,323,No,True
INC-17158,2026-04-16 09:09:04.291966,17,Voice,515,N,True
INC-17159,2026-09-06 07:08:04.291966,45,Voice,454,No,True
INC-17160,2026-07-03 15:09:04.291966,13,Email,1591,No,True
INC-17161,2026-07-16 18:30:04.291966,7,Email,1231,No,True
INC-17162,2026-06-20 09:33:04.291966,27,Voice,538,No,True
INC-17163,2026-07-06 23:38:04.291966,10,Voice,321,No,True
INC-17164,2026-03-23 09:43:04.291966,34,Chat,734,No,True
INC-17165,2026-03-20 08:34:04.291966,36,Voice,450,No,True
INC-17166,2026-05-26 08:53:04.291966,25,Voice,689,N,True
INC-17167,2026-07-15 16:48:04.291966,6,Email,1735,No,True
INC-17168,2026-06-21 04:37:04.291966,24,Voice,609,No,True
INC-17169,2026-09-07 04:46:04.291966,18,Voice,650,N,False
INC-17170,2026-08-15 10:21:04.291966,23,Voice,912,N,True
INC-17171,2026-06-01 14:41:04.291966,6,Voice,484,N,True
INC-17172,2026-07-24 00:13:04.291966,29,Voice,650,No,True
INC-17173,2026-05-27 00:37:04.291966,25,Voice,601,No,True
INC-17174,2026-05-27 06:52:04.291966,17,Voice,599,No,True
INC-17175,2026-06-25 14:25:04.291966,46,Chat,1254,No,False
INC-17176,2026-05-16 17:05:04.291966,24,Voice,429,No,True
INC-17177,2026-04-27 01:24:04.291966,11,Voice,420,No,True
INC-17178,2026-08-02 04:20:04.291966,26,Chat,963,No,True
INC-17179,2026-04-27 22:32:04.291966,34,Email,1445,No,True
INC-17180,2026-07-05 19:40:04.291966,28,Voice,518,No,True
INC-17181,2026-07-08 22:12:04.291966,3,Voice,667,No,True
INC-17182,2026-03-30 22:42:04.291966,11,Voice,422,No,True
INC-17183,2026-05-14 19:06:04.291966,38,Chat,839,No,True
INC-17184,2026-07-13 23:57:04.291966,14,Voice,500,No,True
INC-17185,2026-06-22 16:30:04.291966,26,Voice,452,No,True
INC-17186,2026-06-08 02:27:04.291966,48,Voice,250,No,False
INC-17187,2026-08-28 10:44:04.291966,21,Voice,410,Y,False
INC-17188,2026-07-05 22:41:04.291966,39,Voice,562,No,True
INC-17189,2026-03-29 17:53:04.291966,30,Voice,652,No,True
INC-17190,2026-05-03 00:50:04.291966,8,Email,1153,No,True
INC-17191,2026-09-03 12:06:04.291966,20,Chat,668,Y,True
INC-17192,2026-08-25 16:09:04.291966,48,Voice,483,No,True
INC-17193,2026-04-25 06:43:04.291966,32,Voice,230,No,True
INC-17194,2026-09-05 14:06:04.291966,22,Voice,426,No,True
INC-17195,2026-08-29 19:58:04.291966,7,Voice,271,N,True
INC-17196,2026-06-14 18:04:04.291966,9,Email,1910,No,True
INC-17197,2026-04-06 02:20:04.291966,45,Email,1269,No,True
INC-17198,2026-07-14 10:33:04.291966,1,Voice,678,Yes,True
INC-17199,2026-06-30 07:22:04.291966,29,Voice,613,Yes,False
INC-17200,2026-04-01 17:45:04.291966,8,Voice,402,No,True
INC-17201,2026-08-04 18:38:04.291966,4,Chat,685,No,True
INC-17202,2026-08-18 17:50:04.291966,35,Chat,861,No,False
INC-17203,2026-03-31 03:51:04.291966,3,Email,1468,No,True
INC-17204,2026-04-22 01:22:04.291966,45,Chat,969,No,True
INC-17205,2026-08-24 20:12:04.291966,40,Voice,386,No,True
INC-17206,2026-07-20 01:21:04.291966,7,Chat,1049,No,True
INC-17207,2026-05-25 20:17:04.291966,27,Chat,953,N,True
INC-17208,2026-04-24 17:08:04.291966,1,Chat,831,No,True
INC-17209,2026-04-23 00:34:04.291966,27,Voice,394,No,True
INC-17210,2026-07-15 09:47:04.291966,16,Chat,863,No,True
INC-17211,2026-04-08 05:25:04.291966,38,Chat,736,N,True
INC-17212,2026-03-30 00:42:04.291966,7,Chat,911,No,True
INC-17213,2026-07-07 03:29:04.291966,44,Chat,917,No,True
INC-17214,2026-05-15 14:38:04.291966,23,Chat,952,No,False
INC-17215,2026-05-13 19:58:04.291966,41,Chat,1253,No,True
INC-17216,2026-06-22 14:50:04.291966,11,Chat,873,No,True
INC-17217,2026-07-02 08:46:04.291966,42,Chat,1100,N,True
INC-17218,2026-03-21 05:32:04.291966,33,Voice,507,No,True
INC-17219,2026-05-18 22:08:04.291966,50,Voice,451,No,False
INC-17220,2026-08-21 13:53:04.291966,36,Voice,465,,True
INC-17221,2026-03-24 19:27:04.291966,37,Chat,888,No,True
INC-17222,2026-04-18 13:18:04.291966,41,Chat,955,No,True
INC-17223,2026-07-24 18:57:04.291966,17,Email,1212,No,True
INC-17224,2026-07-29 00:49:04.291966,35,Voice,304,No,True
INC-17225,2026-07-13 03:32:04.291966,48,Voice,558,No,True
INC-17226,2026-05-10 23:10:04.291966,5,Voice,587,No,False
INC-17227,2026-07-13 12:22:04.291966,48,Voice,569,No,True
INC-17228,2026-08-06 13:08:04.291966,32,Chat,930,No,True
INC-17229,2026-03-22 02:58:04.291966,3,Voice,572,N,True
INC-17230,2026-04-20 12:41:04.291966,47,Chat,1042,No,True
INC-17231,2026-04-25 17:53:04.291966,35,Chat,1057,No,True
INC-17232,2026-03-27 10:30:04.291966,14,Voice,376,No,True
INC-17233,2026-07-14 06:35:04.291966,48,Email,1170,No,True
INC-17234,2026-04-04 04:19:04.291966,31,Voice,433,No,True
INC-17235,2026-07-01 15:12:04.291966,31,Voice,477,No,True
INC-17236,2026-04-17 21:06:04.291966,17,Email,1427,No,True
INC-17237,2026-08-04 08:25:04.291966,24,Email,936,,True
INC-17238,2026-09-16 00:32:04.291966,23,Voice,686,No,True
INC-17239,2026-07-13 17:56:04.291966,18,Voice,447,No,True
INC-17240,2026-03-25 23:42:04.291966,50,Voice,500,No,True
INC-17241,2026-05-27 03:46:04.291966,14,Voice,629,No,True
INC-17242,2026-03-22 04:35:04.291966,50,Email,796,No,True
INC-17243,2026-04-25 06:08:04.291966,15,Chat,797,,True
INC-17244,2026-05-09 07:50:04.291966,15,Voice,433,No,True
INC-17245,2026-07-10 14:35:04.291966,6,Email,1399,,True
INC-17246,2026-08-12 08:23:04.291966,27,Voice,459,No,True
INC-17247,2026-04-19 13:46:04.291966,15,Voice,653,No,True
INC-17248,2026-03-24 01:07:04.291966,50,Email,1702,No,True
INC-17249,2026-03-30 05:08:04.291966,36,Email,1787,,True
INC-17250,2026-06-13 12:46:04.291966,8,Email,1514,No,False
INC-17251,2026-08-08 14:10:04.291966,15,Chat,620,Yes,True
INC-17252,2026-07-02 05:14:04.291966,3,Chat,484,No,False
INC-17253,2026-07-19 06:23:04.291966,47,Voice,296,No,False
INC-17254,2026-09-07 02:53:04.291966,13,Chat,971,No,True
INC-17255,2026-07-30 12:09:04.291966,41,Email,1509,No,True
INC-17256,2026-09-11 05:46:04.291966,34,Voice,454,No,True
INC-17257,2026-03-26 15:46:04.291966,24,Chat,826,No,True
INC-17258,2026-07-18 12:48:04.291966,40,Voice,721,Yes,True
INC-17259,2026-08-07 00:57:04.291966,32,Voice,381,No,True
INC-17260,2026-09-09 05:14:04.291966,32,Chat,1085,No,True
INC-17261,2026-04-14 20:41:04.291966,30,Voice,480,No,True
INC-17262,2026-07-06 02:46:04.291966,49,Chat,887,No,True
INC-17263,2026-04-11 13:56:04.291966,13,Voice,621,No,True
INC-17264,2026-07-07 17:36:04.291966,1,Email,1938,No,False
INC-17265,2026-06-23 01:41:04.291966,34,Voice,451,No,True
INC-17266,2026-04-02 18:44:04.291966,15,Voice,575,No,True
INC-17267,2026-07-21 07:52:04.291966,44,Voice,523,No,True
INC-17268,2026-06-25 05:40:04.291966,14,Email,1502,No,True
INC-17269,2026-06-29 21:11:04.291966,29,Chat,940,No,False
INC-17270,2026-06-27 16:54:04.291966,34,Chat,762,No,True
INC-17271,2026-07-30 14:31:04.291966,18,Voice,443,No,True
INC-17272,2026-06-24 12:45:04.291966,7,Voice,410,No,True
INC-17273,2026-05-02 21:43:04.291966,29,Voice,588,No,True
INC-17274,2026-08-06 18:19:04.291966,31,Chat,880,No,True
INC-17275,2026-08-13 01:06:04.291966,25,Voice,324,No,False
INC-17276,2026-05-05 07:33:04.291966,38,Email,1282,No,True
INC-17277,2026-06-16 09:50:04.291966,14,Chat,260,No,True
INC-17278,2026-04-26 06:32:04.291966,8,Voice,420,No,True
INC-17279,2026-07-29 22:24:04.291966,27,Voice,484,No,False
INC-17280,2026-05-04 15:53:04.291966,2,Chat,872,No,True
INC-17281,2026-08-11 07:19:04.291966,17,Voice,717,N,True
INC-17282,2026-06-07 01:53:04.291966,37,Voice,548,No,True
INC-17283,2026-07-20 20:13:04.291966,14,Voice,543,No,False
INC-17284,2026-08-08 00:06:04.291966,25,Chat,571,No,True
INC-17285,2026-07-21 03:37:04.291966,30,Chat,827,No,True
INC-17286,2026-08-08 13:05:04.291966,29,Voice,421,Yes,True
INC-17287,2026-05-04 07:24:04.291966,20,Voice,385,No,True
INC-17288,2026-08-14 03:50:04.291966,21,Voice,384,,True
INC-17289,2026-04-10 16:01:04.291966,22,Chat,538,Y,True
INC-17290,2026-05-10 04:17:04.291966,35,Voice,326,No,True
INC-17291,2026-07-27 10:18:04.291966,37,Voice,584,Y,False
INC-17292,2026-05-06 02:18:04.291966,16,Email,1457,No,False
INC-17293,2026-07-31 10:21:04.291966,50,Email,1348,No,True
INC-17294,2026-05-23 14:45:04.291966,49,Email,1498,No,False
INC-17295,2026-08-30 06:04:04.291966,43,Email,1850,No,True
INC-17296,2026-03-28 04:39:04.291966,17,Voice,480,No,True
INC-17297,2026-09-15 17:53:04.291966,16,Voice,544,No,True
INC-17298,2026-03-31 23:35:04.291966,2,Voice,378,No,True
INC-17299,2026-06-03 18:51:04.291966,4,Voice,405,No,False
INC-17300,2026-08-16 07:50:04.291966,21,Email,1606,No,False
INC-17301,2026-05-03 15:54:04.291966,39,Chat,1278,No,True
INC-17302,2026-05-14 15:04:04.291966,34,Chat,1185,No,True
INC-17303,2026-07-21 02:17:04.291966,30,Voice,549,No,True
INC-17304,2026-05-02 21:04:04.291966,6,Email,1545,No,False
INC-17305,2026-06-20 05:57:04.291966,17,Email,1920,No,True
INC-17306,2026-05-17 17:33:04.291966,39,Voice,575,No,True
INC-17307,2026-08-16 12:29:04.291966,25,Email,811,No,True
INC-17308,2026-07-15 03:50:04.291966,5,Voice,353,,False
INC-17309,2026-07-08 01:58:04.291966,5,Voice,520,No,True
INC-17310,2026-08-26 06:54:04.291966,20,Chat,542,No,True
INC-17311,2026-08-15 02:36:04.291966,16,Chat,720,No,True
INC-17312,2026-05-22 23:38:04.291966,41,Voice,396,No,True
INC-17313,2026-08-17 23:48:04.291966,37,Voice,449,No,True
INC-17314,2026-04-09 18:03:04.291966,40,Email,1413,No,True
INC-17315,2026-04-02 23:21:04.291966,9,Chat,842,No,True
INC-17316,2026-08-20 06:57:04.291966,5,Chat,1065,No,True
INC-17317,2026-08-19 12:34:04.291966,42,Voice,448,Yes,True
INC-17318,2026-03-22 08:34:04.291966,2,Voice,433,Yes,True
INC-17319,2026-03-26 21:55:04.291966,9,Voice,318,No,True
INC-17320,2026-08-18 11:04:04.291966,43,Voice,602,No,True
INC-17321,2026-08-31 03:26:04.291966,36,Voice,399,N,True
INC-17322,2026-04-05 03:42:04.291966,22,Voice,349,No,True
INC-17323,2026-08-23 00:09:04.291966,22,Chat,942,No,True
INC-17324,2026-06-25 22:20:04.291966,22,Voice,387,No,True
INC-17325,2026-06-07 20:18:04.291966,34,Email,1342,No,True
INC-17326,2026-08-20 04:39:04.291966,29,Voice,511,No,True
INC-17327,2026-06-07 02:07:04.291966,38,Voice,440,No,True
INC-17328,2026-05-09 18:35:04.291966,46,Voice,757,No,True
INC-17329,2026-07-25 06:08:04.291966,33,Voice,471,No,True
INC-17330,2026-06-23 11:11:04.291966,18,Voice,554,No,False
INC-17331,2026-09-01 07:20:04.291966,7,Email,917,No,True
INC-17332,2026-04-09 17:40:04.291966,1,Chat,727,No,True
INC-17333,2026-08-24 02:29:04.291966,33,Voice,349,N,True
INC-17334,2026-04-02 14:34:04.291966,1,Voice,365,Yes,True
INC-17335,2026-08-24 14:36:04.291966,24,Chat,983,No,False
INC-17336,2026-08-08 22:39:04.291966,4,Chat,1107,,True
INC-17337,2026-07-30 16:21:04.291966,4,Voice,521,No,True
INC-17338,2026-03-20 20:17:04.291966,18,Chat,854,No,True
INC-17339,2026-06-05 05:38:04.291966,27,Email,1310,No,False
INC-17340,2026-04-16 23:15:04.291966,43,Chat,1122,,True
INC-17341,2026-05-03 15:47:04.291966,32,Email,2121,Yes,True
INC-17342,2026-07-17 15:04:04.291966,33,Email,1540,No,True
INC-17343,2026-08-08 19:17:04.291966,28,Email,1781,N,True
INC-17344,2026-06-14 16:28:04.291966,42,Voice,521,Yes,True
INC-17345,2026-05-03 16:49:04.291966,41,Chat,1051,No,True
INC-17346,2026-07-19 14:01:04.291966,36,Chat,667,,True
INC-17347,2026-05-07 04:07:04.291966,6,Chat,802,No,True
INC-17348,2026-09-01 13:31:04.291966,16,Email,1618,No,True
INC-17349,2026-06-25 11:28:04.291966,34,Voice,625,Y,True
INC-17350,2026-06-18 18:23:04.291966,23,Voice,381,No,False
INC-17351,2026-08-20 08:19:04.291966,50,Voice,236,No,True
INC-17352,2026-08-12 10:28:04.291966,42,Voice,420,No,True
INC-17353,2026-04-22 15:54:04.291966,24,Voice,601,Yes,False
INC-17354,2026-07-27 06:06:04.291966,49,Chat,583,No,True
INC-17355,2026-08-25 22:55:04.291966,13,Voice,338,Yes,True
INC-17356,2026-07-15 13:34:04.291966,18,Chat,931,No,True
INC-17357,2026-05-13 20:36:04.291966,13,Chat,876,Yes,False
INC-17358,2026-06-05 08:08:04.291966,49,Voice,551,No,True
INC-17359,2026-06-04 18:02:04.291966,37,Voice,332,No,True
INC-17360,2026-07-28 17:22:04.291966,43,Chat,835,Y,True
INC-17361,2026-05-31 02:51:04.291966,39,Chat,1139,No,True
INC-17362,2026-04-15 18:57:04.291966,42,Email,1142,No,True
INC-17363,2026-08-20 02:57:04.291966,17,Email,1943,No,True
INC-17364,2026-03-20 07:15:04.291966,15,Email,1179,No,True
INC-17365,2026-07-11 09:35:04.291966,18,Chat,1069,No,True
INC-17366,2026-03-22 20:53:04.291966,23,Email,1388,No,True
INC-17367,2026-07-05 19:33:04.291966,30,Email,1156,No,True
INC-17368,2026-07-14 13:25:04.291966,34,Email,1350,Yes,True
INC-17369,2026-06-18 14:05:04.291966,4,Voice,545,No,False
INC-17370,2026-06-27 01:26:04.291966,3,Email,1497,No,True
INC-17371,2026-06-03 20:34:04.291966,7,Voice,614,No,True
INC-17372,2026-07-01 14:39:04.291966,18,Chat,1187,No,True
INC-17373,2026-09-02 18:28:04.291966,42,Voice,338,No,True
INC-17374,2026-06-21 16:40:04.291966,7,Voice,329,No,False
INC-17375,2026-04-22 07:03:04.291966,40,Voice,323,No,True
INC-17376,2026-06-18 16:01:04.291966,6,Voice,372,No,True
INC-17377,2026-04-23 21:27:04.291966,22,Voice,612,No,True
INC-17378,2026-03-25 11:35:04.291966,1,Email,1668,No,True
INC-17379,2026-04-15 16:11:04.291966,4,Voice,414,Yes,False
INC-17380,2026-08-10 03:37:04.291966,46,Voice,478,No,True
INC-17381,2026-05-02 17:50:04.291966,49,Voice,648,No,True
INC-17382,2026-06-23 05:56:04.291966,50,Chat,1281,No,True
INC-17383,2026-03-23 05:03:04.291966,43,Voice,511,No,True
INC-17384,2026-09-03 07:32:04.291966,29,Voice,160,No,True
INC-17385,2026-08-21 02:47:04.291966,21,Voice,515,No,True
INC-17386,2026-08-22 00:00:04.291966,26,Chat,1086,No,True
INC-17387,2026-06-28 22:25:04.291966,14,Voice,506,No,True
INC-17388,2026-05-23 01:56:04.291966,9,Voice,567,No,True
INC-17389,2026-08-01 14:00:04.291966,47,Voice,522,No,False
INC-17390,2026-06-02 02:25:04.291966,12,Email,1129,No,True
INC-17391,2026-05-09 22:49:04.291966,42,Voice,373,No,True
INC-17392,2026-05-06 20:39:04.291966,6,Chat,835,No,True
INC-17393,2026-07-17 09:48:04.291966,20,Voice,607,No,False
INC-17394,2026-09-16 02:31:04.291966,24,Voice,388,,False
INC-17395,2026-07-10 07:43:04.291966,27,Voice,534,No,True
INC-17396,2026-07-02 03:28:04.291966,38,Voice,516,N,True
INC-17397,2026-04-08 09:20:04.291966,8,Voice,670,No,True
INC-17398,2026-05-28 00:17:04.291966,1,Voice,474,No,True
INC-17399,2026-05-30 11:57:04.291966,49,Voice,269,No,True
INC-17400,2026-04-28 04:44:04.291966,49,Chat,1029,No,True
INC-17401,2026-06-10 20:44:04.291966,24,Email,2141,Yes,False
INC-17402,2026-09-10 22:10:04.291966,47,Voice,565,No,True
INC-17403,2026-07-24 08:57:04.291966,7,Chat,742,No,True
INC-17404,2026-04-11 01:45:04.291966,19,Email,1175,No,True
INC-17405,2026-06-12 03:12:04.291966,22,Email,1214,No,True
INC-17406,2026-06-16 08:44:04.291966,35,Voice,720,No,True
INC-17407,2026-05-30 06:08:04.291966,30,Chat,834,No,True
INC-17408,2026-06-29 20:31:04.291966,29,Voice,400,N,True
INC-17409,2026-06-25 18:19:04.291966,22,Chat,868,No,True
INC-17410,2026-05-09 06:15:04.291966,11,Voice,441,No,True
INC-17411,2026-03-22 00:26:04.291966,20,Voice,668,No,False
INC-17412,2026-08-13 15:33:04.291966,29,Voice,358,No,True
INC-17413,2026-08-09 12:08:04.291966,41,Voice,621,No,True
INC-17414,2026-03-30 01:09:04.291966,42,Chat,924,No,True
INC-17415,2026-03-31 07:52:04.291966,34,Voice,624,,True
INC-17416,2026-04-05 00:51:04.291966,1,Chat,1216,No,True
INC-17417,2026-07-17 09:49:04.291966,31,Voice,490,No,True
INC-17418,2026-05-27 01:35:04.291966,30,Voice,442,No,True
INC-17419,2026-08-25 18:32:04.291966,48,Chat,913,Yes,True
INC-17420,2026-06-14 06:20:04.291966,18,Email,1471,No,True
INC-17421,2026-05-01 07:48:04.291966,17,Voice,281,No,True
INC-17422,2026-04-29 02:34:04.291966,38,Voice,666,No,True
INC-17423,2026-04-10 10:27:04.291966,14,Email,1573,No,True
INC-17424,2026-05-11 04:46:04.291966,23,Voice,340,No,False
INC-17425,2026-09-03 21:11:04.291966,25,Email,879,N,True
INC-17426,2026-06-13 01:27:04.291966,15,Chat,434,No,True
INC-17427,2026-03-27 06:36:04.291966,46,Voice,572,No,True
INC-17428,2026-05-10 21:53:04.291966,22,Voice,405,No,True
INC-17429,2026-04-30 10:55:04.291966,3,Voice,425,No,True
INC-17430,2026-03-27 00:21:04.291966,19,Voice,538,,True
INC-17431,2026-05-08 18:00:04.291966,44,Email,1345,No,True
INC-17432,2026-05-21 04:58:04.291966,34,Chat,1009,N,True
INC-17433,2026-05-10 14:46:04.291966,35,Chat,919,No,False
INC-17434,2026-08-02 05:31:04.291966,50,Chat,883,No,True
INC-17435,2026-09-13 03:12:04.291966,1,Voice,291,No,True
INC-17436,2026-07-16 10:37:04.291966,21,Chat,736,Y,True
INC-17437,2026-05-11 06:12:04.291966,29,Voice,552,Yes,True
INC-17438,2026-04-25 14:35:04.291966,6,Chat,763,,True
INC-17439,2026-05-05 15:56:04.291966,37,Voice,624,No,False
INC-17440,2026-04-21 04:11:04.291966,1,Chat,1369,No,True
INC-17441,2026-07-31 19:45:04.291966,1,Email,1696,No,True
INC-17442,2026-04-27 07:13:04.291966,27,Voice,659,No,True
INC-17443,2026-07-06 19:45:04.291966,21,Voice,566,Yes,False
INC-17444,2026-06-06 14:39:04.291966,16,Chat,793,No,True
INC-17445,2026-06-06 01:46:04.291966,44,Voice,504,No,True
INC-17446,2026-07-12 18:08:04.291966,40,Chat,1302,No,True
INC-17447,2026-08-18 03:03:04.291966,26,Email,1342,No,True
INC-17448,2026-08-05 21:33:04.291966,16,Voice,355,Yes,True
INC-17449,2026-08-21 23:19:04.291966,28,Voice,343,No,True
INC-17450,2026-05-25 23:14:04.291966,1,Chat,856,No,True
INC-17451,2026-06-08 10:36:04.291966,36,Voice,359,No,False
INC-17452,2026-06-03 16:28:04.291966,10,Voice,680,No,True
INC-17453,2026-04-05 01:28:04.291966,43,Email,1564,No,True
INC-17454,2026-06-16 00:06:04.291966,17,Chat,1094,No,True
INC-17455,2026-05-26 04:46:04.291966,23,Voice,444,Yes,True
INC-17456,2026-07-27 11:32:04.291966,7,Voice,343,No,True
INC-17457,2026-09-03 03:21:04.291966,44,Chat,638,No,True
INC-17458,2026-09-08 14:43:04.291966,7,Chat,718,No,True
INC-17459,2026-09-02 01:35:04.291966,44,Email,1604,No,False
INC-17460,2026-05-27 11:56:04.291966,15,Voice,542,Yes,False
INC-17461,2026-04-27 19:41:04.291966,34,Email,1680,No,True
INC-17462,2026-05-21 09:58:04.291966,46,Chat,602,Y,True
INC-17463,2026-04-21 17:19:04.291966,45,Chat,899,No,False
INC-17464,2026-06-09 23:17:04.291966,4,Chat,694,No,True
INC-17465,2026-06-14 15:44:04.291966,14,Voice,528,No,True
INC-17466,2026-06-08 21:10:04.291966,14,Email,1643,No,True
INC-17467,2026-07-18 13:45:04.291966,16,Voice,339,No,False
INC-17468,2026-03-22 20:13:04.291966,7,Voice,596,No,True
INC-17469,2026-06-21 21:27:04.291966,32,Email,2201,No,True
INC-17470,2026-08-31 09:13:04.291966,19,Chat,1066,No,True
INC-17471,2026-04-21 12:36:04.291966,2,Email,1451,,True
INC-17472,2026-08-27 10:32:04.291966,10,Chat,836,N,True
INC-17473,2026-07-01 06:22:04.291966,50,Voice,454,No,True
INC-17474,2026-07-27 17:21:04.291966,17,Email,1271,No,False
INC-17475,2026-04-17 07:51:04.291966,37,Voice,510,No,False
INC-17476,2026-08-01 12:06:04.291966,12,Email,1158,No,False
INC-17477,2026-05-12 19:35:04.291966,6,Voice,253,No,True
INC-17478,2026-06-25 04:27:04.291966,22,Email,1565,No,True
INC-17479,2026-06-20 09:27:04.291966,32,Voice,482,No,True
INC-17480,2026-07-30 01:16:04.291966,41,Chat,785,Yes,False
INC-17481,2026-03-28 18:21:04.291966,20,Email,1115,No,True
INC-17482,2026-06-28 18:51:04.291966,1,Voice,514,Yes,True
INC-17483,2026-08-11 19:25:04.291966,47,Chat,701,N,True
INC-17484,2026-07-17 06:36:04.291966,6,Email,1458,N,True
INC-17485,2026-04-22 19:09:04.291966,19,Chat,1252,No,True
INC-17486,2026-04-04 08:55:04.291966,18,Email,1695,No,True
INC-17487,2026-07-16 04:08:04.291966,6,Voice,315,No,True
INC-17488,2026-05-03 13:15:04.291966,45,Voice,327,No,True
INC-17489,2026-04-06 19:28:04.291966,33,Voice,498,N,True
INC-17490,2026-04-20 18:10:04.291966,23,Voice,314,No,True
INC-17491,2026-06-03 11:35:04.291966,23,Voice,239,No,True
INC-17492,2026-05-28 23:57:04.291966,26,Chat,1006,No,False
INC-17493,2026-08-30 15:10:04.291966,13,Voice,518,No,True
INC-17494,2026-06-20 16:42:04.291966,7,Voice,534,No,True
INC-17495,2026-07-11 02:40:04.291966,15,Voice,511,,True
INC-17496,2026-07-22 16:20:04.291966,44,Email,1480,No,True
INC-17497,2026-04-04 22:39:04.291966,27,Chat,767,No,True
INC-17498,2026-07-19 02:35:04.291966,26,Voice,541,,False
INC-17499,2026-06-14 19:45:04.291966,33,Email,1958,No,True
INC-17500,2026-09-05 23:28:04.291966,15,Voice,419,Y,True
INC-17501,2026-04-18 19:50:04.291966,36,Email,1193,Yes,True
INC-17502,2026-07-15 21:25:04.291966,45,Chat,672,,False
INC-17503,2026-03-20 09:04:04.291966,27,Voice,375,No,True
INC-17504,2026-03-28 21:10:04.291966,5,Chat,940,,True
INC-17505,2026-07-15 19:13:04.291966,2,Chat,472,No,False
INC-17506,2026-09-10 13:57:04.291966,33,Voice,532,No,True
INC-17507,2026-05-23 05:56:04.291966,16,Email,1693,No,True
INC-17508,2026-08-24 09:37:04.291966,23,Voice,264,No,True
INC-17509,2026-03-23 05:33:04.291966,38,Voice,362,No,True
INC-17510,2026-03-28 12:08:04.291966,16,Voice,489,,True
INC-17511,2026-08-31 05:21:04.291966,14,Voice,462,No,True
INC-17512,2026-04-01 22:58:04.291966,29,Voice,542,No,True
INC-17513,2026-09-14 04:13:04.291966,26,Email,1457,No,True
INC-17514,2026-03-29 10:27:04.291966,35,Voice,631,No,True
INC-17515,2026-08-17 00:17:04.291966,15,Voice,441,No,True
INC-17516,2026-03-25 02:27:04.291966,3,Chat,703,,False
INC-17517,2026-08-18 00:12:04.291966,23,Email,1180,No,True
INC-17518,2026-03-29 18:43:04.291966,29,Email,1720,No,True
INC-17519,2026-05-06 11:55:04.291966,34,Chat,905,No,True
INC-17520,2026-05-26 14:54:04.291966,33,Email,1690,No,True
INC-17521,2026-07-09 23:14:04.291966,41,Chat,1022,No,False
INC-17522,2026-04-04 14:15:04.291966,41,Email,894,No,True
INC-17523,2026-06-28 01:22:04.291966,23,Chat,671,Yes,True
INC-17524,2026-08-18 22:47:04.291966,7,Voice,357,No,True
INC-17525,2026-07-30 18:13:04.291966,3,Voice,382,N,True
INC-17526,2026-08-30 11:48:04.291966,32,Chat,815,No,True
INC-17527,2026-03-20 15:28:04.291966,31,Voice,599,Yes,True
INC-17528,2026-07-22 01:38:04.291966,18,Voice,623,No,True
INC-17529,2026-07-27 23:51:04.291966,43,Chat,841,No,True
INC-17530,2026-05-30 07:18:04.291966,7,Email,1424,No,True
INC-17531,2026-04-18 07:01:04.291966,41,Voice,395,No,True
INC-17532,2026-07-30 23:21:04.291966,1,Chat,917,,True
INC-17533,2026-05-19 02:13:04.291966,14,Chat,940,N,True
INC-17534,2026-07-28 04:24:04.291966,32,Email,1741,No,True
INC-17535,2026-06-18 13:36:04.291966,6,Email,1739,No,True
INC-17536,2026-07-16 06:15:04.291966,39,Chat,439,No,True
INC-17537,2026-07-09 02:03:04.291966,10,Chat,869,N,True
INC-17538,2026-06-07 04:24:04.291966,7,Voice,646,No,False
INC-17539,2026-03-31 21:08:04.291966,26,Chat,812,No,True
INC-17540,2026-07-06 12:31:04.291966,34,Chat,1127,No,True
INC-17541,2026-08-02 07:38:04.291966,30,Email,1408,No,True
INC-17542,2026-04-23 20:56:04.291966,36,Chat,934,No,True
INC-17543,2026-07-21 05:24:04.291966,21,Voice,343,No,False
INC-17544,2026-04-30 11:30:04.291966,17,Chat,680,No,True
INC-17545,2026-06-03 03:50:04.291966,33,Voice,567,No,True
INC-17546,2026-03-29 16:11:04.291966,10,Voice,585,Yes,True
INC-17547,2026-03-31 12:08:04.291966,47,Voice,483,No,True
INC-17548,2026-09-15 05:53:04.291966,42,Voice,332,Y,True
INC-17549,2026-03-31 06:07:04.291966,12,Email,1513,No,True
INC-17550,2026-03-22 04:14:04.291966,16,Voice,630,No,False
INC-17551,2026-08-22 15:32:04.291966,41,Voice,689,No,True
INC-17552,2026-04-08 10:10:04.291966,32,Email,1404,N,True
INC-17553,2026-09-14 17:01:04.291966,15,Voice,280,No,True
INC-17554,2026-04-03 08:51:04.291966,27,Voice,580,Y,True
INC-17555,2026-06-17 10:01:04.291966,28,Voice,446,No,True
INC-17556,2026-06-25 14:15:04.291966,17,Voice,593,No,True
INC-17557,2026-06-21 12:49:04.291966,46,Voice,513,,True
INC-17558,2026-04-13 21:36:04.291966,50,Voice,373,No,True
INC-17559,2026-06-22 07:08:04.291966,2,Chat,911,Yes,True
INC-17560,2026-07-22 02:26:04.291966,36,Voice,637,No,False
INC-17561,2026-04-11 17:57:04.291966,50,Voice,462,Yes,True
INC-17562,2026-05-12 22:57:04.291966,7,Email,1189,No,True
INC-17563,2026-04-12 19:56:04.291966,13,Voice,289,Yes,True
INC-17564,2026-06-26 07:01:04.291966,15,Email,1268,No,True
INC-17565,2026-06-20 10:01:04.291966,25,Voice,430,Yes,True
INC-17566,2026-09-05 16:19:04.291966,23,Voice,578,No,True
INC-17567,2026-07-07 05:26:04.291966,22,Chat,675,N,True
INC-17568,2026-04-24 18:53:04.291966,26,Voice,666,No,True
INC-17569,2026-05-11 08:13:04.291966,33,Voice,319,N,True
INC-17570,2026-05-26 14:00:04.291966,11,Chat,1366,No,True
INC-17571,2026-05-28 14:29:04.291966,10,Voice,687,No,True
INC-17572,2026-06-27 22:53:04.291966,25,Chat,928,No,True
INC-17573,2026-08-30 17:02:04.291966,37,Email,1005,No,True
INC-17574,2026-03-29 02:00:04.291966,48,Voice,473,No,True
INC-17575,2026-04-22 17:09:04.291966,43,Chat,822,Yes,True
INC-17576,2026-06-21 09:26:04.291966,38,Chat,645,No,True
INC-17577,2026-09-13 06:29:04.291966,41,Email,1587,No,True
INC-17578,2026-07-31 19:44:04.291966,45,Email,1252,No,True
INC-17579,2026-06-21 04:00:04.291966,24,Email,1285,No,True
INC-17580,2026-06-26 13:18:04.291966,40,Voice,455,No,True
INC-17581,2026-05-06 11:18:04.291966,46,Chat,785,No,True
INC-17582,2026-08-12 01:26:04.291966,33,Voice,729,Yes,True
INC-17583,2026-08-11 23:43:04.291966,17,Voice,415,,True
INC-17584,2026-04-18 20:36:04.291966,24,Email,1632,Y,False
INC-17585,2026-06-29 13:09:04.291966,37,Voice,497,Yes,False
INC-17586,2026-08-14 19:01:04.291966,2,Email,1605,No,True
INC-17587,2026-07-22 19:32:04.291966,32,Voice,531,No,True
INC-17588,2026-08-21 02:17:04.291966,24,Email,1764,No,True
INC-17589,2026-04-12 18:35:04.291966,9,Voice,511,N,True
INC-17590,2026-05-08 13:38:04.291966,4,Voice,506,No,True
INC-17591,2026-07-03 23:09:04.291966,17,Voice,487,No,True
INC-17592,2026-04-04 08:59:04.291966,17,Chat,872,Yes,True
INC-17593,2026-09-14 00:01:04.291966,50,Voice,370,No,True
INC-17594,2026-04-16 11:32:04.291966,48,Chat,887,No,True
INC-17595,2026-09-06 15:54:04.291966,30,Voice,508,No,True
INC-17596,2026-05-15 10:02:04.291966,40,Voice,528,No,True
INC-17597,2026-06-13 07:29:04.291966,11,Voice,501,No,True
INC-17598,2026-09-05 21:30:04.291966,21,Voice,452,No,True
INC-17599,2026-05-03 07:00:04.291966,21,Email,1482,No,True
INC-17600,2026-07-19 01:15:04.291966,18,Email,1333,No,True
INC-17601,2026-06-10 22:18:04.291966,29,Voice,517,No,True
INC-17602,2026-04-21 13:58:04.291966,24,Chat,855,No,False
INC-17603,2026-08-05 19:18:04.291966,10,Chat,936,No,True
INC-17604,2026-07-14 21:50:04.291966,45,Voice,600,No,True
INC-17605,2026-07-28 19:14:04.291966,17,Voice,394,No,True
INC-17606,2026-04-08 10:52:04.291966,18,Chat,1019,No,True
INC-17607,2026-07-26 04:32:04.291966,42,Voice,483,No,False
INC-17608,2026-06-24 19:35:04.291966,48,Voice,722,No,True
INC-17609,2026-05-30 05:18:04.291966,20,Voice,454,No,True
INC-17610,2026-05-22 20:42:04.291966,37,Chat,1039,No,True
INC-17611,2026-06-24 13:43:04.291966,45,Voice,481,No,True
INC-17612,2026-08-21 22:14:04.291966,18,Voice,313,Yes,False
INC-17613,2026-09-12 08:11:04.291966,17,Voice,417,No,True
INC-17614,2026-09-16 13:22:04.291966,9,Voice,585,Yes,True
INC-17615,2026-07-27 19:11:04.291966,14,Voice,428,No,True
INC-17616,2026-09-06 21:23:04.291966,49,Email,833,No,True
INC-17617,2026-07-06 14:05:04.291966,29,Voice,476,No,True
INC-17618,2026-03-25 09:48:04.291966,31,Chat,681,No,True
INC-17619,2026-08-05 05:19:04.291966,4,Voice,495,No,True
INC-17620,2026-04-25 06:03:04.291966,18,Chat,1210,No,True
INC-17621,2026-06-10 10:32:04.291966,20,Chat,1053,Yes,True
INC-17622,2026-04-23 06:46:04.291966,47,Voice,664,No,True
INC-17623,2026-08-05 10:21:04.291966,43,Email,1331,No,True
INC-17624,2026-09-02 15:57:04.291966,44,Voice,462,No,True
INC-17625,2026-09-03 12:55:04.291966,9,Email,1186,No,True
INC-17626,2026-04-18 14:52:04.291966,13,Voice,397,No,False
INC-17627,2026-05-18 17:20:04.291966,15,Email,1221,No,True
INC-17628,2026-06-06 17:37:04.291966,27,Chat,638,No,False
INC-17629,2026-08-03 02:57:04.291966,15,Email,1909,No,False
INC-17630,2026-03-25 22:12:04.291966,28,Chat,481,No,False
INC-17631,2026-06-03 17:21:04.291966,37,Voice,644,No,True
INC-17632,2026-04-03 10:27:04.291966,19,Chat,1149,Y,True
INC-17633,2026-04-03 06:27:04.291966,26,Email,1649,,False
INC-17634,2026-05-02 08:11:04.291966,26,Email,1165,No,True
INC-17635,2026-05-29 11:33:04.291966,25,Voice,290,No,True
INC-17636,2026-09-14 05:42:04.291966,26,Chat,790,No,True
INC-17637,2026-04-11 23:03:04.291966,26,Voice,555,No,True
INC-17638,2026-07-18 19:20:04.291966,46,Chat,900,No,False
INC-17639,2026-05-26 10:35:04.291966,28,Voice,354,No,True
INC-17640,2026-08-08 06:13:04.291966,49,Voice,617,No,True
INC-17641,2026-04-23 22:55:04.291966,18,Email,2005,Yes,True
INC-17642,2026-03-30 19:04:04.291966,32,Voice,452,No,True
INC-17643,2026-06-20 13:50:04.291966,3,Chat,921,No,True
INC-17644,2026-07-04 08:15:04.291966,2,Chat,598,No,False
INC-17645,2026-07-23 12:52:04.291966,33,Voice,430,No,False
INC-17646,2026-06-09 10:13:04.291966,42,Voice,541,,True
INC-17647,2026-08-04 23:04:04.291966,19,Chat,970,Yes,True
INC-17648,2026-04-17 00:51:04.291966,17,Voice,419,No,True
INC-17649,2026-07-04 12:10:04.291966,44,Email,1417,No,True
INC-17650,2026-06-02 04:03:04.291966,33,Email,1365,No,True
INC-17651,2026-05-21 15:58:04.291966,12,Voice,446,No,True
INC-17652,2026-03-20 16:02:04.291966,49,Voice,530,Yes,True
INC-17653,2026-05-15 03:51:04.291966,3,Voice,243,No,True
INC-17654,2026-03-24 21:15:04.291966,43,Chat,885,,True
INC-17655,2026-06-05 00:16:04.291966,49,Voice,521,N,True
INC-17656,2026-08-02 00:13:04.291966,26,Voice,411,No,True
INC-17657,2026-06-14 12:11:04.291966,35,Chat,804,Y,True
INC-17658,2026-06-10 16:35:04.291966,8,Email,1364,Yes,True
INC-17659,2026-04-11 00:20:04.291966,36,Voice,422,No,True
INC-17660,2026-08-18 07:49:04.291966,7,Voice,480,No,False
INC-17661,2026-09-15 11:12:04.291966,46,Email,1538,No,True
INC-17662,2026-06-06 03:20:04.291966,46,Chat,479,No,False
INC-17663,2026-06-29 17:44:04.291966,36,Chat,1030,Y,True
INC-17664,2026-05-30 18:55:04.291966,16,Chat,842,No,True
INC-17665,2026-08-18 11:45:04.291966,24,Email,2079,,True
INC-17666,2026-07-14 08:52:04.291966,1,Chat,661,No,False
INC-17667,2026-06-28 08:07:04.291966,49,Email,1239,No,True
INC-17668,2026-04-08 06:07:04.291966,25,Chat,859,No,True
INC-17669,2026-06-21 14:32:04.291966,10,Chat,982,N,False
INC-17670,2026-07-26 07:23:04.291966,16,Voice,245,No,True
INC-17671,2026-04-04 04:31:04.291966,16,Voice,380,No,True
INC-17672,2026-04-20 05:23:04.291966,8,Chat,1018,No,False
INC-17673,2026-06-14 20:58:04.291966,29,Voice,366,No,True
INC-17674,2026-05-18 23:29:04.291966,39,Chat,1174,No,True
INC-17675,2026-04-11 04:05:04.291966,28,Voice,425,Yes,True
INC-17676,2026-03-29 04:44:04.291966,6,Email,1230,No,True
INC-17677,2026-05-14 14:18:04.291966,16,Voice,553,No,True
INC-17678,2026-05-21 10:21:04.291966,20,Email,1982,No,True
INC-17679,2026-03-27 01:08:04.291966,16,Chat,983,No,True
INC-17680,2026-08-11 03:47:04.291966,7,Voice,631,N,True
INC-17681,2026-05-14 11:04:04.291966,41,Chat,1235,Yes,True
INC-17682,2026-04-15 02:48:04.291966,14,Voice,369,Yes,True
INC-17683,2026-05-27 03:25:04.291966,43,Voice,592,No,True
INC-17684,2026-04-17 07:16:04.291966,26,Voice,297,,True
INC-17685,2026-04-01 02:47:04.291966,26,Voice,530,Yes,True
INC-17686,2026-06-14 18:07:04.291966,14,Email,1478,No,True
INC-17687,2026-05-16 09:40:04.291966,7,Voice,629,N,True
INC-17688,2026-06-17 22:35:04.291966,33,Chat,1134,No,True
INC-17689,2026-06-24 10:09:04.291966,26,Voice,548,No,True
INC-17690,2026-09-03 23:00:04.291966,45,Chat,959,No,True
INC-17691,2026-07-04 04:21:04.291966,20,Voice,541,No,True
INC-17692,2026-06-02 22:23:04.291966,3,Chat,912,No,True
INC-17693,2026-04-09 07:51:04.291966,4,Chat,887,No,True
INC-17694,2026-07-10 22:59:04.291966,26,Chat,1188,No,False
INC-17695,2026-04-02 09:27:04.291966,11,Voice,667,No,True
INC-17696,2026-03-27 00:03:04.291966,2,Chat,871,No,True
INC-17697,2026-08-29 13:39:04.291966,14,Voice,508,No,False
INC-17698,2026-09-08 18:50:04.291966,44,Voice,489,No,True
INC-17699,2026-09-04 22:49:04.291966,30,Voice,286,No,True
INC-17700,2026-07-17 05:11:04.291966,49,Voice,439,Yes,True
INC-17701,2026-05-29 07:04:04.291966,12,Voice,671,No,True
INC-17702,2026-08-20 09:19:04.291966,26,Chat,750,No,True
INC-17703,2026-06-18 20:42:04.291966,44,Voice,733,N,True
INC-17704,2026-06-19 09:53:04.291966,33,Voice,620,No,True
INC-17705,2026-06-28 20:37:04.291966,13,Voice,528,No,True
INC-17706,2026-05-26 19:47:04.291966,14,Chat,1012,No,True
INC-17707,2026-05-28 01:42:04.291966,24,Chat,716,No,True
INC-17708,2026-04-16 22:58:04.291966,34,Voice,448,No,True
INC-17709,2026-07-02 21:21:04.291966,44,Chat,1188,No,True
INC-17710,2026-06-15 18:57:04.291966,26,Chat,777,No,False
INC-17711,2026-07-23 11:53:04.291966,21,Voice,607,N,True
INC-17712,2026-05-29 18:09:04.291966,28,Chat,624,No,False
INC-17713,2026-06-10 08:59:04.291966,48,Chat,660,No,True
INC-17714,2026-06-13 05:21:04.291966,36,Chat,1280,Yes,True
INC-17715,2026-08-27 12:59:04.291966,40,Voice,478,Yes,True
INC-17716,2026-06-05 16:47:04.291966,2,Voice,415,Yes,True
INC-17717,2026-04-18 23:04:04.291966,42,Voice,643,No,True
INC-17718,2026-08-19 23:44:04.291966,9,Chat,1149,No,False
INC-17719,2026-09-08 00:07:04.291966,23,Email,1776,No,True
INC-17720,2026-09-15 14:09:04.291966,15,Voice,411,No,True
INC-17721,2026-04-15 10:18:04.291966,13,Voice,445,No,True
INC-17722,2026-08-24 06:53:04.291966,23,Chat,962,Yes,True
INC-17723,2026-05-17 21:42:04.291966,17,Email,1708,No,True
INC-17724,2026-08-10 21:14:04.291966,48,Email,1347,No,True
INC-17725,2026-05-25 11:33:04.291966,2,Chat,934,No,True
INC-17726,2026-08-29 06:33:04.291966,20,Email,1580,No,True
INC-17727,2026-07-05 17:27:04.291966,20,Voice,634,No,True
INC-17728,2026-04-18 01:32:04.291966,46,Voice,570,No,True
INC-17729,2026-05-04 17:16:04.291966,3,Voice,299,N,True
INC-17730,2026-05-04 22:42:04.291966,12,Chat,857,No,True
INC-17731,2026-08-22 23:14:04.291966,40,Voice,368,No,True
INC-17732,2026-08-27 01:10:04.291966,2,Voice,548,No,True
INC-17733,2026-08-24 05:48:04.291966,36,Voice,590,No,True
INC-17734,2026-04-19 22:57:04.291966,14,Voice,492,Yes,True
INC-17735,2026-05-03 15:46:04.291966,16,Email,1419,No,True
INC-17736,2026-08-02 08:59:04.291966,19,Voice,488,Yes,False
INC-17737,2026-04-22 06:07:04.291966,34,Voice,505,No,True
INC-17738,2026-06-20 08:08:04.291966,44,Chat,771,No,True
INC-17739,2026-05-29 04:18:04.291966,46,Voice,333,No,True
INC-17740,2026-07-17 11:51:04.291966,6,Chat,489,Yes,True
INC-17741,2026-06-16 19:37:04.291966,13,Email,1880,No,True
INC-17742,2026-08-29 18:34:04.291966,36,Email,1648,N,True
INC-17743,2026-09-02 04:49:04.291966,22,Email,1608,Yes,False
INC-17744,2026-03-26 03:06:04.291966,18,Voice,631,No,True
INC-17745,2026-08-25 15:13:04.291966,12,Chat,648,No,True
INC-17746,2026-08-14 07:21:04.291966,30,Voice,271,No,True
INC-17747,2026-06-26 06:21:04.291966,40,Voice,526,No,True
INC-17748,2026-03-27 22:12:04.291966,7,Voice,515,No,True
INC-17749,2026-06-28 23:09:04.291966,32,Voice,272,No,True
INC-17750,2026-07-13 15:08:04.291966,48,Email,1607,,True
INC-17751,2026-05-04 11:10:04.291966,19,Voice,431,No,True
INC-17752,2026-04-03 19:17:04.291966,6,Chat,738,,True
INC-17753,2026-06-29 07:57:04.291966,20,Voice,439,No,True
INC-17754,2026-07-19 10:02:04.291966,27,Voice,187,N,True
INC-17755,2026-07-04 19:16:04.291966,43,Email,1322,No,True
INC-17756,2026-05-27 05:12:04.291966,37,Voice,395,N,True
INC-17757,2026-06-19 13:30:04.291966,48,Chat,1011,No,True
INC-17758,2026-09-06 02:17:04.291966,7,Voice,461,No,True
INC-17759,2026-08-17 01:15:04.291966,5,Voice,556,No,False
INC-17760,2026-07-04 04:11:04.291966,11,Voice,174,Yes,True
INC-17761,2026-06-17 06:12:04.291966,15,Email,1248,No,True
INC-17762,2026-04-08 19:37:04.291966,3,Voice,546,No,True
INC-17763,2026-04-15 05:18:04.291966,5,Voice,442,Yes,False
INC-17764,2026-05-30 14:31:04.291966,23,Voice,581,,True
INC-17765,2026-05-08 05:54:04.291966,37,Chat,539,No,True
INC-17766,2026-09-04 13:12:04.291966,9,Chat,1046,N,True
INC-17767,2026-03-29 00:20:04.291966,15,Chat,772,,True
INC-17768,2026-07-08 14:23:04.291966,3,Voice,391,No,True
INC-17769,2026-06-02 00:43:04.291966,29,Email,1797,No,True
INC-17770,2026-05-19 17:13:04.291966,6,Chat,1132,No,True
INC-17771,2026-08-03 22:06:04.291966,17,Email,1810,No,True
INC-17772,2026-06-10 08:25:04.291966,26,Email,2111,No,True
INC-17773,2026-06-01 05:04:04.291966,21,Chat,1153,No,True
INC-17774,2026-07-23 05:07:04.291966,8,Voice,384,No,True
INC-17775,2026-05-20 23:40:04.291966,21,Email,1542,No,False
INC-17776,2026-05-03 23:09:04.291966,11,Email,1391,No,True
INC-17777,2026-09-15 13:48:04.291966,38,Voice,723,Yes,True
INC-17778,2026-05-16 12:14:04.291966,8,Voice,612,Y,False
INC-17779,2026-09-10 02:11:04.291966,42,Email,1443,Yes,True
INC-17780,2026-07-26 15:19:04.291966,24,Voice,585,No,False
INC-17781,2026-07-09 13:46:04.291966,35,Email,1130,No,True
INC-17782,2026-06-06 02:44:04.291966,14,Voice,510,No,True
INC-17783,2026-04-19 08:36:04.291966,14,Voice,367,No,True
INC-17784,2026-06-27 03:53:04.291966,10,Voice,277,No,True
INC-17785,2026-06-28 06:47:04.291966,12,Voice,574,No,True
INC-17786,2026-05-18 04:52:04.291966,38,Voice,589,N,True
INC-17787,2026-03-25 23:30:04.291966,44,Voice,534,N,True
INC-17788,2026-05-10 21:12:04.291966,46,Chat,863,No,False
INC-17789,2026-06-17 01:37:04.291966,34,Email,1120,No,True
INC-17790,2026-06-19 20:01:04.291966,41,Voice,340,Yes,True
INC-17791,2026-05-22 08:56:04.291966,10,Chat,706,No,True
INC-17792,2026-06-26 21:59:04.291966,17,Chat,853,No,True
INC-17793,2026-04-13 19:21:04.291966,17,Chat,1115,No,True
INC-17794,2026-07-01 21:17:04.291966,3,Chat,1112,No,True
INC-17795,2026-08-04 08:02:04.291966,31,Voice,282,N,True
INC-17796,2026-04-27 01:35:04.291966,1,Voice,396,Yes,False
INC-17797,2026-05-20 13:36:04.291966,12,Voice,393,No,True
INC-17798,2026-03-21 08:20:04.291966,39,Voice,176,No,True
INC-17799,2026-05-03 14:22:04.291966,4,Chat,1013,No,True
INC-17800,2026-05-03 23:07:04.291966,42,Voice,450,N,True
INC-17801,2026-05-21 02:19:04.291966,13,Email,1466,N,True
INC-17802,2026-08-19 07:26:04.291966,34,Email,1903,No,False
INC-17803,2026-08-03 23:13:04.291966,42,Email,1526,No,True
INC-17804,2026-06-15 12:13:04.291966,21,Email,1370,No,True
INC-17805,2026-05-04 11:59:04.291966,22,Voice,548,No,False
INC-17806,2026-08-02 01:36:04.291966,4,Chat,1111,,True
INC-17807,2026-04-12 22:46:04.291966,18,Voice,515,Yes,True
INC-17808,2026-06-02 22:25:04.291966,5,Email,1706,No,True
INC-17809,2026-05-30 20:29:04.291966,19,Email,1456,Yes,True
INC-17810,2026-09-04 19:47:04.291966,2,Email,1475,No,True
INC-17811,2026-06-15 09:47:04.291966,12,Voice,493,No,True
INC-17812,2026-05-18 00:11:04.291966,17,Chat,749,No,False
INC-17813,2026-05-27 07:04:04.291966,10,Voice,411,No,True
INC-17814,2026-09-10 11:04:04.291966,34,Voice,645,No,False
INC-17815,2026-05-24 14:45:04.291966,6,Chat,1301,No,True
INC-17816,2026-03-22 19:40:04.291966,8,Voice,671,N,True
INC-17817,2026-04-06 22:30:04.291966,11,Email,1103,No,False
INC-17818,2026-07-30 10:10:04.291966,12,Voice,309,No,False
INC-17819,2026-07-29 16:05:04.291966,9,Email,1142,No,True
INC-17820,2026-05-23 06:29:04.291966,2,Voice,496,,True
INC-17821,2026-08-02 15:43:04.291966,8,Email,657,No,True
INC-17822,2026-06-18 23:57:04.291966,11,Email,1323,No,True
INC-17823,2026-04-26 07:01:04.291966,36,Email,1922,No,False
INC-17824,2026-07-19 20:28:04.291966,10,Voice,597,No,True
INC-17825,2026-08-21 14:55:04.291966,21,Email,1347,No,True
INC-17826,2026-06-25 12:53:04.291966,20,Voice,427,No,True
INC-17827,2026-04-11 09:25:04.291966,48,Voice,548,N,True
INC-17828,2026-03-20 08:45:04.291966,8,Voice,592,No,True
INC-17829,2026-06-17 21:53:04.291966,36,Email,1340,No,True
INC-17830,2026-07-27 08:15:04.291966,29,Voice,451,No,False
INC-17831,2026-04-01 08:20:04.291966,42,Email,1330,No,True
INC-17832,2026-09-09 03:34:04.291966,12,Chat,633,No,True
INC-17833,2026-09-01 21:44:04.291966,14,Voice,453,No,True
INC-17834,2026-04-27 11:03:04.291966,48,Email,1411,Yes,True
INC-17835,2026-07-04 19:05:04.291966,50,Voice,328,,True
INC-17836,2026-08-29 18:03:04.291966,21,Email,1693,No,True
INC-17837,2026-05-10 02:51:04.291966,22,Voice,537,No,False
INC-17838,2026-07-08 05:44:04.291966,21,Chat,1039,No,True
INC-17839,2026-08-31 11:20:04.291966,44,Voice,387,No,True
INC-17840,2026-07-27 23:38:04.291966,50,Voice,241,No,True
INC-17841,2026-07-24 10:32:04.291966,30,Voice,536,No,True
INC-17842,2026-05-12 01:02:04.291966,39,Voice,400,,True
INC-17843,2026-08-23 03:43:04.291966,20,Voice,373,No,True
INC-17844,2026-06-27 21:11:04.291966,24,Voice,329,No,True
INC-17845,2026-06-16 20:51:04.291966,23,Voice,446,Yes,True
INC-17846,2026-07-14 18:10:04.291966,7,Chat,1215,No,True
INC-17847,2026-07-31 20:44:04.291966,9,Chat,798,N,True
INC-17848,2026-08-14 21:46:04.291966,1,Email,1173,No,True
INC-17849,2026-03-31 06:53:04.291966,26,Chat,1030,No,True
INC-17850,2026-05-18 04:06:04.291966,38,Chat,934,N,True
INC-17851,2026-09-10 13:31:04.291966,38,Chat,476,No,True
INC-17852,2026-07-10 08:07:04.291966,44,Voice,559,No,True
INC-17853,2026-06-13 15:08:04.291966,22,Chat,1325,No,True
INC-17854,2026-07-07 02:47:04.291966,44,Voice,167,No,True
INC-17855,2026-07-30 15:39:04.291966,10,Email,1129,No,True
INC-17856,2026-06-08 17:02:04.291966,6,Chat,330,No,True
INC-17857,2026-04-22 00:19:04.291966,17,Voice,470,,True
INC-17858,2026-09-09 23:21:04.291966,50,Chat,1098,No,True
INC-17859,2026-04-05 22:22:04.291966,38,Voice,492,No,True
INC-17860,2026-09-05 01:48:04.291966,24,Voice,647,Yes,True
INC-17861,2026-07-31 06:03:04.291966,10,Voice,579,No,True
INC-17862,2026-08-24 22:29:04.291966,8,Chat,1240,No,True
INC-17863,2026-04-16 07:26:04.291966,21,Chat,1132,Yes,True
INC-17864,2026-06-17 06:45:04.291966,6,Email,1379,No,True
INC-17865,2026-04-22 13:58:04.291966,21,Voice,488,No,True
INC-17866,2026-04-20 01:15:04.291966,39,Chat,726,No,True
INC-17867,2026-04-05 13:43:04.291966,24,Chat,853,,True
INC-17868,2026-05-05 22:54:04.291966,33,Voice,487,No,True
INC-17869,2026-07-02 23:43:04.291966,18,Chat,883,No,True
INC-17870,2026-06-09 04:12:04.291966,28,Voice,641,Yes,True
INC-17871,2026-05-23 06:24:04.291966,32,Voice,440,No,True
INC-17872,2026-06-22 03:38:04.291966,12,Voice,368,No,True
INC-17873,2026-06-10 14:35:04.291966,48,Chat,726,No,True
INC-17874,2026-06-02 15:21:04.291966,42,Voice,558,No,True
INC-17875,2026-07-10 17:36:04.291966,27,Voice,311,No,True
INC-17876,2026-06-07 11:48:04.291966,10,Voice,455,No,True
INC-17877,2026-04-19 21:34:04.291966,46,Voice,639,No,False
INC-17878,2026-05-02 16:44:04.291966,42,Voice,515,No,True
INC-17879,2026-06-06 11:57:04.291966,32,Voice,471,No,True
INC-17880,2026-04-30 15:49:04.291966,42,Chat,892,No,False
INC-17881,2026-04-13 16:31:04.291966,26,Voice,356,N,True
INC-17882,2026-04-10 08:28:04.291966,25,Chat,728,No,True
INC-17883,2026-06-19 23:26:04.291966,11,Chat,860,No,True
INC-17884,2026-06-13 13:23:04.291966,23,Voice,512,No,True
INC-17885,2026-07-14 13:18:04.291966,34,Voice,593,No,True
INC-17886,2026-07-21 04:10:04.291966,40,Email,1527,No,True
INC-17887,2026-07-24 09:33:04.291966,23,Voice,642,N,True
INC-17888,2026-06-28 22:06:04.291966,29,Voice,672,No,True
INC-17889,2026-03-20 19:19:04.291966,31,Voice,575,No,True
INC-17890,2026-08-08 00:22:04.291966,7,Chat,1144,,True
INC-17891,2026-06-30 10:56:04.291966,40,Chat,701,,True
INC-17892,2026-04-10 11:49:04.291966,33,Email,1155,No,True
INC-17893,2026-06-05 08:58:04.291966,21,Email,1655,Yes,True
INC-17894,2026-05-26 07:42:04.291966,2,Voice,319,No,True
INC-17895,2026-09-03 19:10:04.291966,18,Voice,445,N,True
INC-17896,2026-07-18 13:30:04.291966,47,Voice,572,No,False
INC-17897,2026-08-12 14:13:04.291966,33,Voice,649,,True
INC-17898,2026-05-27 19:40:04.291966,37,Voice,449,Yes,True
INC-17899,2026-06-26 10:36:04.291966,34,Voice,402,No,False
INC-17900,2026-06-30 06:51:04.291966,20,Voice,518,No,False
INC-17901,2026-04-18 18:46:04.291966,35,Voice,351,No,True
INC-17902,2026-07-28 18:09:04.291966,50,Voice,459,N,True
INC-17903,2026-06-10 14:37:04.291966,18,Email,1497,No,True
INC-17904,2026-04-22 22:14:04.291966,46,Chat,894,No,True
INC-17905,2026-09-02 22:05:04.291966,24,Email,1526,No,True
INC-17906,2026-09-14 05:04:04.291966,8,Voice,379,No,True
INC-17907,2026-03-26 03:49:04.291966,30,Voice,392,No,True
INC-17908,2026-03-30 02:37:04.291966,44,Voice,390,Y,True
INC-17909,2026-06-12 04:46:04.291966,10,Voice,285,No,True
INC-17910,2026-06-21 11:24:04.291966,23,Voice,521,No,False
INC-17911,2026-03-25 16:03:04.291966,49,Email,1768,No,True
INC-17912,2026-05-15 23:49:04.291966,11,Email,1738,No,True
INC-17913,2026-07-25 14:07:04.291966,2,Voice,448,No,True
INC-17914,2026-06-01 20:05:04.291966,26,Voice,382,,True
INC-17915,2026-04-14 02:01:04.291966,36,Voice,569,Yes,True
INC-17916,2026-07-30 20:39:04.291966,33,Voice,556,No,True
INC-17917,2026-09-12 01:41:04.291966,47,Voice,506,No,True
INC-17918,2026-04-04 17:24:04.291966,13,Voice,689,No,True
INC-17919,2026-08-30 11:37:04.291966,40,Voice,476,No,True
INC-17920,2026-08-04 17:57:04.291966,25,Voice,449,No,True
INC-17921,2026-07-29 12:53:04.291966,4,Voice,432,Yes,True
INC-17922,2026-03-28 14:54:04.291966,42,Voice,292,No,True
INC-17923,2026-07-31 09:06:04.291966,19,Voice,559,No,True
INC-17924,2026-08-31 06:34:04.291966,18,Email,1468,No,True
INC-17925,2026-04-24 12:05:04.291966,37,Voice,541,No,True
INC-17926,2026-04-03 08:03:04.291966,30,Email,2052,No,True
INC-17927,2026-04-16 04:23:04.291966,19,Email,1382,No,True
INC-17928,2026-07-31 10:38:04.291966,23,Email,798,No,True
INC-17929,2026-05-24 17:50:04.291966,16,Chat,996,No,True
INC-17930,2026-08-29 03:14:04.291966,1,Chat,933,No,True
INC-17931,2026-04-11 13:57:04.291966,12,Email,1280,No,False
INC-17932,2026-05-28 00:21:04.291966,24,Voice,527,No,True
INC-17933,2026-04-05 20:39:04.291966,34,Voice,574,N,True
INC-17934,2026-06-12 10:11:04.291966,8,Email,1216,No,True
INC-17935,2026-07-22 06:14:04.291966,18,Chat,839,No,False
INC-17936,2026-04-12 16:52:04.291966,48,Email,1943,No,True
INC-17937,2026-04-15 12:29:04.291966,5,Chat,755,No,True
INC-17938,2026-04-07 03:25:04.291966,26,Email,1520,No,True
INC-17939,2026-04-26 03:52:04.291966,30,Chat,375,No,True
INC-17940,2026-05-11 03:16:04.291966,13,Chat,603,No,True
INC-17941,2026-09-04 00:51:04.291966,19,Chat,931,No,True
INC-17942,2026-08-18 22:02:04.291966,29,Email,1868,No,True
INC-17943,2026-07-06 20:56:04.291966,3,Email,1091,No,True
INC-17944,2026-05-20 19:44:04.291966,26,Email,1522,,True
INC-17945,2026-07-27 21:06:04.291966,40,Chat,824,Yes,False
INC-17946,2026-05-08 15:14:04.291966,12,Voice,594,No,True
INC-17947,2026-09-08 01:32:04.291966,2,Voice,333,No,True
INC-17948,2026-07-22 17:05:04.291966,11,Email,1629,Y,True
INC-17949,2026-04-15 18:38:04.291966,44,Chat,769,No,True
INC-17950,2026-07-08 18:53:04.291966,28,Voice,506,No,True
INC-17951,2026-06-17 07:45:04.291966,18,Voice,488,No,True
INC-17952,2026-05-03 18:18:04.291966,13,Email,1424,No,True
INC-17953,2026-07-31 05:46:04.291966,37,Email,1643,No,True
INC-17954,2026-08-06 23:36:04.291966,22,Email,1513,Yes,True
INC-17955,2026-08-18 07:43:04.291966,12,Chat,873,N,True
INC-17956,2026-09-03 04:33:04.291966,2,Voice,437,No,True
INC-17957,2026-09-14 16:29:04.291966,37,Voice,489,N,True
INC-17958,2026-08-04 20:53:04.291966,7,Voice,506,No,True
INC-17959,2026-03-21 00:57:04.291966,26,Email,1203,Y,True
INC-17960,2026-05-18 09:31:04.291966,26,Voice,438,No,False
INC-17961,2026-05-03 10:06:04.291966,24,Chat,688,No,True
INC-17962,2026-07-31 04:21:04.291966,12,Chat,892,No,True
INC-17963,2026-06-08 01:17:04.291966,16,Chat,781,No,True
INC-17964,2026-08-26 22:43:04.291966,23,Email,1731,No,False
INC-17965,2026-08-06 07:05:04.291966,40,Voice,560,No,True
INC-17966,2026-06-02 07:33:04.291966,9,Chat,715,Yes,True
INC-17967,2026-07-08 05:30:04.291966,32,Voice,479,No,True
INC-17968,2026-05-28 18:49:04.291966,15,Voice,556,N,True
INC-17969,2026-08-08 11:21:04.291966,37,Voice,458,No,True
INC-17970,2026-05-11 23:22:04.291966,13,Voice,392,No,True
INC-17971,2026-08-10 06:11:04.291966,5,Chat,681,No,True
INC-17972,2026-06-16 13:01:04.291966,11,Chat,1070,N,True
INC-17973,2026-09-05 00:05:04.291966,10,Voice,588,No,True
INC-17974,2026-08-01 16:27:04.291966,13,Voice,455,,True
INC-17975,2026-05-29 09:56:04.291966,41,Chat,1053,No,True
INC-17976,2026-07-16 17:24:04.291966,46,Email,610,No,True
INC-17977,2026-06-28 12:49:04.291966,50,Voice,639,No,True
INC-17978,2026-08-28 07:46:04.291966,15,Chat,868,No,True
INC-17979,2026-09-08 12:55:04.291966,42,Chat,928,No,True
INC-17980,2026-07-21 08:08:04.291966,7,Chat,835,No,True
INC-17981,2026-09-07 04:11:04.291966,40,Voice,647,Y,True
INC-17982,2026-06-10 13:19:04.291966,28,Chat,687,No,True
INC-17983,2026-07-10 03:29:04.291966,32,Chat,1194,No,True
INC-17984,2026-05-15 20:57:04.291966,35,Chat,979,Yes,True
INC-17985,2026-09-06 13:54:04.291966,15,Chat,1024,No,True
INC-17986,2026-03-30 10:31:04.291966,48,Email,1401,No,True
INC-17987,2026-07-29 09:14:04.291966,36,Voice,323,No,True
INC-17988,2026-09-04 03:50:04.291966,21,Email,1779,No,True
INC-17989,2026-07-22 11:57:04.291966,6,Chat,962,No,True
INC-17990,2026-06-19 07:50:04.291966,1,Chat,1172,No,True
INC-17991,2026-05-30 01:46:04.291966,4,Voice,456,No,False
INC-17992,2026-06-08 13:33:04.291966,11,Voice,429,No,True
INC-17993,2026-04-23 20:59:04.291966,44,Chat,1177,No,False
INC-17994,2026-03-25 16:00:04.291966,26,Chat,1282,No,False
INC-17995,2026-05-08 10:48:04.291966,37,Voice,481,No,True
INC-17996,2026-09-13 04:40:04.291966,23,Chat,749,No,True
INC-17997,2026-05-22 05:15:04.291966,29,Voice,577,No,True
INC-17998,2026-07-25 15:31:04.291966,21,Email,1423,No,True
INC-17999,2026-05-18 05:21:04.291966,48,Email,1679,No,False
INC-18000,2026-07-20 17:32:04.291966,45,Voice,448,No,True
INC-18001,2026-07-18 04:13:04.291966,45,Email,1969,No,True
INC-18002,2026-06-27 20:31:04.291966,49,Email,1290,No,True
INC-18003,2026-04-19 10:52:04.291966,27,Voice,537,Yes,True
INC-18004,2026-08-02 01:21:04.291966,39,Chat,802,Yes,True
INC-18005,2026-08-26 02:32:04.291966,40,Voice,446,No,True
INC-18006,2026-07-18 16:51:04.291966,13,Chat,817,No,True
INC-18007,2026-09-14 05:58:04.291966,23,Voice,568,No,True
INC-18008,2026-09-01 03:56:04.291966,16,Voice,590,No,True
INC-18009,2026-08-15 04:15:04.291966,30,Voice,546,No,True
INC-18010,2026-06-27 16:33:04.291966,4,Voice,467,No,True
INC-18011,2026-07-14 09:22:04.291966,40,Email,1542,No,True
INC-18012,2026-08-30 10:59:04.291966,16,Voice,587,No,True
INC-18013,2026-03-20 13:30:04.291966,31,Voice,591,No,True
INC-18014,2026-09-16 07:38:04.291966,42,Email,692,No,True
INC-18015,2026-08-26 13:32:04.291966,25,Voice,447,N,True
INC-18016,2026-04-25 21:19:04.291966,44,Chat,855,No,False
INC-18017,2026-06-17 04:06:04.291966,12,Email,1700,Yes,True
INC-18018,2026-07-06 16:02:04.291966,26,Email,1479,N,True
INC-18019,2026-07-09 02:57:04.291966,37,Voice,566,N,True
INC-18020,2026-08-16 14:11:04.291966,48,Voice,350,Yes,True
INC-18021,2026-07-08 09:34:04.291966,33,Email,1578,Yes,True
INC-18022,2026-04-30 11:14:04.291966,28,Voice,588,No,True
INC-18023,2026-08-31 17:49:04.291966,9,Voice,303,No,True
INC-18024,2026-07-17 09:46:04.291966,12,Voice,781,N,True
INC-18025,2026-08-16 02:13:04.291966,5,Voice,622,No,True
INC-18026,2026-05-04 19:01:04.291966,28,Chat,900,Y,True
INC-18027,2026-07-31 20:44:04.291966,35,Chat,734,Yes,True
INC-18028,2026-05-11 12:21:04.291966,5,Email,1447,No,True
INC-18029,2026-08-22 15:45:04.291966,34,Chat,916,,True
INC-18030,2026-08-05 21:21:04.291966,46,Voice,532,No,True
INC-18031,2026-04-20 01:24:04.291966,34,Voice,660,No,True
INC-18032,2026-08-30 06:31:04.291966,13,Email,1357,Y,True
INC-18033,2026-06-04 12:50:04.291966,39,Voice,547,No,True
INC-18034,2026-04-10 06:28:04.291966,42,Voice,324,Yes,True
INC-18035,2026-04-09 19:40:04.291966,45,Email,1375,No,True
INC-18036,2026-08-16 17:36:04.291966,48,Chat,975,No,True
INC-18037,2026-09-03 10:46:04.291966,14,Voice,562,No,True
INC-18038,2026-09-08 02:34:04.291966,11,Email,1274,N,True
INC-18039,2026-06-29 14:04:04.291966,42,Email,1367,No,True
INC-18040,2026-08-16 07:29:04.291966,38,Voice,655,No,True
INC-18041,2026-05-06 10:49:04.291966,4,Email,1848,No,True
INC-18042,2026-06-25 09:50:04.291966,33,Voice,505,No,True
INC-18043,2026-07-05 15:04:04.291966,7,Chat,452,No,False
INC-18044,2026-06-28 20:38:04.291966,41,Email,2253,N,True
INC-18045,2026-05-14 21:20:04.291966,8,Email,1494,,False
INC-18046,2026-07-16 11:10:04.291966,37,Voice,442,No,True
INC-18047,2026-08-07 23:20:04.291966,10,Voice,417,No,True
INC-18048,2026-05-19 00:31:04.291966,43,Voice,525,No,True
INC-18049,2026-07-09 13:00:04.291966,15,Chat,977,No,True
INC-18050,2026-03-27 01:46:04.291966,38,Voice,594,Yes,True
INC-18051,2026-07-07 14:34:04.291966,15,Voice,368,Y,False
INC-18052,2026-07-19 19:44:04.291966,5,Voice,442,No,True
INC-18053,2026-06-30 13:32:04.291966,29,Voice,723,No,True
INC-18054,2026-06-07 10:50:04.291966,19,Voice,506,No,True
INC-18055,2026-08-22 13:07:04.291966,10,Email,1448,No,True
INC-18056,2026-06-26 18:58:04.291966,12,Voice,367,No,True
INC-18057,2026-05-12 00:03:04.291966,4,Voice,540,No,True
INC-18058,2026-06-11 12:39:04.291966,31,Email,1809,No,True
INC-18059,2026-06-04 18:50:04.291966,18,Chat,1074,N,True
INC-18060,2026-07-29 17:38:04.291966,16,Voice,448,No,True
INC-18061,2026-03-19 20:04:04.291966,40,Voice,523,N,True
INC-18062,2026-05-25 09:55:04.291966,36,Chat,1234,No,True
INC-18063,2026-04-11 18:35:04.291966,25,Voice,608,,True
INC-18064,2026-09-03 03:32:04.291966,23,Chat,743,Y,True
INC-18065,2026-05-26 09:01:04.291966,12,Voice,174,No,True
INC-18066,2026-05-15 11:57:04.291966,34,Voice,515,No,False
INC-18067,2026-06-05 08:45:04.291966,36,Voice,575,No,True
INC-18068,2026-07-09 12:41:04.291966,37,Chat,682,No,True
INC-18069,2026-05-05 12:59:04.291966,3,Email,1497,No,True
INC-18070,2026-04-13 12:21:04.291966,9,Voice,448,No,True
INC-18071,2026-05-01 00:42:04.291966,18,Chat,920,No,True
INC-18072,2026-07-09 10:17:04.291966,43,Voice,414,No,True
INC-18073,2026-07-20 14:56:04.291966,35,Voice,634,Yes,True
INC-18074,2026-05-03 18:40:04.291966,34,Email,1544,Yes,True
INC-18075,2026-04-19 02:16:04.291966,41,Voice,374,Yes,True
INC-18076,2026-09-12 23:30:04.291966,14,Email,1775,No,False
INC-18077,2026-04-15 19:01:04.291966,4,Chat,647,No,True
INC-18078,2026-04-03 04:33:04.291966,29,Email,1885,No,True
INC-18079,2026-07-21 06:48:04.291966,41,Chat,1098,No,False
INC-18080,2026-03-27 18:51:04.291966,45,Voice,646,Yes,True
INC-18081,2026-06-09 02:17:04.291966,50,Voice,461,No,True
INC-18082,2026-04-11 06:52:04.291966,15,Voice,420,,True
INC-18083,2026-05-03 16:43:04.291966,28,Voice,490,No,True
INC-18084,2026-05-01 07:20:04.291966,42,Voice,469,,True
INC-18085,2026-04-13 22:27:04.291966,16,Voice,401,No,True
INC-18086,2026-08-03 10:14:04.291966,12,Email,1333,No,True
INC-18087,2026-09-03 00:45:04.291966,5,Voice,436,No,True
INC-18088,2026-09-05 19:00:04.291966,34,Chat,665,No,True
INC-18089,2026-08-20 13:11:04.291966,42,Email,1703,No,True
INC-18090,2026-05-25 20:14:04.291966,1,Email,1484,Y,True
INC-18091,2026-04-03 10:21:04.291966,39,Voice,442,No,True
INC-18092,2026-08-27 11:52:04.291966,32,Voice,346,No,True
INC-18093,2026-09-06 10:22:04.291966,26,Voice,340,No,True
INC-18094,2026-05-17 20:43:04.291966,17,Voice,712,Y,True
INC-18095,2026-05-03 13:24:04.291966,48,Voice,404,No,True
INC-18096,2026-03-31 14:09:04.291966,27,Email,1683,Yes,True
INC-18097,2026-06-24 20:07:04.291966,24,Voice,499,No,True
INC-18098,2026-06-20 01:05:04.291966,35,Chat,344,,True
INC-18099,2026-09-07 01:27:04.291966,46,Email,2037,Yes,True
INC-18100,2026-08-02 04:21:04.291966,42,Voice,562,No,True
INC-18101,2026-06-01 17:56:04.291966,39,Voice,387,No,True
INC-18102,2026-08-13 04:21:04.291966,26,Chat,894,No,True
INC-18103,2026-08-28 14:22:04.291966,49,Voice,342,No,False
INC-18104,2026-08-18 14:51:04.291966,38,Chat,1265,No,False
INC-18105,2026-07-28 07:53:04.291966,23,Voice,371,No,True
INC-18106,2026-09-13 16:51:04.291966,22,Email,1343,Yes,True
INC-18107,2026-05-11 02:49:04.291966,4,Voice,392,No,True
INC-18108,2026-08-19 13:57:04.291966,49,Voice,489,No,True
INC-18109,2026-09-12 04:02:04.291966,9,Chat,1174,No,True
INC-18110,2026-06-04 01:14:04.291966,4,Voice,694,No,True
INC-18111,2026-05-02 14:24:04.291966,7,Voice,432,No,True
INC-18112,2026-05-09 04:30:04.291966,23,Voice,525,No,True
INC-18113,2026-08-17 22:54:04.291966,2,Voice,489,No,True
INC-18114,2026-06-25 02:37:04.291966,49,Chat,703,No,True
INC-18115,2026-07-18 10:50:04.291966,24,Chat,1384,No,True
INC-18116,2026-08-13 22:20:04.291966,40,Chat,1172,No,True
INC-18117,2026-06-24 00:12:04.291966,31,Chat,937,Yes,True
INC-18118,2026-04-03 10:35:04.291966,47,Voice,669,Y,True
INC-18119,2026-04-07 07:33:04.291966,31,Voice,625,No,False
INC-18120,2026-07-16 10:36:04.291966,47,Chat,916,No,True
INC-18121,2026-05-13 22:29:04.291966,40,Email,1597,Y,True
INC-18122,2026-08-04 09:26:04.291966,48,Voice,661,No,True
INC-18123,2026-05-15 19:25:04.291966,43,Voice,366,No,True
INC-18124,2026-04-14 13:02:04.291966,34,Voice,680,No,True
INC-18125,2026-05-28 20:02:04.291966,24,Chat,854,No,True
INC-18126,2026-06-02 05:27:04.291966,49,Chat,1204,,True
INC-18127,2026-06-15 15:02:04.291966,26,Voice,479,N,True
INC-18128,2026-07-02 09:30:04.291966,16,Chat,967,No,True
INC-18129,2026-03-25 15:22:04.291966,47,Voice,475,No,True
INC-18130,2026-07-05 06:59:04.291966,13,Voice,416,No,True
INC-18131,2026-06-21 01:58:04.291966,15,Email,1418,No,True
INC-18132,2026-03-27 17:46:04.291966,27,Voice,645,No,True
INC-18133,2026-04-17 11:26:04.291966,4,Voice,202,No,False
INC-18134,2026-05-20 02:53:04.291966,16,Email,1128,No,True
INC-18135,2026-05-23 03:25:04.291966,30,Email,1282,No,True
INC-18136,2026-04-14 05:39:04.291966,44,Chat,684,No,True
INC-18137,2026-09-16 13:35:04.291966,30,Voice,661,No,True
INC-18138,2026-08-03 02:55:04.291966,36,Voice,630,No,True
INC-18139,2026-04-05 18:25:04.291966,3,Email,1677,Y,True
INC-18140,2026-06-08 14:11:04.291966,22,Chat,772,No,True
INC-18141,2026-05-12 07:32:04.291966,49,Email,1900,N,True
INC-18142,2026-04-19 16:46:04.291966,22,Voice,289,No,True
INC-18143,2026-07-29 03:54:04.291966,50,Voice,737,No,True
INC-18144,2026-05-25 10:56:04.291966,50,Email,1294,No,False
INC-18145,2026-05-26 07:26:04.291966,49,Chat,847,Y,True
INC-18146,2026-04-27 13:06:04.291966,12,Voice,428,No,True
INC-18147,2026-07-28 15:38:04.291966,21,Voice,351,No,True
INC-18148,2026-09-02 12:15:04.291966,4,Voice,711,No,True
INC-18149,2026-05-21 00:47:04.291966,31,Voice,574,,True
INC-18150,2026-04-06 05:50:04.291966,44,Voice,625,No,True
INC-18151,2026-06-20 18:24:04.291966,31,Voice,333,No,True
INC-18152,2026-09-09 22:22:04.291966,23,Chat,936,No,False
INC-18153,2026-07-15 21:24:04.291966,20,Voice,542,No,True
INC-18154,2026-08-18 20:30:04.291966,15,Email,1581,,True
INC-18155,2026-07-09 10:25:04.291966,23,Voice,340,No,False
INC-18156,2026-09-14 01:47:04.291966,28,Chat,1115,N,True
INC-18157,2026-08-14 03:12:04.291966,16,Voice,494,No,True
INC-18158,2026-08-10 06:39:04.291966,37,Chat,709,,True
INC-18159,2026-09-06 19:18:04.291966,21,Email,943,No,True
INC-18160,2026-09-10 02:33:04.291966,15,Email,1681,No,True
INC-18161,2026-04-06 08:07:04.291966,17,Chat,1390,No,False
INC-18162,2026-05-15 02:48:04.291966,50,Voice,358,No,False
INC-18163,2026-05-25 13:52:04.291966,37,Email,1551,No,True
INC-18164,2026-09-03 05:12:04.291966,13,Email,1833,N,True
INC-18165,2026-09-01 07:47:04.291966,19,Email,1119,No,False
INC-18166,2026-08-31 15:37:04.291966,30,Voice,422,No,True
INC-18167,2026-05-25 18:53:04.291966,45,Email,1241,N,True
INC-18168,2026-04-19 02:43:04.291966,18,Voice,598,No,True
INC-18169,2026-06-24 09:50:04.291966,14,Voice,639,No,True
INC-18170,2026-08-20 12:27:04.291966,36,Voice,499,No,True
INC-18171,2026-04-30 19:12:04.291966,36,Voice,378,N,True
INC-18172,2026-07-28 19:03:04.291966,20,Chat,811,Yes,True
INC-18173,2026-05-14 06:15:04.291966,19,Email,1310,No,False
INC-18174,2026-04-29 02:41:04.291966,45,Chat,704,No,True
INC-18175,2026-06-12 22:59:04.291966,44,Chat,879,No,True
INC-18176,2026-06-17 13:36:04.291966,7,Chat,1014,No,False
INC-18177,2026-06-13 09:38:04.291966,44,Chat,998,No,True
INC-18178,2026-04-26 05:26:04.291966,4,Voice,479,No,False
INC-18179,2026-08-27 07:00:04.291966,34,Email,1517,No,True
INC-18180,2026-06-17 16:34:04.291966,2,Chat,883,No,True
INC-18181,2026-07-25 02:27:04.291966,5,Chat,640,No,True
INC-18182,2026-07-11 09:02:04.291966,10,Chat,932,No,True
INC-18183,2026-07-02 20:27:04.291966,32,Email,1324,No,True
INC-18184,2026-08-27 21:04:04.291966,42,Voice,318,No,True
INC-18185,2026-07-20 23:51:04.291966,41,Voice,524,No,True
INC-18186,2026-08-09 20:59:04.291966,13,Chat,777,Yes,True
INC-18187,2026-08-21 19:24:04.291966,39,Voice,507,No,True
INC-18188,2026-07-18 02:59:04.291966,5,Email,1754,Y,True
INC-18189,2026-08-21 05:46:04.291966,10,Voice,365,No,False
INC-18190,2026-08-29 03:20:04.291966,10,Voice,491,No,True
INC-18191,2026-08-09 16:47:04.291966,38,Email,956,No,False
INC-18192,2026-04-10 22:46:04.291966,27,Voice,663,N,True
INC-18193,2026-06-18 19:07:04.291966,21,Chat,628,Yes,True
INC-18194,2026-06-25 15:05:04.291966,8,Voice,418,No,True
INC-18195,2026-05-07 23:33:04.291966,1,Voice,640,No,False
INC-18196,2026-07-01 00:15:04.291966,28,Chat,853,No,True
INC-18197,2026-08-01 20:09:04.291966,49,Voice,336,,True
INC-18198,2026-06-08 19:38:04.291966,39,Email,1713,No,True
INC-18199,2026-04-30 11:22:04.291966,14,Chat,1038,No,True
INC-18200,2026-05-22 05:54:04.291966,21,Voice,404,No,True
INC-18201,2026-08-25 13:10:04.291966,30,Chat,795,,True
INC-18202,2026-07-24 11:37:04.291966,21,Chat,812,N,False
INC-18203,2026-06-16 07:55:04.291966,49,Voice,455,No,True
INC-18204,2026-06-08 11:03:04.291966,9,Voice,252,Y,True
INC-18205,2026-07-27 19:19:04.291966,17,Voice,458,Yes,False
INC-18206,2026-08-18 18:35:04.291966,5,Chat,1256,No,True
INC-18207,2026-07-18 23:40:04.291966,31,Chat,720,Yes,False
INC-18208,2026-09-02 10:55:04.291966,40,Chat,783,No,True
INC-18209,2026-04-05 09:25:04.291966,38,Chat,663,No,True
INC-18210,2026-06-03 10:25:04.291966,43,Chat,1022,N,True
INC-18211,2026-05-17 10:03:04.291966,19,Chat,1140,No,False
INC-18212,2026-03-25 03:53:04.291966,36,Chat,1136,No,False
INC-18213,2026-04-30 10:16:04.291966,50,Voice,330,No,True
INC-18214,2026-04-11 23:18:04.291966,33,Email,1649,No,True
INC-18215,2026-05-22 05:02:04.291966,13,Chat,1186,No,False
INC-18216,2026-07-27 16:00:04.291966,14,Email,1652,No,False
INC-18217,2026-03-24 17:38:04.291966,33,Chat,995,No,True
INC-18218,2026-08-16 14:29:04.291966,29,Voice,423,No,True
INC-18219,2026-05-05 18:33:04.291966,43,Chat,944,No,False
INC-18220,2026-05-24 17:11:04.291966,49,Voice,628,No,True
INC-18221,2026-06-24 10:47:04.291966,36,Chat,965,No,True
INC-18222,2026-05-05 05:16:04.291966,44,Voice,330,No,False
INC-18223,2026-06-08 09:30:04.291966,10,Email,1363,No,True
INC-18224,2026-08-09 21:03:04.291966,31,Chat,1141,No,False
INC-18225,2026-04-02 21:42:04.291966,6,Chat,964,No,True
INC-18226,2026-06-11 00:30:04.291966,1,Voice,494,N,True
INC-18227,2026-08-12 20:11:04.291966,7,Email,1333,No,True
INC-18228,2026-08-28 04:26:04.291966,27,Email,1856,No,True
INC-18229,2026-07-03 07:08:04.291966,21,Chat,1232,No,True
INC-18230,2026-08-01 04:05:04.291966,28,Voice,631,No,True
INC-18231,2026-08-21 18:01:04.291966,16,Chat,1188,No,True
INC-18232,2026-08-01 23:57:04.291966,46,Voice,436,No,True
INC-18233,2026-06-03 22:56:04.291966,23,Chat,799,No,False
INC-18234,2026-06-07 18:51:04.291966,20,Voice,461,No,True
INC-18235,2026-06-27 18:51:04.291966,38,Chat,907,No,True
INC-18236,2026-03-21 17:57:04.291966,25,Chat,1186,No,True
INC-18237,2026-08-20 21:49:04.291966,28,Voice,619,No,True
INC-18238,2026-03-25 23:55:04.291966,5,Voice,544,No,True
INC-18239,2026-04-15 18:32:04.291966,21,Email,1070,Y,True
INC-18240,2026-05-07 01:13:04.291966,18,Voice,277,No,False
INC-18241,2026-09-07 13:49:04.291966,47,Chat,948,No,True
INC-18242,2026-08-21 22:24:04.291966,6,Voice,585,No,False
INC-18243,2026-04-29 13:12:04.291966,29,Voice,470,No,True
INC-18244,2026-06-17 07:00:04.291966,19,Voice,709,No,True
INC-18245,2026-06-01 08:06:04.291966,33,Chat,683,No,True
INC-18246,2026-06-12 22:00:04.291966,1,Voice,334,No,False
INC-18247,2026-08-21 14:18:04.291966,45,Email,1300,No,False
INC-18248,2026-06-08 23:49:04.291966,3,Chat,759,No,True
INC-18249,2026-05-19 00:24:04.291966,42,Voice,543,No,True
INC-18250,2026-05-28 20:16:04.291966,21,Chat,815,No,True
INC-18251,2026-08-20 16:35:04.291966,35,Voice,294,No,True
INC-18252,2026-09-09 09:21:04.291966,41,Chat,1078,No,False
INC-18253,2026-06-18 23:34:04.291966,40,Voice,268,No,False
INC-18254,2026-05-28 17:29:04.291966,3,Voice,351,No,True
INC-18255,2026-05-29 05:17:04.291966,25,Chat,575,No,True
INC-18256,2026-06-26 20:30:04.291966,45,Email,1562,Yes,True
INC-18257,2026-04-10 13:00:04.291966,38,Voice,502,,True
INC-18258,2026-06-12 11:16:04.291966,45,Email,2074,No,True
INC-18259,2026-03-23 14:48:04.291966,20,Voice,589,No,True
INC-18260,2026-07-12 01:05:04.291966,44,Email,1932,N,True
INC-18261,2026-05-14 16:46:04.291966,45,Chat,957,No,True
INC-18262,2026-03-23 01:34:04.291966,34,Voice,362,No,True
INC-18263,2026-08-06 17:54:04.291966,21,Voice,495,,True
INC-18264,2026-04-14 13:41:04.291966,48,Voice,551,Y,False
INC-18265,2026-04-08 05:41:04.291966,23,Voice,564,No,False
INC-18266,2026-08-21 07:21:04.291966,6,Voice,423,No,True
INC-18267,2026-08-25 15:14:04.291966,13,Chat,997,No,True
INC-18268,2026-04-15 11:51:04.291966,49,Email,1220,No,True
INC-18269,2026-07-30 00:42:04.291966,23,Voice,354,Y,True
INC-18270,2026-06-15 17:19:04.291966,9,Chat,676,No,True
INC-18271,2026-03-29 12:21:04.291966,17,Chat,904,No,True
INC-18272,2026-03-25 05:32:04.291966,2,Email,1146,No,False
INC-18273,2026-05-28 14:33:04.291966,19,Chat,815,No,False
INC-18274,2026-09-01 01:13:04.291966,19,Chat,1080,Yes,True
INC-18275,2026-06-05 20:56:04.291966,7,Voice,356,No,True
INC-18276,2026-08-12 18:21:04.291966,42,Voice,419,No,True
INC-18277,2026-03-29 12:48:04.291966,42,Voice,488,No,True
INC-18278,2026-06-24 15:21:04.291966,20,Voice,509,No,True
INC-18279,2026-08-12 12:42:04.291966,9,Voice,420,Yes,True
INC-18280,2026-04-03 11:53:04.291966,17,Chat,1057,N,True
INC-18281,2026-05-27 18:48:04.291966,27,Voice,550,Yes,True
INC-18282,2026-08-15 07:44:04.291966,47,Chat,1127,N,True
INC-18283,2026-05-03 06:41:04.291966,2,Voice,470,No,False
INC-18284,2026-04-01 02:13:04.291966,36,Email,1346,No,True
INC-18285,2026-09-12 02:19:04.291966,19,Email,1295,No,True
INC-18286,2026-08-11 11:34:04.291966,17,Voice,516,N,True
INC-18287,2026-08-12 10:40:04.291966,5,Voice,434,No,True
INC-18288,2026-06-28 07:46:04.291966,39,Chat,786,No,True
INC-18289,2026-03-30 18:18:04.291966,18,Voice,426,,True
INC-18290,2026-04-16 20:11:04.291966,7,Voice,397,No,True
INC-18291,2026-09-11 20:02:04.291966,17,Voice,503,No,True
INC-18292,2026-08-14 08:43:04.291966,39,Email,1076,No,True
INC-18293,2026-08-11 01:18:04.291966,36,Email,1590,No,True
INC-18294,2026-03-27 22:09:04.291966,40,Chat,1035,No,True
INC-18295,2026-04-10 07:58:04.291966,45,Chat,783,No,False
INC-18296,2026-05-22 02:18:04.291966,4,Email,2076,Yes,True
INC-18297,2026-07-06 09:49:04.291966,38,Email,1505,No,True
INC-18298,2026-08-03 02:08:04.291966,25,Email,1031,No,True
INC-18299,2026-08-09 10:17:04.291966,5,Voice,446,No,True
INC-18300,2026-08-02 08:24:04.291966,30,Voice,487,No,True
INC-18301,2026-04-10 19:01:04.291966,12,Chat,989,No,True
INC-18302,2026-06-06 10:02:04.291966,4,Chat,848,No,True
INC-18303,2026-09-03 07:26:04.291966,24,Voice,358,N,True
INC-18304,2026-03-29 05:56:04.291966,29,Voice,348,No,True
INC-18305,2026-04-01 09:12:04.291966,9,Email,1303,No,True
INC-18306,2026-06-23 15:03:04.291966,4,Email,1332,No,True
INC-18307,2026-05-05 01:01:04.291966,24,Voice,343,No,True
INC-18308,2026-04-16 12:31:04.291966,14,Email,1280,Yes,True
INC-18309,2026-04-03 11:30:04.291966,5,Chat,1031,No,True
INC-18310,2026-04-28 18:20:04.291966,18,Email,1994,No,True
INC-18311,2026-07-15 04:46:04.291966,42,Voice,570,No,True
INC-18312,2026-07-05 17:54:04.291966,19,Voice,636,No,True
INC-18313,2026-04-17 10:01:04.291966,12,Voice,596,N,True
INC-18314,2026-04-08 11:30:04.291966,18,Voice,579,Yes,True
INC-18315,2026-06-27 03:47:04.291966,17,Chat,832,No,False
INC-18316,2026-08-30 23:50:04.291966,30,Voice,496,No,True
INC-18317,2026-06-22 18:08:04.291966,24,Email,1373,Yes,False
INC-18318,2026-04-04 20:16:04.291966,11,Voice,453,No,True
INC-18319,2026-08-14 08:54:04.291966,35,Voice,488,No,True
INC-18320,2026-06-04 17:20:04.291966,23,Chat,1042,Yes,True
INC-18321,2026-09-06 08:42:04.291966,17,Chat,984,No,False
INC-18322,2026-07-01 17:34:04.291966,1,Voice,460,,True
INC-18323,2026-07-07 08:24:04.291966,15,Chat,911,No,True
INC-18324,2026-09-13 07:50:04.291966,32,Chat,986,No,False
INC-18325,2026-08-27 21:35:04.291966,9,Chat,1033,No,True
INC-18326,2026-04-20 12:07:04.291966,15,Chat,596,No,True
INC-18327,2026-05-16 11:40:04.291966,28,Voice,350,No,True
INC-18328,2026-09-11 02:36:04.291966,24,Chat,1121,,True
INC-18329,2026-08-29 16:09:04.291966,35,Email,1481,,True
INC-18330,2026-08-14 11:52:04.291966,22,Voice,429,No,True
INC-18331,2026-08-08 00:20:04.291966,27,Voice,448,No,True
INC-18332,2026-04-03 16:58:04.291966,19,Email,1420,N,True
INC-18333,2026-07-29 19:58:04.291966,45,Voice,546,No,True
INC-18334,2026-08-23 05:16:04.291966,12,Voice,347,No,True
INC-18335,2026-07-11 18:21:04.291966,20,Email,1507,No,True
INC-18336,2026-09-10 22:19:04.291966,1,Voice,509,No,True
INC-18337,2026-06-19 21:13:04.291966,21,Voice,527,N,True
INC-18338,2026-08-11 21:39:04.291966,49,Email,1566,No,False
INC-18339,2026-06-19 13:10:04.291966,45,Email,1654,No,True
INC-18340,2026-07-14 21:32:04.291966,1,Voice,411,Yes,False
INC-18341,2026-04-30 21:50:04.291966,10,Chat,711,N,True
INC-18342,2026-03-21 22:03:04.291966,47,Email,2237,No,True
INC-18343,2026-05-18 10:25:04.291966,32,Chat,839,No,True
INC-18344,2026-06-21 16:25:04.291966,39,Voice,457,Yes,True
INC-18345,2026-06-15 12:00:04.291966,22,Voice,561,No,True
INC-18346,2026-03-25 19:11:04.291966,18,Voice,671,No,True
INC-18347,2026-05-10 01:04:04.291966,48,Email,1336,No,False
INC-18348,2026-07-19 15:41:04.291966,46,Email,1200,No,True
INC-18349,2026-04-05 23:38:04.291966,32,Email,1127,Yes,False
INC-18350,2026-09-01 17:27:04.291966,27,Email,1977,No,False
INC-18351,2026-07-22 08:13:04.291966,28,Chat,692,No,True
INC-18352,2026-07-07 02:47:04.291966,18,Voice,476,No,False
INC-18353,2026-05-08 02:25:04.291966,39,Chat,704,No,True
INC-18354,2026-05-10 02:11:04.291966,49,Chat,610,No,True
INC-18355,2026-09-14 23:33:04.291966,29,Chat,841,No,False
INC-18356,2026-08-07 11:42:04.291966,18,Voice,367,No,True
INC-18357,2026-09-04 17:35:04.291966,44,Email,1292,No,True
INC-18358,2026-07-28 16:13:04.291966,8,Voice,720,No,True
INC-18359,2026-05-31 04:14:04.291966,31,Voice,530,No,True
INC-18360,2026-06-05 19:16:04.291966,34,Chat,1086,No,True
INC-18361,2026-03-24 18:42:04.291966,7,Chat,1064,No,True
INC-18362,2026-03-26 16:11:04.291966,36,Voice,467,No,True
INC-18363,2026-03-22 10:10:04.291966,18,Email,1368,No,False
INC-18364,2026-05-07 20:12:04.291966,38,Voice,509,No,False
INC-18365,2026-07-19 04:30:04.291966,9,Voice,500,Yes,True
INC-18366,2026-05-06 03:09:04.291966,9,Voice,411,No,True
INC-18367,2026-08-21 18:55:04.291966,46,Chat,925,No,True
INC-18368,2026-05-15 13:27:04.291966,8,Email,1288,No,False
INC-18369,2026-06-20 01:24:04.291966,35,Email,1448,N,True
INC-18370,2026-06-26 00:01:04.291966,18,Email,1399,No,True
INC-18371,2026-04-09 06:22:04.291966,5,Voice,327,No,False
INC-18372,2026-06-06 17:03:04.291966,14,Voice,197,No,True
INC-18373,2026-04-18 10:08:04.291966,28,Chat,712,No,True
INC-18374,2026-05-08 15:22:04.291966,30,Voice,696,N,True
INC-18375,2026-07-25 22:53:04.291966,4,Email,1407,N,False
INC-18376,2026-06-27 11:41:04.291966,39,Chat,1055,No,True
INC-18377,2026-07-28 23:20:04.291966,20,Email,862,No,True
INC-18378,2026-08-17 22:09:04.291966,25,Voice,359,Y,False
INC-18379,2026-09-04 06:50:04.291966,28,Voice,317,No,True
INC-18380,2026-07-12 03:03:04.291966,12,Chat,859,No,True
INC-18381,2026-03-31 06:34:04.291966,2,Voice,770,No,True
INC-18382,2026-07-17 20:38:04.291966,43,Chat,992,Yes,True
INC-18383,2026-05-27 07:22:04.291966,14,Voice,683,No,True
INC-18384,2026-05-25 01:23:04.291966,22,Voice,449,No,True
INC-18385,2026-07-13 13:34:04.291966,31,Voice,643,No,True
INC-18386,2026-06-01 09:11:04.291966,23,Voice,728,N,True
INC-18387,2026-05-25 21:05:04.291966,48,Chat,878,,True
INC-18388,2026-05-27 19:54:04.291966,20,Voice,415,No,True
INC-18389,2026-06-02 20:19:04.291966,38,Voice,321,,True
INC-18390,2026-04-05 14:03:04.291966,4,Voice,442,No,False
INC-18391,2026-04-05 10:58:04.291966,15,Voice,489,No,True
INC-18392,2026-04-01 00:57:04.291966,24,Voice,723,No,True
INC-18393,2026-06-18 08:01:04.291966,25,Voice,324,No,True
INC-18394,2026-05-25 09:47:04.291966,1,Chat,911,No,True
INC-18395,2026-05-11 01:30:04.291966,7,Chat,537,No,True
INC-18396,2026-05-12 06:43:04.291966,31,Chat,814,No,True
INC-18397,2026-07-16 04:17:04.291966,12,Email,1593,No,True
INC-18398,2026-06-02 22:37:04.291966,42,Voice,541,No,True
INC-18399,2026-05-29 07:13:04.291966,5,Chat,1017,No,True
INC-18400,2026-05-23 19:18:04.291966,44,Email,1619,No,True
INC-18401,2026-06-22 20:52:04.291966,50,Voice,549,No,True
INC-18402,2026-06-21 18:29:04.291966,42,Chat,909,No,True
INC-18403,2026-08-04 03:01:04.291966,38,Voice,354,No,True
INC-18404,2026-08-04 14:17:04.291966,12,Voice,257,Yes,True
INC-18405,2026-09-02 07:47:04.291966,39,Chat,790,,True
INC-18406,2026-09-12 17:02:04.291966,18,Voice,463,No,True
INC-18407,2026-04-04 19:24:04.291966,2,Voice,630,No,True
INC-18408,2026-06-28 01:58:04.291966,10,Voice,467,,True
INC-18409,2026-06-03 06:22:04.291966,15,Voice,456,No,True
INC-18410,2026-03-30 15:27:04.291966,30,Voice,526,Yes,False
INC-18411,2026-06-08 16:57:04.291966,44,Chat,845,No,True
INC-18412,2026-05-30 03:49:04.291966,17,Chat,1062,No,False
INC-18413,2026-09-05 21:39:04.291966,4,Chat,1295,No,True
INC-18414,2026-08-25 06:27:04.291966,7,Voice,742,No,True
INC-18415,2026-07-04 04:41:04.291966,41,Email,1529,No,True
INC-18416,2026-07-17 06:22:04.291966,31,Chat,967,No,True
INC-18417,2026-05-16 02:36:04.291966,39,Voice,669,No,True
INC-18418,2026-06-13 15:13:04.291966,34,Email,1455,No,True
INC-18419,2026-08-04 02:57:04.291966,6,Chat,1035,No,True
INC-18420,2026-04-29 09:22:04.291966,50,Chat,672,No,True
INC-18421,2026-06-05 08:35:04.291966,38,Voice,442,No,True
INC-18422,2026-09-06 13:05:04.291966,45,Voice,618,No,True
INC-18423,2026-08-21 12:01:04.291966,34,Email,1284,No,True
INC-18424,2026-05-04 10:16:04.291966,44,Chat,874,Yes,False
INC-18425,2026-06-08 17:16:04.291966,15,Chat,585,No,True
INC-18426,2026-06-09 09:16:04.291966,14,Chat,1301,No,True
INC-18427,2026-04-02 07:59:04.291966,6,Email,1878,No,False
INC-18428,2026-08-16 11:21:04.291966,50,Voice,502,,True
INC-18429,2026-05-03 00:30:04.291966,37,Chat,1001,No,True
INC-18430,2026-09-06 14:02:04.291966,50,Voice,527,No,True
INC-18431,2026-07-25 19:54:04.291966,32,Chat,1176,No,False
INC-18432,2026-04-07 02:44:04.291966,3,Chat,796,No,False
INC-18433,2026-09-04 13:45:04.291966,3,Voice,567,No,True
INC-18434,2026-09-15 15:30:04.291966,22,Chat,1115,No,True
INC-18435,2026-05-05 03:53:04.291966,22,Voice,625,No,True
INC-18436,2026-03-25 19:31:04.291966,10,Voice,208,No,False
INC-18437,2026-09-11 06:00:04.291966,3,Voice,408,No,True
INC-18438,2026-07-03 08:42:04.291966,12,Voice,357,No,False
INC-18439,2026-08-13 11:48:04.291966,29,Voice,497,No,True
INC-18440,2026-05-30 16:13:04.291966,48,Voice,238,No,False
INC-18441,2026-09-05 16:19:04.291966,17,Chat,490,No,True
INC-18442,2026-05-05 09:33:04.291966,7,Chat,1334,Yes,True
INC-18443,2026-06-11 00:52:04.291966,13,Chat,1023,No,True
INC-18444,2026-08-08 21:29:04.291966,2,Voice,494,Yes,True
INC-18445,2026-06-26 00:30:04.291966,4,Email,1609,No,True
INC-18446,2026-04-26 00:37:04.291966,10,Chat,929,No,False
INC-18447,2026-07-18 12:04:04.291966,39,Voice,599,No,False
INC-18448,2026-05-06 05:00:04.291966,24,Email,1310,No,True
INC-18449,2026-06-08 03:11:04.291966,17,Voice,502,No,True
INC-18450,2026-08-24 00:12:04.291966,6,Chat,945,No,True
INC-18451,2026-08-26 12:54:04.291966,19,Voice,354,Yes,True
INC-18452,2026-09-04 23:31:04.291966,5,Voice,633,No,True
INC-18453,2026-09-12 17:23:04.291966,32,Email,1366,No,True
INC-18454,2026-08-19 15:49:04.291966,10,Voice,602,No,True
INC-18455,2026-03-19 20:33:04.291966,9,Voice,493,No,True
INC-18456,2026-05-05 18:37:04.291966,27,Email,1990,No,True
INC-18457,2026-08-26 11:12:04.291966,13,Email,1187,No,True
INC-18458,2026-03-25 09:33:04.291966,19,Chat,683,No,True
INC-18459,2026-05-20 06:05:04.291966,21,Voice,371,No,True
INC-18460,2026-05-02 12:53:04.291966,24,Voice,495,Yes,True
INC-18461,2026-08-03 13:27:04.291966,38,Chat,1208,,False
INC-18462,2026-06-12 03:38:04.291966,4,Voice,671,No,True
INC-18463,2026-05-23 11:55:04.291966,24,Voice,202,No,False
INC-18464,2026-08-05 19:35:04.291966,35,Chat,949,,True
INC-18465,2026-08-25 10:51:04.291966,3,Voice,94,No,True
INC-18466,2026-06-28 10:13:04.291966,4,Voice,575,No,True
INC-18467,2026-06-05 21:11:04.291966,37,Voice,614,No,False
INC-18468,2026-07-07 07:43:04.291966,40,Voice,475,No,False
INC-18469,2026-04-03 02:09:04.291966,48,Voice,490,No,True
INC-18470,2026-06-09 15:43:04.291966,35,Voice,488,Yes,True
INC-18471,2026-06-11 20:13:04.291966,31,Voice,385,No,True
INC-18472,2026-07-03 00:42:04.291966,44,Chat,986,No,False
INC-18473,2026-09-06 14:28:04.291966,25,Email,1430,Yes,True
INC-18474,2026-08-28 12:09:04.291966,40,Voice,591,No,False
INC-18475,2026-07-20 18:48:04.291966,13,Chat,877,No,True
INC-18476,2026-09-02 16:02:04.291966,4,Voice,376,No,True
INC-18477,2026-03-24 04:01:04.291966,46,Voice,295,No,True
INC-18478,2026-06-07 13:40:04.291966,14,Voice,256,No,True
INC-18479,2026-07-28 07:18:04.291966,13,Chat,1162,No,True
INC-18480,2026-05-11 17:39:04.291966,27,Chat,808,Y,False
INC-18481,2026-09-07 17:39:04.291966,6,Chat,967,No,False
INC-18482,2026-07-22 00:53:04.291966,17,Voice,693,,True
INC-18483,2026-07-08 20:20:04.291966,36,Voice,412,No,True
INC-18484,2026-08-12 05:27:04.291966,40,Chat,774,No,True
INC-18485,2026-09-01 08:33:04.291966,49,Voice,464,Y,True
INC-18486,2026-04-05 23:09:04.291966,35,Chat,905,No,False
INC-18487,2026-06-13 01:04:04.291966,17,Chat,1277,No,True
INC-18488,2026-08-02 15:12:04.291966,41,Chat,1213,No,True
INC-18489,2026-04-18 23:59:04.291966,2,Email,1686,No,True
INC-18490,2026-06-24 01:12:04.291966,13,Email,1934,Y,True
INC-18491,2026-06-03 13:33:04.291966,2,Chat,864,No,True
INC-18492,2026-05-27 20:27:04.291966,28,Chat,959,No,True
INC-18493,2026-04-18 22:58:04.291966,43,Voice,443,No,True
INC-18494,2026-08-28 04:16:04.291966,26,Email,1112,No,True
INC-18495,2026-04-20 06:07:04.291966,22,Voice,624,No,True
INC-18496,2026-09-01 10:07:04.291966,47,Voice,543,No,True
INC-18497,2026-03-31 09:27:04.291966,43,Voice,482,N,True
INC-18498,2026-07-06 00:27:04.291966,3,Voice,479,No,True
INC-18499,2026-04-06 17:25:04.291966,35,Chat,598,No,True
INC-18500,2026-09-12 01:16:04.291966,12,Chat,704,Yes,True
INC-18501,2026-04-21 05:36:04.291966,24,Voice,520,No,True
INC-18502,2026-03-31 18:42:04.291966,5,Voice,416,No,True
INC-18503,2026-07-15 02:16:04.291966,20,Email,1434,No,True
INC-18504,2026-08-07 21:19:04.291966,39,Chat,879,N,True
INC-18505,2026-06-24 17:33:04.291966,39,Email,1295,No,True
INC-18506,2026-07-06 20:41:04.291966,13,Voice,363,No,False
INC-18507,2026-05-10 08:39:04.291966,41,Chat,577,No,True
INC-18508,2026-08-18 05:31:04.291966,45,Voice,462,No,True
INC-18509,2026-08-14 11:05:04.291966,12,Voice,554,,True
INC-18510,2026-08-11 21:58:04.291966,13,Voice,282,Y,False
INC-18511,2026-03-23 13:40:04.291966,10,Voice,477,No,True
INC-18512,2026-03-20 09:32:04.291966,33,Voice,513,No,False
INC-18513,2026-09-05 10:18:04.291966,40,Email,1203,No,True
INC-18514,2026-08-23 18:50:04.291966,16,Voice,650,No,True
INC-18515,2026-08-12 15:33:04.291966,45,Voice,433,No,True
INC-18516,2026-08-27 06:11:04.291966,35,Voice,467,Yes,True
INC-18517,2026-07-18 11:24:04.291966,3,Voice,460,Y,False
INC-18518,2026-08-21 04:33:04.291966,5,Chat,545,No,True
INC-18519,2026-08-19 07:42:04.291966,26,Voice,601,,True
INC-18520,2026-06-21 11:08:04.291966,11,Chat,708,Yes,False
INC-18521,2026-05-26 23:25:04.291966,7,Voice,451,No,True
INC-18522,2026-04-16 01:10:04.291966,10,Chat,1019,No,True
INC-18523,2026-05-16 19:56:04.291966,42,Chat,1192,No,True
INC-18524,2026-05-04 22:58:04.291966,34,Email,1176,No,True
INC-18525,2026-07-08 22:29:04.291966,3,Email,1366,N,True
INC-18526,2026-07-21 23:46:04.291966,8,Chat,1176,No,True
INC-18527,2026-07-15 16:15:04.291966,31,Voice,535,No,False
INC-18528,2026-04-13 16:38:04.291966,11,Chat,1034,N,False
INC-18529,2026-05-14 08:54:04.291966,45,Chat,689,Yes,True
INC-18530,2026-04-11 03:18:04.291966,7,Email,1386,No,True
INC-18531,2026-04-10 01:55:04.291966,45,Voice,459,No,True
INC-18532,2026-06-04 03:06:04.291966,2,Voice,377,No,False
INC-18533,2026-05-13 13:15:04.291966,6,Chat,565,No,False
INC-18534,2026-06-17 05:39:04.291966,41,Voice,418,No,True
INC-18535,2026-08-25 19:10:04.291966,32,Voice,642,No,True
INC-18536,2026-07-29 03:54:04.291966,20,Voice,487,No,True
INC-18537,2026-06-09 08:33:04.291966,34,Chat,1174,No,True
INC-18538,2026-05-13 17:46:04.291966,50,Email,1553,No,True
INC-18539,2026-04-28 10:07:04.291966,16,Voice,388,No,True
INC-18540,2026-04-17 14:49:04.291966,25,Voice,633,No,True
INC-18541,2026-05-08 23:28:04.291966,12,Voice,505,,True
INC-18542,2026-05-16 22:51:04.291966,7,Voice,595,Yes,True
INC-18543,2026-08-31 23:13:04.291966,39,Chat,686,No,True
INC-18544,2026-05-24 18:37:04.291966,17,Chat,1107,No,True
INC-18545,2026-07-17 10:14:04.291966,45,Voice,608,No,True
INC-18546,2026-06-04 20:26:04.291966,11,Chat,957,No,False
INC-18547,2026-03-20 15:54:04.291966,6,Chat,738,No,False
INC-18548,2026-06-13 09:24:04.291966,23,Voice,474,N,True
INC-18549,2026-08-09 01:18:04.291966,27,Voice,553,No,True
INC-18550,2026-06-28 06:12:04.291966,46,Email,1570,No,True
INC-18551,2026-04-19 04:53:04.291966,6,Voice,552,Y,True
INC-18552,2026-08-23 05:14:04.291966,38,Chat,1102,No,True
INC-18553,2026-08-28 21:36:04.291966,2,Voice,402,No,True
INC-18554,2026-08-04 02:44:04.291966,22,Chat,668,No,True
INC-18555,2026-04-07 22:50:04.291966,20,Chat,892,No,True
INC-18556,2026-04-10 20:17:04.291966,25,Chat,834,No,True
INC-18557,2026-08-12 15:06:04.291966,15,Email,1735,No,True
INC-18558,2026-07-24 16:30:04.291966,49,Email,1177,No,True
INC-18559,2026-06-22 19:45:04.291966,29,Chat,1104,No,False
INC-18560,2026-08-05 02:49:04.291966,8,Voice,642,No,True
INC-18561,2026-07-08 13:14:04.291966,37,Voice,480,No,True
INC-18562,2026-06-23 01:45:04.291966,49,Chat,912,No,True
INC-18563,2026-09-05 20:14:04.291966,33,Chat,746,N,True
INC-18564,2026-06-28 04:21:04.291966,22,Voice,414,No,True
INC-18565,2026-04-15 14:05:04.291966,50,Voice,430,No,True
INC-18566,2026-05-28 00:59:04.291966,47,Chat,1188,No,True
INC-18567,2026-06-08 20:11:04.291966,5,Voice,471,Yes,False
INC-18568,2026-05-20 23:11:04.291966,39,Voice,321,Yes,True
INC-18569,2026-06-25 04:05:04.291966,18,Chat,951,No,True
INC-18570,2026-07-30 07:07:04.291966,38,Chat,1065,No,True
INC-18571,2026-07-04 07:37:04.291966,37,Voice,476,,True
INC-18572,2026-03-21 21:35:04.291966,30,Voice,656,No,True
INC-18573,2026-03-28 00:07:04.291966,31,Voice,573,No,True
INC-18574,2026-09-14 04:35:04.291966,10,Voice,354,No,True
INC-18575,2026-06-15 21:37:04.291966,15,Chat,789,No,True
INC-18576,2026-05-05 13:16:04.291966,42,Chat,945,,True
INC-18577,2026-05-21 09:48:04.291966,48,Voice,280,No,True
INC-18578,2026-03-20 06:57:04.291966,44,Voice,520,No,False
INC-18579,2026-08-23 00:04:04.291966,18,Voice,268,No,True
INC-18580,2026-06-14 15:31:04.291966,23,Email,1807,,True
INC-18581,2026-08-03 02:17:04.291966,33,Voice,588,No,True
INC-18582,2026-04-07 11:07:04.291966,16,Email,1651,No,True
INC-18583,2026-08-17 18:40:04.291966,38,Email,1297,Yes,True
INC-18584,2026-06-08 20:14:04.291966,35,Chat,934,No,True
INC-18585,2026-04-05 12:30:04.291966,34,Chat,797,No,True
INC-18586,2026-09-07 04:59:04.291966,28,Voice,356,No,True
INC-18587,2026-04-07 17:07:04.291966,2,Chat,832,No,True
INC-18588,2026-04-24 07:59:04.291966,30,Voice,563,N,False
INC-18589,2026-07-12 12:36:04.291966,13,Email,1513,No,True
INC-18590,2026-05-07 01:36:04.291966,41,Voice,654,No,True
INC-18591,2026-07-24 07:57:04.291966,16,Chat,1053,Yes,True
INC-18592,2026-03-28 03:43:04.291966,5,Voice,559,,True
INC-18593,2026-08-14 14:34:04.291966,28,Email,1017,No,True
INC-18594,2026-08-30 01:33:04.291966,39,Voice,445,No,True
INC-18595,2026-06-01 09:48:04.291966,45,Chat,687,N,True
INC-18596,2026-05-12 20:58:04.291966,20,Voice,458,N,True
INC-18597,2026-04-10 16:36:04.291966,24,Voice,396,No,True
INC-18598,2026-08-22 15:04:04.291966,27,Chat,824,N,True
INC-18599,2026-09-12 03:45:04.291966,30,Email,1818,No,True
INC-18600,2026-03-22 07:44:04.291966,45,Voice,537,Yes,True
INC-18601,2026-05-14 08:13:04.291966,27,Email,1802,No,True
INC-18602,2026-03-21 19:24:04.291966,26,Chat,579,No,False
INC-18603,2026-07-26 08:28:04.291966,7,Email,1517,No,True
INC-18604,2026-09-05 05:45:04.291966,42,Voice,596,No,True
INC-18605,2026-06-29 23:54:04.291966,47,Voice,660,No,True
INC-18606,2026-06-08 09:23:04.291966,38,Email,1035,No,False
INC-18607,2026-03-26 01:32:04.291966,5,Voice,437,No,True
INC-18608,2026-08-30 01:03:04.291966,23,Chat,1106,No,True
INC-18609,2026-09-01 12:08:04.291966,28,Voice,456,N,False
INC-18610,2026-05-28 01:38:04.291966,34,Voice,370,No,True
INC-18611,2026-09-09 06:32:04.291966,15,Chat,590,No,True
INC-18612,2026-09-11 05:20:04.291966,32,Chat,710,No,True
INC-18613,2026-09-05 05:26:04.291966,26,Chat,562,,True
INC-18614,2026-07-25 10:26:04.291966,48,Voice,487,No,True
INC-18615,2026-06-21 16:07:04.291966,31,Voice,587,,True
INC-18616,2026-07-12 01:05:04.291966,19,Voice,328,Yes,False
INC-18617,2026-08-14 03:55:04.291966,9,Voice,510,No,True
INC-18618,2026-07-01 23:53:04.291966,29,Email,1753,No,True
INC-18619,2026-08-05 19:42:04.291966,39,Chat,899,No,True
INC-18620,2026-06-06 04:51:04.291966,4,Voice,286,No,False
INC-18621,2026-09-07 21:15:04.291966,3,Email,1615,No,True
INC-18622,2026-09-13 19:49:04.291966,29,Voice,473,No,False
INC-18623,2026-05-01 05:52:04.291966,11,Chat,868,No,True
INC-18624,2026-08-06 20:52:04.291966,33,Voice,414,No,False
INC-18625,2026-05-16 16:17:04.291966,38,Chat,917,No,True
INC-18626,2026-04-06 15:58:04.291966,11,Voice,541,No,False
INC-18627,2026-03-23 17:15:04.291966,27,Voice,766,No,True
INC-18628,2026-07-19 22:48:04.291966,33,Voice,493,No,True
INC-18629,2026-04-22 00:15:04.291966,21,Voice,661,Yes,True
INC-18630,2026-08-25 04:51:04.291966,39,Voice,522,No,True
INC-18631,2026-06-15 08:51:04.291966,31,Voice,468,No,True
INC-18632,2026-08-11 19:44:04.291966,38,Voice,497,No,False
INC-18633,2026-04-28 22:12:04.291966,46,Chat,655,No,True
INC-18634,2026-08-29 14:34:04.291966,2,Voice,516,Yes,True
INC-18635,2026-09-13 03:42:04.291966,27,Chat,501,No,False
INC-18636,2026-03-28 11:24:04.291966,36,Voice,376,No,True
INC-18637,2026-04-04 21:06:04.291966,11,Email,1532,No,False
INC-18638,2026-08-27 18:47:04.291966,47,Email,1858,No,False
INC-18639,2026-08-17 02:58:04.291966,18,Voice,651,N,True
INC-18640,2026-04-07 13:38:04.291966,1,Chat,852,Yes,True
INC-18641,2026-07-18 15:38:04.291966,35,Voice,498,N,False
INC-18642,2026-05-06 15:15:04.291966,35,Email,1795,No,True
INC-18643,2026-04-19 03:02:04.291966,31,Chat,634,No,True
INC-18644,2026-07-17 05:41:04.291966,28,Voice,528,No,True
INC-18645,2026-06-04 19:20:04.291966,39,Voice,380,,True
INC-18646,2026-04-16 06:51:04.291966,1,Voice,459,No,True
INC-18647,2026-05-28 02:01:04.291966,25,Voice,424,No,True
INC-18648,2026-03-23 07:38:04.291966,43,Chat,987,No,True
INC-18649,2026-06-02 07:03:04.291966,38,Voice,546,No,True
INC-18650,2026-05-29 18:30:04.291966,20,Voice,586,No,False
INC-18651,2026-04-11 18:23:04.291966,3,Voice,521,N,True
INC-18652,2026-04-02 00:37:04.291966,2,Voice,500,Yes,False
INC-18653,2026-04-30 19:29:04.291966,18,Voice,702,No,True
INC-18654,2026-04-18 16:11:04.291966,44,Email,1042,No,True
INC-18655,2026-09-08 04:38:04.291966,10,Voice,683,,True
INC-18656,2026-05-09 15:31:04.291966,5,Chat,842,No,True
INC-18657,2026-03-28 16:25:04.291966,9,Voice,548,Y,True
INC-18658,2026-07-26 03:38:04.291966,2,Voice,440,No,True
INC-18659,2026-03-27 20:09:04.291966,34,Chat,759,No,True
INC-18660,2026-05-28 12:42:04.291966,38,Voice,538,No,True
INC-18661,2026-06-24 03:54:04.291966,31,Voice,605,N,True
INC-18662,2026-07-04 10:12:04.291966,10,Chat,994,No,True
INC-18663,2026-08-25 03:30:04.291966,50,Voice,414,No,True
INC-18664,2026-07-28 06:24:04.291966,12,Voice,913,No,True
INC-18665,2026-06-12 16:25:04.291966,36,Chat,1139,No,True
INC-18666,2026-05-05 23:13:04.291966,21,Chat,1086,No,False
INC-18667,2026-08-10 00:22:04.291966,49,Voice,437,Yes,True
INC-18668,2026-04-16 12:22:04.291966,47,Voice,404,No,False
INC-18669,2026-05-27 01:05:04.291966,6,Voice,446,No,True
INC-18670,2026-04-04 16:41:04.291966,48,Voice,609,No,True
INC-18671,2026-04-03 10:02:04.291966,49,Chat,701,No,True
INC-18672,2026-06-08 06:28:04.291966,3,Email,1179,No,True
INC-18673,2026-07-22 22:04:04.291966,10,Email,1661,No,False
INC-18674,2026-04-02 11:48:04.291966,5,Voice,518,No,True
INC-18675,2026-05-02 12:04:04.291966,46,Voice,387,No,True
INC-18676,2026-08-25 10:37:04.291966,26,Chat,681,No,True
INC-18677,2026-06-09 22:31:04.291966,21,Voice,652,No,True
INC-18678,2026-04-18 08:00:04.291966,45,Chat,971,No,True
INC-18679,2026-06-16 20:38:04.291966,26,Chat,627,No,True
INC-18680,2026-08-01 12:03:04.291966,38,Email,1111,No,True
INC-18681,2026-08-14 08:38:04.291966,44,Voice,436,No,True
INC-18682,2026-08-06 18:51:04.291966,26,Voice,567,,True
INC-18683,2026-09-08 18:17:04.291966,8,Email,1678,Yes,True
INC-18684,2026-05-23 03:41:04.291966,5,Chat,1126,No,True
INC-18685,2026-03-27 20:32:04.291966,15,Email,1052,No,True
INC-18686,2026-05-20 11:04:04.291966,16,Voice,506,Yes,True
INC-18687,2026-09-13 16:59:04.291966,1,Chat,1185,No,True
INC-18688,2026-05-24 08:24:04.291966,16,Chat,1166,No,True
INC-18689,2026-09-01 03:25:04.291966,37,Voice,523,No,True
INC-18690,2026-08-27 18:16:04.291966,3,Chat,1369,No,False
INC-18691,2026-04-17 05:09:04.291966,47,Chat,1021,N,True
INC-18692,2026-04-13 01:38:04.291966,31,Voice,605,No,True
INC-18693,2026-08-24 21:19:04.291966,13,Voice,485,No,False
INC-18694,2026-07-10 23:01:04.291966,16,Chat,743,No,True
INC-18695,2026-04-06 01:11:04.291966,43,Voice,374,No,True
INC-18696,2026-04-13 06:41:04.291966,21,Email,1554,Yes,True
INC-18697,2026-07-14 22:31:04.291966,2,Voice,454,No,False
INC-18698,2026-05-24 04:42:04.291966,27,Voice,267,No,False
INC-18699,2026-08-12 17:46:04.291966,38,Email,1192,No,True
INC-18700,2026-07-19 05:15:04.291966,26,Email,1404,No,True
INC-18701,2026-04-15 09:58:04.291966,38,Voice,567,Yes,True
INC-18702,2026-07-30 05:21:04.291966,46,Chat,896,No,False
INC-18703,2026-08-30 10:46:04.291966,25,Voice,471,No,True
INC-18704,2026-09-02 00:32:04.291966,11,Voice,361,No,True
INC-18705,2026-06-04 23:53:04.291966,8,Voice,482,No,True
INC-18706,2026-09-13 08:56:04.291966,8,Voice,638,No,True
INC-18707,2026-04-07 18:08:04.291966,33,Email,1546,No,True
INC-18708,2026-07-31 16:51:04.291966,7,Chat,598,No,True
INC-18709,2026-04-16 14:27:04.291966,38,Email,1124,Y,True
INC-18710,2026-03-20 20:30:04.291966,21,Chat,1017,Y,True
INC-18711,2026-07-17 12:21:04.291966,8,Voice,453,Y,True
INC-18712,2026-07-28 01:43:04.291966,21,Chat,885,No,True
INC-18713,2026-05-02 15:23:04.291966,20,Email,1316,No,False
INC-18714,2026-05-08 07:04:04.291966,8,Chat,1000,No,True
INC-18715,2026-04-16 04:06:04.291966,46,Chat,839,No,True
INC-18716,2026-05-17 22:44:04.291966,31,Email,1444,No,True
INC-18717,2026-03-24 06:42:04.291966,50,Voice,377,No,True
INC-18718,2026-06-22 12:08:04.291966,29,Chat,1084,,False
INC-18719,2026-05-27 01:20:04.291966,48,Email,1433,No,True
INC-18720,2026-08-16 09:47:04.291966,9,Email,1682,No,True
INC-18721,2026-06-10 23:43:04.291966,15,Voice,336,Yes,True
INC-18722,2026-07-15 23:09:04.291966,30,Chat,1246,No,True
INC-18723,2026-04-09 03:47:04.291966,26,Chat,1155,No,True
INC-18724,2026-05-11 06:36:04.291966,10,Voice,250,No,True
INC-18725,2026-09-06 19:31:04.291966,29,Chat,739,,True
INC-18726,2026-06-29 15:04:04.291966,16,Voice,537,No,True
INC-18727,2026-06-13 20:58:04.291966,36,Voice,321,No,True
INC-18728,2026-08-13 06:31:04.291966,20,Voice,464,,True
INC-18729,2026-06-24 12:59:04.291966,45,Chat,985,No,False
INC-18730,2026-07-02 21:56:04.291966,37,Voice,457,No,False
INC-18731,2026-08-02 20:42:04.291966,22,Voice,544,No,True
INC-18732,2026-08-03 15:52:04.291966,7,Voice,396,No,True
INC-18733,2026-07-08 01:57:04.291966,23,Voice,210,Yes,True
INC-18734,2026-09-11 00:59:04.291966,41,Voice,597,No,True
INC-18735,2026-05-27 21:25:04.291966,40,Voice,597,No,False
INC-18736,2026-07-08 21:15:04.291966,29,Chat,1400,Yes,True
INC-18737,2026-08-18 00:50:04.291966,16,Chat,458,No,False
INC-18738,2026-05-15 11:27:04.291966,38,Voice,570,No,False
INC-18739,2026-09-01 05:02:04.291966,28,Voice,243,No,True
INC-18740,2026-09-01 11:19:04.291966,48,Chat,1251,No,True
INC-18741,2026-05-04 19:10:04.291966,38,Voice,538,No,False
INC-18742,2026-05-26 07:30:04.291966,31,Email,1214,No,True
INC-18743,2026-06-07 00:50:04.291966,14,Chat,1056,No,True
INC-18744,2026-04-24 06:40:04.291966,33,Voice,413,Yes,True
INC-18745,2026-07-31 22:56:04.291966,9,Voice,516,No,True
INC-18746,2026-06-14 08:18:04.291966,27,Chat,941,No,False
INC-18747,2026-05-26 02:45:04.291966,24,Voice,689,Yes,True
INC-18748,2026-04-07 06:57:04.291966,13,Voice,697,No,True
INC-18749,2026-07-06 19:01:04.291966,26,Voice,408,No,True
INC-18750,2026-08-29 06:55:04.291966,29,Chat,1111,N,False
INC-18751,2026-09-13 09:56:04.291966,49,Chat,970,No,False
INC-18752,2026-08-23 03:23:04.291966,43,Voice,310,No,True
INC-18753,2026-08-08 05:44:04.291966,28,Chat,760,N,True
INC-18754,2026-09-06 14:44:04.291966,28,Voice,760,No,True
INC-18755,2026-09-13 08:51:04.291966,8,Chat,971,No,True
INC-18756,2026-09-01 17:31:04.291966,23,Voice,599,Yes,False
INC-18757,2026-07-16 01:34:04.291966,29,Chat,857,,False
INC-18758,2026-07-27 13:31:04.291966,5,Email,1338,No,False
INC-18759,2026-07-23 16:33:04.291966,42,Voice,483,No,True
INC-18760,2026-07-09 06:28:04.291966,7,Voice,448,Yes,False
INC-18761,2026-03-24 14:51:04.291966,42,Voice,300,Yes,True
INC-18762,2026-08-14 18:01:04.291966,36,Voice,359,No,True
INC-18763,2026-06-04 10:00:04.291966,41,Voice,564,No,False
INC-18764,2026-04-29 22:37:04.291966,27,Email,1385,No,True
INC-18765,2026-04-27 23:54:04.291966,46,Email,1507,No,True
INC-18766,2026-04-17 10:45:04.291966,2,Voice,508,No,True
INC-18767,2026-09-11 07:17:04.291966,25,Chat,962,No,True
INC-18768,2026-05-19 12:55:04.291966,9,Chat,1129,No,True
INC-18769,2026-03-26 09:27:04.291966,27,Chat,680,No,True
INC-18770,2026-06-08 04:23:04.291966,1,Voice,548,No,True
INC-18771,2026-08-05 02:59:04.291966,23,Voice,570,No,True
INC-18772,2026-07-23 16:21:04.291966,10,Voice,598,No,True
INC-18773,2026-09-03 08:15:04.291966,42,Voice,310,No,True
INC-18774,2026-06-26 03:10:04.291966,25,Chat,950,N,True
INC-18775,2026-04-20 02:51:04.291966,3,Chat,1243,No,True
INC-18776,2026-04-05 15:07:04.291966,6,Voice,468,No,True
INC-18777,2026-05-28 18:41:04.291966,6,Voice,538,Yes,True
INC-18778,2026-08-28 18:06:04.291966,2,Email,1734,No,True
INC-18779,2026-06-01 21:18:04.291966,18,Chat,694,No,False
INC-18780,2026-06-29 12:26:04.291966,23,Email,2050,Yes,True
INC-18781,2026-05-06 13:01:04.291966,2,Voice,539,No,False
INC-18782,2026-06-22 11:23:04.291966,12,Chat,1003,No,True
INC-18783,2026-09-01 22:18:04.291966,22,Chat,567,N,True
INC-18784,2026-04-26 02:19:04.291966,37,Email,1738,No,False
INC-18785,2026-06-14 02:27:04.291966,20,Voice,540,No,True
INC-18786,2026-06-28 12:44:04.291966,39,Voice,674,Y,True
INC-18787,2026-06-21 14:27:04.291966,24,Voice,442,No,True
INC-18788,2026-07-27 13:32:04.291966,48,Email,1203,No,True
INC-18789,2026-07-07 21:17:04.291966,20,Email,1295,No,True
INC-18790,2026-08-25 19:23:04.291966,1,Email,1348,No,True
INC-18791,2026-06-07 00:44:04.291966,1,Email,1164,Yes,True
INC-18792,2026-06-16 11:53:04.291966,17,Voice,634,Yes,True
INC-18793,2026-09-01 06:08:04.291966,1,Voice,639,No,True
INC-18794,2026-07-19 01:21:04.291966,45,Voice,456,No,True
INC-18795,2026-06-16 08:43:04.291966,30,Voice,432,No,True
INC-18796,2026-04-22 18:47:04.291966,41,Email,955,No,True
INC-18797,2026-06-25 23:11:04.291966,47,Email,1708,No,True
INC-18798,2026-08-06 15:21:04.291966,3,Voice,678,No,True
INC-18799,2026-04-06 16:26:04.291966,46,Chat,772,No,True
INC-18800,2026-03-24 17:35:04.291966,11,Email,1464,Yes,True
INC-18801,2026-06-06 15:40:04.291966,24,Voice,532,No,False
INC-18802,2026-07-16 08:51:04.291966,22,Voice,686,No,True
INC-18803,2026-03-23 14:40:04.291966,44,Voice,503,Yes,False
INC-18804,2026-05-03 06:45:04.291966,45,Voice,503,No,True
INC-18805,2026-07-30 02:40:04.291966,26,Chat,935,No,True
INC-18806,2026-08-20 09:29:04.291966,13,Voice,308,No,True
INC-18807,2026-06-29 17:13:04.291966,1,Voice,306,No,True
INC-18808,2026-08-17 01:43:04.291966,24,Email,1257,N,True
INC-18809,2026-08-24 12:03:04.291966,10,Chat,1102,No,True
INC-18810,2026-05-14 02:59:04.291966,35,Voice,439,Yes,True
INC-18811,2026-04-18 14:37:04.291966,24,Email,1341,Yes,True
INC-18812,2026-04-12 03:34:04.291966,28,Voice,414,No,True
INC-18813,2026-07-10 22:37:04.291966,36,Voice,463,No,False
INC-18814,2026-08-27 21:04:04.291966,16,Email,2010,Yes,True
INC-18815,2026-08-23 08:33:04.291966,40,Voice,461,No,True
INC-18816,2026-04-04 00:17:04.291966,16,Chat,742,N,False
INC-18817,2026-06-13 00:57:04.291966,17,Voice,483,No,True
INC-18818,2026-05-13 06:42:04.291966,15,Voice,690,No,True
INC-18819,2026-03-27 23:58:04.291966,16,Chat,799,No,True
INC-18820,2026-08-31 20:29:04.291966,15,Voice,338,No,True
INC-18821,2026-09-12 12:13:04.291966,34,Chat,799,No,True
INC-18822,2026-07-31 07:28:04.291966,11,Chat,925,N,True
INC-18823,2026-06-09 05:02:04.291966,1,Email,1706,Yes,True
INC-18824,2026-08-05 12:07:04.291966,15,Chat,1101,,True
INC-18825,2026-05-02 00:40:04.291966,26,Voice,354,No,True
INC-18826,2026-05-13 20:17:04.291966,4,Email,1214,No,True
INC-18827,2026-06-10 22:23:04.291966,43,Chat,835,Yes,True
INC-18828,2026-06-10 03:08:04.291966,5,Chat,1036,No,True
INC-18829,2026-04-13 04:32:04.291966,35,Email,1121,No,True
INC-18830,2026-06-15 03:28:04.291966,13,Chat,778,No,True
INC-18831,2026-06-26 01:55:04.291966,10,Voice,408,No,True
INC-18832,2026-05-27 15:48:04.291966,11,Chat,1088,No,True
INC-18833,2026-05-29 14:48:04.291966,18,Voice,543,No,False
INC-18834,2026-07-11 02:52:04.291966,34,Voice,588,Yes,True
INC-18835,2026-06-13 15:28:04.291966,39,Chat,1167,No,True
INC-18836,2026-07-07 07:37:04.291966,41,Voice,443,No,True
INC-18837,2026-08-09 21:19:04.291966,42,Voice,337,No,True
INC-18838,2026-06-05 12:12:04.291966,50,Voice,338,No,True
INC-18839,2026-04-19 04:55:04.291966,23,Chat,532,No,True
INC-18840,2026-06-28 22:38:04.291966,7,Voice,424,N,True
INC-18841,2026-03-26 22:00:04.291966,39,Chat,823,N,False
INC-18842,2026-07-26 05:45:04.291966,3,Voice,574,No,False
INC-18843,2026-04-17 01:23:04.291966,12,Voice,482,Yes,True
INC-18844,2026-03-20 09:00:04.291966,7,Voice,421,No,True
INC-18845,2026-06-12 01:06:04.291966,49,Chat,876,N,True
INC-18846,2026-08-21 21:53:04.291966,26,Voice,355,No,True
INC-18847,2026-07-25 17:20:04.291966,33,Email,1807,N,True
INC-18848,2026-04-18 06:19:04.291966,37,Email,1264,N,True
INC-18849,2026-07-27 21:26:04.291966,48,Email,1158,No,True
INC-18850,2026-04-19 15:32:04.291966,15,Email,1745,No,True
INC-18851,2026-09-07 00:52:04.291966,2,Voice,548,No,True
INC-18852,2026-07-30 06:15:04.291966,41,Chat,555,No,True
INC-18853,2026-04-03 00:09:04.291966,7,Chat,1071,No,False
INC-18854,2026-08-24 16:56:04.291966,32,Chat,751,No,True
INC-18855,2026-09-03 17:59:04.291966,4,Email,1387,No,True
INC-18856,2026-06-20 02:56:04.291966,20,Chat,937,Yes,True
INC-18857,2026-06-18 15:53:04.291966,50,Email,1675,No,True
INC-18858,2026-04-18 18:02:04.291966,36,Voice,533,Y,True
INC-18859,2026-08-23 16:23:04.291966,32,Email,1485,No,True
INC-18860,2026-05-06 16:40:04.291966,28,Chat,815,No,True
INC-18861,2026-08-25 16:55:04.291966,13,Chat,982,No,True
INC-18862,2026-04-11 22:35:04.291966,1,Voice,465,No,True
INC-18863,2026-06-04 20:15:04.291966,35,Chat,1261,No,True
INC-18864,2026-08-15 22:18:04.291966,48,Email,1675,No,True
INC-18865,2026-05-30 01:23:04.291966,30,Voice,369,No,False
INC-18866,2026-08-21 00:13:04.291966,36,Chat,804,No,True
INC-18867,2026-08-29 20:41:04.291966,25,Voice,485,Yes,False
INC-18868,2026-04-15 21:06:04.291966,16,Email,1889,No,False
INC-18869,2026-04-05 10:04:04.291966,19,Voice,649,Yes,True
INC-18870,2026-07-29 02:55:04.291966,1,Voice,432,No,True
INC-18871,2026-07-22 19:43:04.291966,5,Voice,367,No,True
INC-18872,2026-05-08 15:31:04.291966,22,Chat,687,Yes,True
INC-18873,2026-06-12 19:40:04.291966,24,Voice,510,Yes,True
INC-18874,2026-08-12 15:15:04.291966,43,Chat,1360,No,True
INC-18875,2026-08-10 08:40:04.291966,45,Email,1661,No,True
INC-18876,2026-08-27 05:50:04.291966,37,Email,1021,No,True
INC-18877,2026-08-30 01:04:04.291966,36,Voice,392,No,True
INC-18878,2026-09-04 16:03:04.291966,36,Email,1312,N,True
INC-18879,2026-04-02 18:58:04.291966,4,Chat,735,N,False
INC-18880,2026-04-10 10:52:04.291966,36,Voice,433,No,False
INC-18881,2026-04-22 03:49:04.291966,18,Voice,524,No,True
INC-18882,2026-04-18 09:26:04.291966,50,Voice,561,No,True
INC-18883,2026-07-07 07:08:04.291966,16,Email,1827,N,True
INC-18884,2026-07-27 15:02:04.291966,41,Voice,542,No,True
INC-18885,2026-04-21 16:49:04.291966,18,Voice,245,,True
INC-18886,2026-07-18 17:34:04.291966,22,Chat,688,No,True
INC-18887,2026-08-14 22:00:04.291966,2,Chat,868,No,True
INC-18888,2026-05-14 07:27:04.291966,21,Chat,929,No,True
INC-18889,2026-04-06 00:09:04.291966,36,Chat,1072,No,True
INC-18890,2026-04-04 05:40:04.291966,44,Voice,485,No,False
INC-18891,2026-03-29 12:07:04.291966,39,Email,1515,Y,True
INC-18892,2026-06-10 19:35:04.291966,47,Voice,508,No,True
INC-18893,2026-08-07 19:04:04.291966,39,Chat,848,No,False
INC-18894,2026-07-07 05:09:04.291966,29,Chat,917,No,False
INC-18895,2026-05-16 04:03:04.291966,26,Voice,615,No,True
INC-18896,2026-04-16 10:47:04.291966,21,Email,1474,No,True
INC-18897,2026-05-29 07:15:04.291966,17,Voice,476,No,True
INC-18898,2026-07-22 10:39:04.291966,16,Voice,475,No,True
INC-18899,2026-04-13 17:09:04.291966,31,Email,1889,No,True
INC-18900,2026-06-13 17:15:04.291966,9,Chat,678,No,True
INC-18901,2026-04-14 01:38:04.291966,31,Chat,1255,N,True
INC-18902,2026-08-06 13:30:04.291966,14,Chat,664,Yes,True
INC-18903,2026-07-03 22:52:04.291966,49,Email,1303,No,True
INC-18904,2026-09-15 13:49:04.291966,37,Voice,569,No,True
INC-18905,2026-06-20 11:07:04.291966,2,Voice,603,No,True
INC-18906,2026-08-29 07:43:04.291966,48,Voice,311,No,True
INC-18907,2026-04-07 21:30:04.291966,46,Voice,348,No,True
INC-18908,2026-05-04 08:56:04.291966,14,Chat,955,No,True
INC-18909,2026-07-05 17:08:04.291966,33,Voice,761,No,True
INC-18910,2026-05-23 10:32:04.291966,35,Voice,629,No,True
INC-18911,2026-09-02 03:42:04.291966,39,Voice,450,No,True
INC-18912,2026-05-08 12:13:04.291966,47,Chat,416,No,True
INC-18913,2026-07-05 05:52:04.291966,20,Email,1524,No,True
INC-18914,2026-07-20 09:40:04.291966,2,Voice,523,No,True
INC-18915,2026-03-27 17:58:04.291966,41,Chat,823,No,True
INC-18916,2026-07-07 17:14:04.291966,19,Voice,377,No,True
INC-18917,2026-08-04 21:34:04.291966,37,Chat,931,No,True
INC-18918,2026-07-09 18:14:04.291966,18,Voice,366,No,True
INC-18919,2026-08-29 20:55:04.291966,16,Voice,704,No,True
INC-18920,2026-04-23 00:10:04.291966,4,Chat,1203,No,True
INC-18921,2026-05-04 13:00:04.291966,12,Email,1697,No,True
INC-18922,2026-05-25 21:00:04.291966,29,Voice,490,No,True
INC-18923,2026-08-25 09:00:04.291966,7,Chat,767,No,True
INC-18924,2026-09-01 07:55:04.291966,14,Chat,895,No,False
INC-18925,2026-07-11 17:49:04.291966,12,Email,1991,N,True
INC-18926,2026-09-12 08:05:04.291966,35,Voice,584,No,True
INC-18927,2026-08-13 03:35:04.291966,5,Voice,504,No,False
INC-18928,2026-04-02 05:16:04.291966,17,Email,1777,No,True
INC-18929,2026-05-19 19:48:04.291966,42,Voice,545,Yes,True
INC-18930,2026-07-28 03:40:04.291966,32,Voice,527,No,True
INC-18931,2026-09-04 10:13:04.291966,10,Voice,597,No,True
INC-18932,2026-05-20 17:16:04.291966,43,Email,1655,No,True
INC-18933,2026-05-04 22:08:04.291966,17,Voice,583,No,True
INC-18934,2026-09-13 19:09:04.291966,5,Email,1548,Yes,True
INC-18935,2026-06-18 07:20:04.291966,45,Voice,449,No,True
INC-18936,2026-04-17 05:51:04.291966,42,Voice,414,No,True
INC-18937,2026-07-28 17:21:04.291966,9,Voice,399,No,False
INC-18938,2026-05-11 16:12:04.291966,49,Voice,287,No,True
INC-18939,2026-09-13 08:10:04.291966,33,Chat,717,No,True
INC-18940,2026-08-25 15:58:04.291966,36,Chat,711,No,True
INC-18941,2026-04-11 03:00:04.291966,36,Voice,419,No,True
INC-18942,2026-07-23 03:57:04.291966,18,Voice,667,No,True
INC-18943,2026-04-26 15:52:04.291966,9,Chat,868,No,True
INC-18944,2026-06-25 21:54:04.291966,29,Email,1572,No,False
INC-18945,2026-06-13 22:33:04.291966,50,Chat,954,No,True
INC-18946,2026-05-07 05:46:04.291966,14,Email,1976,No,True
INC-18947,2026-05-08 07:19:04.291966,25,Voice,410,No,True
INC-18948,2026-08-29 12:46:04.291966,15,Email,1433,No,True
INC-18949,2026-07-28 00:35:04.291966,6,Voice,467,No,False
INC-18950,2026-04-23 18:22:04.291966,42,Voice,616,No,False
INC-18951,2026-06-24 06:28:04.291966,29,Email,1903,Y,False
INC-18952,2026-05-22 14:52:04.291966,15,Email,1642,N,True
INC-18953,2026-06-08 10:13:04.291966,29,Chat,1146,No,True
INC-18954,2026-06-12 01:32:04.291966,4,Voice,501,Yes,True
INC-18955,2026-03-28 10:35:04.291966,18,Voice,459,No,False
INC-18956,2026-03-31 04:12:04.291966,50,Voice,621,N,True
INC-18957,2026-05-31 22:31:04.291966,49,Email,1646,Yes,True
INC-18958,2026-04-03 17:41:04.291966,44,Voice,391,No,True
INC-18959,2026-09-08 14:22:04.291966,39,Email,1799,No,True
INC-18960,2026-07-21 12:07:04.291966,16,Voice,454,No,True
INC-18961,2026-05-22 13:21:04.291966,11,Email,1400,No,True
INC-18962,2026-08-21 19:05:04.291966,14,Email,1767,N,False
INC-18963,2026-04-06 03:15:04.291966,3,Voice,469,Y,True
INC-18964,2026-03-25 10:09:04.291966,50,Voice,526,N,True
INC-18965,2026-05-04 13:37:04.291966,42,Email,1698,No,True
INC-18966,2026-08-15 19:19:04.291966,38,Chat,743,No,True
INC-18967,2026-08-13 10:40:04.291966,45,Chat,976,No,True
INC-18968,2026-05-03 18:51:04.291966,42,Chat,1169,No,True
INC-18969,2026-08-10 18:58:04.291966,18,Voice,365,Yes,True
INC-18970,2026-06-30 10:57:04.291966,20,Email,1634,No,True
INC-18971,2026-04-25 11:23:04.291966,48,Voice,380,No,True
INC-18972,2026-09-12 20:54:04.291966,25,Email,1806,Yes,True
INC-18973,2026-06-01 21:22:04.291966,38,Voice,601,Yes,True
INC-18974,2026-07-13 02:52:04.291966,13,Chat,829,N,True
INC-18975,2026-05-21 08:14:04.291966,4,Voice,745,No,True
INC-18976,2026-03-24 07:16:04.291966,14,Voice,612,No,False
INC-18977,2026-04-10 06:17:04.291966,33,Voice,564,,True
INC-18978,2026-07-03 07:34:04.291966,28,Chat,1030,No,True
INC-18979,2026-06-21 10:51:04.291966,37,Chat,1096,Yes,True
INC-18980,2026-08-27 21:42:04.291966,8,Email,1201,No,True
INC-18981,2026-03-23 11:09:04.291966,44,Voice,503,Yes,True
INC-18982,2026-05-05 01:21:04.291966,34,Chat,976,Yes,False
INC-18983,2026-04-11 13:01:04.291966,44,Chat,819,Y,True
INC-18984,2026-04-04 06:27:04.291966,5,Voice,535,No,True
INC-18985,2026-03-28 12:29:04.291966,5,Voice,627,No,True
INC-18986,2026-09-06 02:54:04.291966,31,Voice,429,No,True
INC-18987,2026-05-18 14:44:04.291966,45,Voice,473,No,True
INC-18988,2026-08-13 05:42:04.291966,9,Voice,381,No,False
INC-18989,2026-04-14 18:46:04.291966,42,Chat,542,Yes,True
INC-18990,2026-07-22 03:55:04.291966,32,Voice,573,No,True
INC-18991,2026-08-22 05:40:04.291966,33,Chat,894,No,True
INC-18992,2026-07-14 03:54:04.291966,3,Email,1514,No,True
INC-18993,2026-04-25 00:01:04.291966,30,Chat,702,No,True
INC-18994,2026-04-02 05:52:04.291966,50,Chat,862,Yes,True
INC-18995,2026-03-31 19:59:04.291966,12,Voice,611,No,True
INC-18996,2026-06-30 13:31:04.291966,29,Email,1500,No,True
INC-18997,2026-03-22 06:26:04.291966,3,Voice,483,No,True
INC-18998,2026-03-26 01:10:04.291966,26,Chat,941,Y,True
INC-18999,2026-04-20 04:45:04.291966,30,Email,1129,No,True
INC-19000,2026-04-15 13:33:04.291966,9,Chat,1024,,True
INC-19001,2026-07-15 11:11:04.291966,26,Chat,648,No,True
INC-19002,2026-08-09 10:27:04.291966,2,Voice,367,N,True
INC-19003,2026-04-25 07:39:04.291966,3,Voice,354,No,True
INC-19004,2026-09-09 20:08:04.291966,46,Chat,864,No,False
INC-19005,2026-08-20 11:09:04.291966,4,Voice,437,N,True
INC-19006,2026-05-31 12:17:04.291966,25,Chat,899,No,True
INC-19007,2026-04-03 19:58:04.291966,13,Voice,371,Y,False
INC-19008,2026-06-02 05:28:04.291966,39,Email,1801,No,True
INC-19009,2026-09-09 23:32:04.291966,44,Voice,580,No,True
INC-19010,2026-09-05 22:58:04.291966,35,Chat,865,No,True
INC-19011,2026-07-31 16:23:04.291966,23,Chat,804,No,False
INC-19012,2026-03-25 21:50:04.291966,9,Voice,410,No,True
INC-19013,2026-06-15 12:03:04.291966,2,Voice,442,,True
INC-19014,2026-08-09 00:51:04.291966,41,Voice,311,No,True
INC-19015,2026-06-14 09:53:04.291966,44,Voice,364,No,False
INC-19016,2026-05-07 13:38:04.291966,31,Voice,583,No,True
INC-19017,2026-05-08 05:03:04.291966,44,Voice,516,No,True
INC-19018,2026-08-16 08:57:04.291966,47,Chat,1226,No,True
INC-19019,2026-07-18 05:25:04.291966,2,Voice,444,No,True
INC-19020,2026-07-29 20:53:04.291966,32,Email,1391,Yes,False
INC-19021,2026-09-12 19:46:04.291966,18,Chat,818,No,True
INC-19022,2026-08-04 03:12:04.291966,13,Voice,441,No,False
INC-19023,2026-09-15 21:38:04.291966,46,Voice,400,No,True
INC-19024,2026-09-08 20:05:04.291966,5,Email,1581,Yes,True
INC-19025,2026-08-03 06:08:04.291966,42,Voice,483,No,True
INC-19026,2026-04-21 14:09:04.291966,44,Chat,798,No,False
INC-19027,2026-06-19 00:12:04.291966,10,Chat,1150,No,True
INC-19028,2026-04-03 00:49:04.291966,43,Voice,707,No,True
INC-19029,2026-08-12 15:10:04.291966,25,Email,1849,No,True
INC-19030,2026-04-09 01:42:04.291966,34,Voice,546,N,True
INC-19031,2026-05-27 00:34:04.291966,37,Voice,571,No,True
INC-19032,2026-05-10 21:02:04.291966,30,Email,2056,No,True
INC-19033,2026-07-30 11:52:04.291966,7,Chat,1052,No,True
INC-19034,2026-07-13 09:55:04.291966,6,Email,1324,No,True
INC-19035,2026-06-27 21:42:04.291966,3,Chat,978,No,True
INC-19036,2026-06-24 06:23:04.291966,13,Chat,1025,No,False
INC-19037,2026-05-23 17:46:04.291966,3,Email,1201,Yes,True
INC-19038,2026-04-03 22:59:04.291966,26,Voice,445,Yes,True
INC-19039,2026-05-28 15:41:04.291966,24,Chat,1120,No,True
INC-19040,2026-05-27 11:59:04.291966,6,Chat,535,No,True
INC-19041,2026-08-17 04:18:04.291966,43,Voice,329,No,True
INC-19042,2026-04-25 16:54:04.291966,49,Chat,864,No,True
INC-19043,2026-07-29 09:13:04.291966,42,Voice,522,No,True
INC-19044,2026-05-01 12:46:04.291966,12,Chat,628,No,False
INC-19045,2026-06-17 15:07:04.291966,49,Chat,874,No,True
INC-19046,2026-04-26 09:49:04.291966,36,Email,1846,No,True
INC-19047,2026-09-06 06:54:04.291966,2,Voice,488,No,True
INC-19048,2026-04-26 22:20:04.291966,11,Chat,1087,N,False
INC-19049,2026-05-25 11:00:04.291966,39,Voice,408,No,True
INC-19050,2026-06-08 22:49:04.291966,34,Chat,738,No,True
INC-19051,2026-06-23 12:04:04.291966,26,Chat,1069,Yes,True
INC-19052,2026-04-26 05:05:04.291966,18,Chat,973,No,True
INC-19053,2026-04-30 19:20:04.291966,21,Email,1144,Y,True
INC-19054,2026-08-17 00:30:04.291966,36,Email,1259,No,True
INC-19055,2026-06-18 04:17:04.291966,40,Voice,667,No,True
INC-19056,2026-05-19 07:36:04.291966,46,Voice,369,No,True
INC-19057,2026-07-05 23:45:04.291966,44,Chat,1086,No,True
INC-19058,2026-04-28 00:32:04.291966,22,Voice,422,No,True
INC-19059,2026-04-09 19:46:04.291966,30,Voice,479,No,True
INC-19060,2026-06-12 01:43:04.291966,50,Chat,958,No,True
INC-19061,2026-07-02 23:26:04.291966,43,Voice,227,,True
INC-19062,2026-08-05 21:25:04.291966,30,Voice,304,,True
INC-19063,2026-08-05 00:09:04.291966,8,Email,1525,No,True
INC-19064,2026-08-06 15:47:04.291966,34,Voice,393,No,True
INC-19065,2026-04-05 13:23:04.291966,47,Voice,599,No,True
INC-19066,2026-09-09 06:04:04.291966,9,Voice,287,No,True
INC-19067,2026-07-25 23:53:04.291966,20,Email,1669,Yes,True
INC-19068,2026-05-21 07:32:04.291966,40,Email,1087,No,True
INC-19069,2026-07-22 13:44:04.291966,25,Chat,829,No,True
INC-19070,2026-07-18 21:57:04.291966,19,Voice,352,Yes,True
INC-19071,2026-06-11 07:40:04.291966,5,Email,2070,N,True
INC-19072,2026-08-18 17:56:04.291966,11,Chat,632,No,True
INC-19073,2026-06-28 18:48:04.291966,15,Email,1463,No,True
INC-19074,2026-09-02 04:54:04.291966,8,Chat,554,No,True
INC-19075,2026-05-01 12:16:04.291966,19,Voice,671,Y,True
INC-19076,2026-06-15 06:55:04.291966,23,Voice,528,N,False
INC-19077,2026-05-19 10:00:04.291966,27,Voice,496,No,True
INC-19078,2026-09-13 07:53:04.291966,40,Voice,656,No,True
INC-19079,2026-08-12 00:55:04.291966,32,Chat,929,No,False
INC-19080,2026-06-11 11:28:04.291966,26,Email,1565,No,True
INC-19081,2026-08-05 02:55:04.291966,27,Chat,926,No,False
INC-19082,2026-07-21 14:10:04.291966,19,Voice,547,No,True
INC-19083,2026-03-30 19:32:04.291966,50,Voice,420,No,True
INC-19084,2026-08-06 22:22:04.291966,42,Voice,454,No,True
INC-19085,2026-06-01 23:02:04.291966,29,Voice,577,Yes,True
INC-19086,2026-05-15 03:26:04.291966,39,Voice,513,No,True
INC-19087,2026-06-17 02:59:04.291966,41,Chat,877,No,True
INC-19088,2026-04-18 04:25:04.291966,33,Voice,311,No,True
INC-19089,2026-05-31 19:37:04.291966,19,Email,1949,No,True
INC-19090,2026-08-21 18:42:04.291966,37,Voice,400,No,True
INC-19091,2026-03-24 08:03:04.291966,19,Email,1796,No,False
INC-19092,2026-06-11 10:38:04.291966,33,Chat,935,N,True
INC-19093,2026-05-08 18:27:04.291966,47,Voice,324,No,True
INC-19094,2026-07-04 14:21:04.291966,16,Chat,1150,,True
INC-19095,2026-09-13 02:28:04.291966,23,Chat,950,Yes,True
INC-19096,2026-08-01 13:40:04.291966,7,Chat,1167,No,True
INC-19097,2026-07-05 04:30:04.291966,26,Chat,863,Yes,True
INC-19098,2026-09-07 09:06:04.291966,32,Voice,564,No,False
INC-19099,2026-04-04 04:08:04.291966,12,Chat,547,No,True
INC-19100,2026-05-02 15:57:04.291966,8,Email,1349,No,True
INC-19101,2026-05-10 18:14:04.291966,5,Voice,327,No,True
INC-19102,2026-08-14 17:34:04.291966,42,Voice,435,No,True
INC-19103,2026-04-19 19:57:04.291966,28,Email,1641,No,True
INC-19104,2026-09-10 06:33:04.291966,5,Voice,407,N,True
INC-19105,2026-07-03 10:39:04.291966,49,Chat,1072,No,True
INC-19106,2026-04-17 10:48:04.291966,26,Chat,728,N,False
INC-19107,2026-06-21 00:36:04.291966,5,Chat,1077,No,True
INC-19108,2026-07-24 06:38:04.291966,22,Voice,637,No,True
INC-19109,2026-05-22 22:42:04.291966,15,Voice,601,,True
INC-19110,2026-07-30 18:46:04.291966,13,Voice,438,No,True
INC-19111,2026-04-28 11:25:04.291966,28,Chat,474,No,True
INC-19112,2026-08-22 01:08:04.291966,33,Chat,1016,No,True
INC-19113,2026-06-30 03:12:04.291966,43,Chat,874,No,True
INC-19114,2026-08-13 02:47:04.291966,23,Chat,704,No,True
INC-19115,2026-08-08 23:45:04.291966,33,Voice,413,No,True
INC-19116,2026-09-13 19:25:04.291966,43,Voice,652,,True
INC-19117,2026-07-01 10:03:04.291966,18,Email,1158,No,True
INC-19118,2026-09-10 13:53:04.291966,50,Voice,536,No,False
INC-19119,2026-08-08 04:53:04.291966,30,Voice,506,No,True
INC-19120,2026-09-13 11:49:04.291966,26,Voice,437,N,True
INC-19121,2026-07-09 02:11:04.291966,16,Voice,557,Yes,True
INC-19122,2026-03-22 01:50:04.291966,13,Voice,675,,True
INC-19123,2026-08-26 09:12:04.291966,39,Email,1411,No,True
INC-19124,2026-09-02 01:39:04.291966,33,Email,1427,No,True
INC-19125,2026-05-01 08:53:04.291966,26,Email,1686,No,True
INC-19126,2026-03-29 07:44:04.291966,48,Email,1775,Y,True
INC-19127,2026-04-25 14:20:04.291966,1,Email,1461,No,True
INC-19128,2026-05-14 18:26:04.291966,49,Chat,838,No,True
INC-19129,2026-07-07 18:02:04.291966,38,Voice,213,No,True
INC-19130,2026-06-03 07:50:04.291966,2,Chat,744,No,True
INC-19131,2026-08-28 01:37:04.291966,49,Voice,343,Yes,True
INC-19132,2026-07-16 06:27:04.291966,6,Voice,562,No,True
INC-19133,2026-08-08 11:12:04.291966,46,Voice,450,No,True
INC-19134,2026-09-14 11:50:04.291966,50,Chat,843,No,True
INC-19135,2026-04-10 02:29:04.291966,38,Voice,478,No,True
INC-19136,2026-03-30 09:51:04.291966,42,Voice,375,No,False
INC-19137,2026-04-13 00:54:04.291966,24,Voice,666,No,True
INC-19138,2026-07-01 22:48:04.291966,18,Email,1889,No,True
INC-19139,2026-08-29 16:47:04.291966,27,Chat,1223,No,True
INC-19140,2026-08-21 05:10:04.291966,41,Email,1705,No,True
INC-19141,2026-07-15 04:22:04.291966,8,Voice,476,No,True
INC-19142,2026-05-13 12:43:04.291966,28,Voice,673,N,True
INC-19143,2026-05-20 11:56:04.291966,10,Chat,763,No,True
INC-19144,2026-04-11 05:46:04.291966,17,Voice,375,Y,True
INC-19145,2026-05-17 10:58:04.291966,29,Chat,779,No,True
INC-19146,2026-05-30 16:14:04.291966,6,Chat,1004,Yes,True
INC-19147,2026-07-30 22:53:04.291966,14,Chat,747,No,True
INC-19148,2026-09-13 00:52:04.291966,22,Email,1453,No,True
INC-19149,2026-06-20 14:20:04.291966,6,Voice,287,,False
INC-19150,2026-08-28 00:44:04.291966,26,Voice,537,No,True
INC-19151,2026-07-08 23:42:04.291966,39,Chat,596,Yes,False
INC-19152,2026-07-27 20:13:04.291966,12,Voice,368,Yes,True
INC-19153,2026-09-12 22:18:04.291966,35,Voice,626,No,True
INC-19154,2026-06-14 21:48:04.291966,14,Voice,621,No,True
INC-19155,2026-05-01 09:34:04.291966,22,Voice,524,No,True
INC-19156,2026-03-24 05:51:04.291966,23,Voice,513,No,False
INC-19157,2026-07-08 13:11:04.291966,48,Voice,416,Yes,True
INC-19158,2026-04-04 17:33:04.291966,7,Chat,745,No,True
INC-19159,2026-05-18 12:06:04.291966,40,Chat,827,No,True
INC-19160,2026-04-03 20:52:04.291966,50,Chat,597,No,True
INC-19161,2026-06-20 20:12:04.291966,25,Chat,950,No,True
INC-19162,2026-06-20 15:29:04.291966,13,Voice,485,No,True
INC-19163,2026-08-07 11:55:04.291966,21,Voice,367,,True
INC-19164,2026-07-01 10:35:04.291966,41,Voice,668,N,False
INC-19165,2026-04-22 23:31:04.291966,10,Email,1682,No,True
INC-19166,2026-04-08 09:12:04.291966,9,Chat,1038,No,True
INC-19167,2026-04-18 02:05:04.291966,15,Voice,421,N,True
INC-19168,2026-06-24 05:08:04.291966,2,Voice,479,No,True
INC-19169,2026-07-29 13:57:04.291966,25,Email,1688,No,True
INC-19170,2026-07-17 23:02:04.291966,13,Chat,930,No,True
INC-19171,2026-06-17 13:59:04.291966,34,Email,1980,,False
INC-19172,2026-09-05 23:51:04.291966,34,Voice,455,No,True
INC-19173,2026-06-14 13:37:04.291966,35,Voice,419,No,True
INC-19174,2026-06-16 20:01:04.291966,38,Chat,1026,,True
INC-19175,2026-08-08 14:49:04.291966,3,Chat,647,,True
INC-19176,2026-05-08 06:44:04.291966,42,Chat,1084,No,True
INC-19177,2026-05-14 18:34:04.291966,6,Chat,639,N,True
INC-19178,2026-04-18 19:21:04.291966,48,Chat,1027,N,True
INC-19179,2026-05-29 02:12:04.291966,49,Chat,770,Yes,True
INC-19180,2026-06-05 01:06:04.291966,19,Voice,537,No,False
INC-19181,2026-04-06 14:24:04.291966,3,Voice,588,No,True
INC-19182,2026-05-03 07:54:04.291966,18,Email,1546,No,True
INC-19183,2026-04-11 15:12:04.291966,39,Voice,336,N,False
INC-19184,2026-08-02 23:15:04.291966,9,Chat,720,No,True
INC-19185,2026-03-28 06:00:04.291966,12,Chat,754,No,False
INC-19186,2026-05-23 12:00:04.291966,5,Email,931,N,True
INC-19187,2026-07-07 02:56:04.291966,3,Voice,615,,True
INC-19188,2026-09-11 07:22:04.291966,11,Voice,493,Yes,True
INC-19189,2026-06-28 07:06:04.291966,30,Email,1159,N,True
INC-19190,2026-04-14 17:22:04.291966,4,Email,1936,Yes,True
INC-19191,2026-03-25 07:18:04.291966,5,Chat,759,No,True
INC-19192,2026-08-25 17:11:04.291966,1,Voice,510,No,True
INC-19193,2026-03-29 16:41:04.291966,27,Voice,380,No,True
INC-19194,2026-05-29 20:12:04.291966,28,Chat,496,No,False
INC-19195,2026-04-17 12:44:04.291966,29,Email,1090,Yes,True
INC-19196,2026-08-22 04:04:04.291966,18,Email,1365,No,True
INC-19197,2026-07-18 04:35:04.291966,12,Voice,587,N,True
INC-19198,2026-08-06 05:57:04.291966,13,Voice,521,Yes,True
INC-19199,2026-07-01 08:26:04.291966,41,Voice,496,Yes,False
INC-19200,2026-07-13 21:53:04.291966,2,Email,896,No,True
INC-19201,2026-08-27 05:19:04.291966,37,Chat,1154,No,True
INC-19202,2026-05-08 09:10:04.291966,45,Voice,506,No,True
INC-19203,2026-05-09 01:26:04.291966,16,Voice,465,No,False
INC-19204,2026-06-29 00:13:04.291966,48,Chat,1126,N,True
INC-19205,2026-08-19 12:15:04.291966,24,Voice,629,,True
INC-19206,2026-09-02 21:19:04.291966,35,Email,1846,Yes,True
INC-19207,2026-07-18 16:31:04.291966,22,Chat,850,No,True
INC-19208,2026-07-05 12:12:04.291966,36,Voice,359,No,True
INC-19209,2026-06-02 07:41:04.291966,11,Voice,598,No,True
INC-19210,2026-06-01 00:44:04.291966,46,Email,1090,No,True
INC-19211,2026-07-18 21:59:04.291966,29,Voice,713,No,True
INC-19212,2026-07-14 12:03:04.291966,35,Voice,483,No,True
INC-19213,2026-07-26 00:38:04.291966,48,Email,1181,No,True
INC-19214,2026-07-13 19:55:04.291966,15,Email,1130,Y,True
INC-19215,2026-06-11 16:33:04.291966,31,Email,1116,No,True
INC-19216,2026-07-28 05:37:04.291966,42,Voice,496,No,True
INC-19217,2026-05-19 21:18:04.291966,41,Voice,479,No,True
INC-19218,2026-09-02 15:09:04.291966,43,Voice,331,No,True
INC-19219,2026-04-16 23:51:04.291966,16,Voice,437,No,True
INC-19220,2026-04-22 04:01:04.291966,10,Chat,626,No,True
INC-19221,2026-07-18 13:15:04.291966,49,Voice,550,No,True
INC-19222,2026-07-21 06:12:04.291966,32,Chat,889,No,True
INC-19223,2026-08-20 14:54:04.291966,2,Voice,434,No,True
INC-19224,2026-08-28 07:33:04.291966,24,Voice,325,N,True
INC-19225,2026-03-23 20:20:04.291966,23,Email,1409,No,True
INC-19226,2026-09-15 09:43:04.291966,2,Voice,430,No,False
INC-19227,2026-05-01 20:54:04.291966,38,Voice,518,No,True
INC-19228,2026-06-09 14:54:04.291966,31,Voice,500,Y,True
INC-19229,2026-05-26 23:41:04.291966,40,Voice,575,Yes,True
INC-19230,2026-05-02 11:28:04.291966,26,Voice,421,No,True
INC-19231,2026-08-22 05:42:04.291966,29,Voice,256,Yes,True
INC-19232,2026-06-27 14:45:04.291966,3,Chat,1098,No,True
INC-19233,2026-09-12 19:18:04.291966,14,Email,1219,No,True
INC-19234,2026-05-24 08:11:04.291966,25,Chat,678,Yes,True
INC-19235,2026-05-27 18:50:04.291966,48,Voice,474,No,False
INC-19236,2026-09-07 04:22:04.291966,1,Chat,960,No,True
INC-19237,2026-09-11 05:12:04.291966,3,Voice,416,No,True
INC-19238,2026-05-26 05:17:04.291966,26,Chat,792,No,True
INC-19239,2026-04-29 10:19:04.291966,18,Chat,821,No,True
INC-19240,2026-03-25 21:25:04.291966,9,Voice,649,No,True
INC-19241,2026-07-25 04:42:04.291966,38,Email,1499,No,True
INC-19242,2026-06-21 01:27:04.291966,23,Email,1209,No,True
INC-19243,2026-09-04 14:28:04.291966,21,Email,1212,No,True
INC-19244,2026-07-23 08:06:04.291966,1,Voice,449,No,True
INC-19245,2026-03-26 23:19:04.291966,21,Chat,947,N,True
INC-19246,2026-09-03 10:05:04.291966,27,Email,1645,,True
INC-19247,2026-08-12 21:22:04.291966,42,Voice,494,N,False
INC-19248,2026-07-13 11:54:04.291966,6,Email,1247,,True
INC-19249,2026-07-26 15:06:04.291966,44,Voice,429,Y,True
INC-19250,2026-03-24 13:49:04.291966,36,Voice,568,No,False
INC-19251,2026-06-18 18:18:04.291966,28,Chat,670,No,True
INC-19252,2026-06-01 08:55:04.291966,45,Chat,806,,True
INC-19253,2026-07-04 20:42:04.291966,17,Chat,1019,Y,True
INC-19254,2026-04-12 00:16:04.291966,40,Email,1762,No,True
INC-19255,2026-06-03 11:19:04.291966,3,Voice,456,No,True
INC-19256,2026-07-30 20:34:04.291966,12,Voice,430,Yes,True
INC-19257,2026-04-22 07:09:04.291966,39,Email,1103,,True
INC-19258,2026-05-23 13:39:04.291966,12,Voice,543,No,True
INC-19259,2026-09-13 07:45:04.291966,2,Chat,1163,No,True
INC-19260,2026-07-01 23:51:04.291966,46,Chat,1413,No,True
INC-19261,2026-04-24 14:22:04.291966,22,Voice,526,,True
INC-19262,2026-07-22 21:21:04.291966,23,Voice,473,No,True
INC-19263,2026-09-05 14:40:04.291966,30,Chat,716,No,True
INC-19264,2026-07-12 23:12:04.291966,5,Email,936,No,True
INC-19265,2026-07-25 08:04:04.291966,9,Chat,935,Yes,True
INC-19266,2026-03-30 23:35:04.291966,21,Chat,1370,Yes,True
INC-19267,2026-08-05 03:18:04.291966,11,Voice,632,No,True
INC-19268,2026-04-16 05:39:04.291966,5,Voice,613,No,True
INC-19269,2026-06-01 14:18:04.291966,35,Voice,509,No,True
INC-19270,2026-07-24 16:43:04.291966,27,Voice,523,No,True
INC-19271,2026-09-16 01:24:04.291966,49,Voice,189,Yes,True
INC-19272,2026-06-21 18:04:04.291966,2,Voice,571,N,True
INC-19273,2026-07-02 06:29:04.291966,24,Voice,410,No,True
INC-19274,2026-05-17 18:03:04.291966,31,Voice,395,Yes,True
INC-19275,2026-06-10 06:37:04.291966,33,Voice,441,No,True
INC-19276,2026-08-13 11:17:04.291966,39,Chat,828,Yes,True
INC-19277,2026-06-22 00:23:04.291966,30,Chat,756,No,True
INC-19278,2026-05-18 19:22:04.291966,46,Voice,481,No,True
INC-19279,2026-06-22 00:59:04.291966,37,Email,1332,No,True
INC-19280,2026-06-20 10:43:04.291966,28,Voice,492,No,False
INC-19281,2026-06-27 12:22:04.291966,31,Email,1053,No,True
INC-19282,2026-06-27 05:20:04.291966,11,Voice,454,N,True
INC-19283,2026-04-14 08:23:04.291966,23,Email,1171,No,True
INC-19284,2026-04-27 23:34:04.291966,2,Voice,403,No,True
INC-19285,2026-06-29 12:54:04.291966,40,Chat,928,No,True
INC-19286,2026-05-21 04:43:04.291966,41,Voice,287,No,True
INC-19287,2026-06-17 08:58:04.291966,27,Chat,735,No,True
INC-19288,2026-09-15 22:42:04.291966,35,Voice,548,No,True
INC-19289,2026-06-23 22:26:04.291966,2,Voice,310,N,True
INC-19290,2026-05-17 07:41:04.291966,39,Chat,1255,Yes,True
INC-19291,2026-06-10 13:17:04.291966,37,Voice,624,No,True
INC-19292,2026-05-26 09:27:04.291966,21,Email,1351,No,True
INC-19293,2026-04-12 10:34:04.291966,5,Voice,385,Yes,True
INC-19294,2026-05-01 16:35:04.291966,45,Voice,504,No,True
INC-19295,2026-08-17 21:44:04.291966,21,Chat,610,No,True
INC-19296,2026-07-05 11:35:04.291966,29,Voice,239,No,True
INC-19297,2026-03-24 19:14:04.291966,20,Voice,424,No,False
INC-19298,2026-07-06 12:29:04.291966,38,Chat,873,No,True
INC-19299,2026-06-14 04:11:04.291966,20,Chat,918,No,True
INC-19300,2026-07-29 04:51:04.291966,50,Email,1315,No,False
INC-19301,2026-05-27 09:03:04.291966,25,Voice,632,No,True
INC-19302,2026-06-13 22:33:04.291966,2,Chat,600,Yes,True
INC-19303,2026-06-28 04:38:04.291966,32,Voice,343,,True
INC-19304,2026-07-15 01:52:04.291966,26,Voice,538,No,True
INC-19305,2026-05-30 05:48:04.291966,6,Chat,667,Yes,False
INC-19306,2026-07-08 08:52:04.291966,41,Voice,335,Yes,True
INC-19307,2026-03-30 14:59:04.291966,3,Voice,494,No,True
INC-19308,2026-06-12 05:37:04.291966,33,Voice,353,Yes,True
INC-19309,2026-04-04 18:28:04.291966,1,Chat,873,No,True
INC-19310,2026-03-28 03:12:04.291966,5,Email,1290,Yes,True
INC-19311,2026-04-17 23:12:04.291966,13,Chat,727,Yes,False
INC-19312,2026-06-16 19:06:04.291966,19,Voice,227,No,False
INC-19313,2026-07-26 07:05:04.291966,12,Chat,927,N,True
INC-19314,2026-08-24 01:18:04.291966,48,Chat,650,No,True
INC-19315,2026-06-06 21:48:04.291966,25,Voice,459,No,True
INC-19316,2026-05-25 04:40:04.291966,35,Voice,418,Yes,True
INC-19317,2026-06-21 22:52:04.291966,12,Voice,455,No,True
INC-19318,2026-07-20 17:22:04.291966,30,Voice,462,Yes,True
INC-19319,2026-06-09 00:24:04.291966,5,Email,1558,No,True
INC-19320,2026-05-25 08:23:04.291966,34,Voice,392,N,True
INC-19321,2026-07-11 15:46:04.291966,22,Voice,629,No,True
INC-19322,2026-07-04 04:11:04.291966,39,Email,945,No,False
INC-19323,2026-06-24 08:03:04.291966,13,Email,1432,No,True
INC-19324,2026-07-09 01:57:04.291966,47,Chat,1067,No,True
INC-19325,2026-09-10 00:42:04.291966,3,Voice,537,No,True
INC-19326,2026-03-26 21:37:04.291966,20,Voice,363,No,False
INC-19327,2026-08-16 06:14:04.291966,31,Voice,383,Yes,True
INC-19328,2026-09-12 07:38:04.291966,5,Voice,359,No,True
INC-19329,2026-07-18 12:21:04.291966,24,Voice,551,No,True
INC-19330,2026-08-21 12:15:04.291966,40,Chat,752,Yes,True
INC-19331,2026-05-11 06:58:04.291966,33,Voice,510,No,True
INC-19332,2026-08-08 16:14:04.291966,8,Voice,511,No,True
INC-19333,2026-09-16 05:25:04.291966,24,Voice,764,No,True
INC-19334,2026-08-14 07:13:04.291966,50,Chat,962,No,True
INC-19335,2026-04-22 10:20:04.291966,20,Chat,737,,True
INC-19336,2026-08-06 18:44:04.291966,16,Chat,607,N,True
INC-19337,2026-07-15 23:09:04.291966,50,Voice,446,No,True
INC-19338,2026-08-27 13:23:04.291966,12,Voice,465,No,True
INC-19339,2026-04-12 15:36:04.291966,13,Voice,214,No,True
INC-19340,2026-05-01 14:27:04.291966,45,Voice,394,Yes,True
INC-19341,2026-08-07 05:31:04.291966,42,Email,1589,No,True
INC-19342,2026-04-17 03:04:04.291966,39,Email,1340,N,True
INC-19343,2026-09-10 19:45:04.291966,25,Chat,1093,,False
INC-19344,2026-05-04 13:44:04.291966,46,Email,1032,No,False
INC-19345,2026-09-05 07:11:04.291966,32,Chat,1035,No,True
INC-19346,2026-05-06 18:04:04.291966,24,Voice,589,No,True
INC-19347,2026-04-07 00:08:04.291966,48,Email,1786,No,True
INC-19348,2026-07-15 23:58:04.291966,47,Voice,292,No,False
INC-19349,2026-06-17 20:27:04.291966,44,Chat,962,No,True
INC-19350,2026-05-14 05:05:04.291966,9,Voice,399,No,True
INC-19351,2026-07-11 22:10:04.291966,40,Voice,311,No,False
INC-19352,2026-05-29 12:49:04.291966,50,Chat,817,No,False
INC-19353,2026-06-05 15:05:04.291966,23,Voice,371,No,True
INC-19354,2026-08-07 00:32:04.291966,50,Voice,590,No,True
INC-19355,2026-09-15 21:37:04.291966,13,Voice,541,Yes,False
INC-19356,2026-07-26 05:42:04.291966,32,Voice,341,No,False
INC-19357,2026-09-08 04:23:04.291966,50,Email,1282,No,True
INC-19358,2026-04-19 09:42:04.291966,15,Chat,823,No,False
INC-19359,2026-05-28 02:01:04.291966,36,Voice,471,Yes,True
INC-19360,2026-06-02 16:05:04.291966,49,Voice,600,No,True
INC-19361,2026-05-30 09:52:04.291966,5,Email,1707,,True
INC-19362,2026-07-07 09:26:04.291966,22,Voice,486,No,True
INC-19363,2026-05-17 08:01:04.291966,16,Voice,448,N,True
INC-19364,2026-03-30 12:39:04.291966,41,Voice,267,No,True
INC-19365,2026-07-15 18:16:04.291966,10,Email,1887,No,True
INC-19366,2026-07-02 23:09:04.291966,24,Voice,426,No,False
INC-19367,2026-06-17 13:52:04.291966,18,Voice,666,No,True
INC-19368,2026-07-19 08:58:04.291966,49,Voice,503,No,True
INC-19369,2026-08-15 21:58:04.291966,18,Voice,723,No,False
INC-19370,2026-05-21 03:01:04.291966,7,Chat,1021,No,True
INC-19371,2026-03-26 05:55:04.291966,4,Voice,308,No,True
INC-19372,2026-05-27 10:48:04.291966,26,Voice,406,No,True
INC-19373,2026-05-03 05:24:04.291966,5,Voice,459,No,False
INC-19374,2026-08-01 07:43:04.291966,16,Voice,375,No,True
INC-19375,2026-03-28 07:11:04.291966,35,Email,1386,No,True
INC-19376,2026-06-17 22:30:04.291966,26,Email,1089,No,False
INC-19377,2026-07-17 23:04:04.291966,18,Voice,480,No,True
INC-19378,2026-05-16 09:01:04.291966,29,Voice,508,No,False
INC-19379,2026-09-02 11:54:04.291966,23,Voice,359,N,True
INC-19380,2026-05-16 01:42:04.291966,14,Chat,1288,No,True
INC-19381,2026-09-12 22:04:04.291966,15,Chat,912,No,True
INC-19382,2026-09-06 23:25:04.291966,49,Voice,381,No,True
INC-19383,2026-06-12 07:26:04.291966,33,Chat,574,No,True
INC-19384,2026-04-10 13:23:04.291966,25,Chat,911,,True
INC-19385,2026-08-07 05:43:04.291966,21,Email,1421,No,True
INC-19386,2026-05-08 00:14:04.291966,17,Voice,573,No,False
INC-19387,2026-04-12 01:05:04.291966,23,Voice,462,No,True
INC-19388,2026-04-21 19:28:04.291966,43,Voice,336,No,True
INC-19389,2026-05-21 07:50:04.291966,17,Email,2001,No,True
INC-19390,2026-04-05 01:17:04.291966,14,Chat,987,N,True
INC-19391,2026-08-22 03:38:04.291966,29,Chat,849,No,True
INC-19392,2026-04-25 17:48:04.291966,20,Voice,499,No,True
INC-19393,2026-04-15 07:47:04.291966,30,Voice,536,No,False
INC-19394,2026-08-15 00:44:04.291966,19,Voice,308,No,True
INC-19395,2026-03-24 02:50:04.291966,39,Chat,931,No,True
INC-19396,2026-07-07 22:48:04.291966,13,Voice,425,No,True
INC-19397,2026-08-21 12:00:04.291966,18,Voice,540,No,True
INC-19398,2026-06-26 06:54:04.291966,23,Chat,751,No,True
INC-19399,2026-06-11 00:17:04.291966,46,Voice,407,No,True
INC-19400,2026-06-16 06:26:04.291966,33,Voice,679,No,True
INC-19401,2026-04-09 06:48:04.291966,39,Voice,627,N,True
INC-19402,2026-04-10 04:27:04.291966,40,Email,511,No,True
INC-19403,2026-04-13 22:49:04.291966,18,Chat,1131,Y,True
INC-19404,2026-07-23 05:10:04.291966,9,Email,1477,No,True
INC-19405,2026-04-22 10:45:04.291966,33,Voice,395,,True
INC-19406,2026-06-12 09:18:04.291966,32,Email,1197,No,True
INC-19407,2026-06-06 15:42:04.291966,17,Email,1215,No,True
INC-19408,2026-03-23 07:29:04.291966,19,Chat,764,No,True
INC-19409,2026-04-18 01:55:04.291966,27,Email,1161,N,True
INC-19410,2026-07-08 18:39:04.291966,6,Voice,317,No,True
INC-19411,2026-06-30 17:55:04.291966,35,Voice,355,No,False
INC-19412,2026-05-11 02:29:04.291966,37,Voice,518,No,True
INC-19413,2026-05-27 06:26:04.291966,34,Chat,910,No,True
INC-19414,2026-05-14 19:15:04.291966,20,Chat,1011,No,True
INC-19415,2026-08-27 22:00:04.291966,25,Chat,886,No,True
INC-19416,2026-07-19 01:59:04.291966,4,Voice,323,No,True
INC-19417,2026-05-24 17:33:04.291966,10,Voice,539,Yes,True
INC-19418,2026-05-14 01:48:04.291966,10,Voice,359,No,True
INC-19419,2026-06-10 19:25:04.291966,24,Chat,1029,No,True
INC-19420,2026-03-21 23:03:04.291966,21,Voice,340,,False
INC-19421,2026-07-27 23:18:04.291966,11,Email,1293,No,True
INC-19422,2026-03-29 17:11:04.291966,27,Voice,436,No,True
INC-19423,2026-09-07 04:01:04.291966,16,Voice,560,,True
INC-19424,2026-06-05 03:03:04.291966,26,Email,1552,Yes,True
INC-19425,2026-05-20 09:38:04.291966,30,Voice,482,No,False
INC-19426,2026-08-19 09:27:04.291966,49,Voice,706,No,True
INC-19427,2026-04-09 00:03:04.291966,16,Voice,259,No,True
INC-19428,2026-07-31 04:27:04.291966,7,Voice,355,No,True
INC-19429,2026-08-12 17:46:04.291966,16,Email,1175,N,True
INC-19430,2026-07-07 09:31:04.291966,35,Chat,545,No,True
INC-19431,2026-09-15 02:29:04.291966,16,Voice,393,No,True
INC-19432,2026-04-23 03:59:04.291966,40,Chat,1037,No,True
INC-19433,2026-04-10 02:11:04.291966,12,Voice,409,Yes,True
INC-19434,2026-08-24 17:13:04.291966,35,Chat,833,No,True
INC-19435,2026-03-27 18:42:04.291966,49,Email,983,No,False
INC-19436,2026-08-08 21:31:04.291966,21,Email,1261,Y,False
INC-19437,2026-04-30 07:26:04.291966,50,Voice,424,No,True
INC-19438,2026-08-10 20:52:04.291966,43,Voice,557,Yes,True
INC-19439,2026-04-03 05:56:04.291966,36,Voice,279,No,True
INC-19440,2026-04-06 07:51:04.291966,48,Chat,808,No,True
INC-19441,2026-05-10 16:18:04.291966,17,Chat,1117,No,True
INC-19442,2026-08-22 09:05:04.291966,32,Voice,426,No,True
INC-19443,2026-04-29 00:30:04.291966,41,Email,865,N,True
INC-19444,2026-07-02 07:12:04.291966,6,Voice,633,No,True
INC-19445,2026-04-18 16:02:04.291966,24,Voice,568,No,True
INC-19446,2026-06-11 18:50:04.291966,27,Voice,584,No,True
INC-19447,2026-05-04 18:14:04.291966,20,Voice,270,No,True
INC-19448,2026-04-10 03:36:04.291966,25,Voice,661,Yes,True
INC-19449,2026-06-25 11:30:04.291966,2,Chat,745,No,True
INC-19450,2026-09-13 08:37:04.291966,9,Voice,418,N,False
INC-19451,2026-06-04 03:44:04.291966,28,Voice,395,N,True
INC-19452,2026-05-02 05:27:04.291966,38,Chat,1089,No,True
INC-19453,2026-06-28 14:57:04.291966,3,Voice,458,No,True
INC-19454,2026-04-25 20:46:04.291966,20,Chat,996,No,True
INC-19455,2026-04-29 14:37:04.291966,6,Voice,489,No,True
INC-19456,2026-08-21 13:28:04.291966,39,Chat,880,No,True
INC-19457,2026-07-06 06:38:04.291966,33,Email,1215,Yes,True
INC-19458,2026-07-17 03:58:04.291966,1,Voice,697,No,False
INC-19459,2026-09-09 03:58:04.291966,37,Chat,607,No,True
INC-19460,2026-03-30 16:02:04.291966,6,Email,1623,No,False
INC-19461,2026-06-09 23:24:04.291966,45,Chat,975,No,True
INC-19462,2026-05-08 11:39:04.291966,34,Voice,618,No,False
INC-19463,2026-07-01 09:47:04.291966,47,Voice,646,No,True
INC-19464,2026-04-28 05:28:04.291966,15,Chat,872,N,True
INC-19465,2026-09-09 02:03:04.291966,45,Email,1659,No,True
INC-19466,2026-07-13 01:00:04.291966,26,Voice,691,No,True
INC-19467,2026-09-09 21:15:04.291966,14,Voice,472,Yes,True
INC-19468,2026-05-28 06:18:04.291966,7,Voice,352,No,True
INC-19469,2026-07-06 18:52:04.291966,46,Voice,433,Yes,True
INC-19470,2026-06-24 05:20:04.291966,31,Voice,323,No,True
INC-19471,2026-08-13 20:20:04.291966,24,Voice,524,Yes,True
INC-19472,2026-09-08 08:24:04.291966,31,Voice,607,No,True
INC-19473,2026-04-24 15:33:04.291966,29,Voice,465,No,True
INC-19474,2026-08-19 09:49:04.291966,42,Email,1013,No,False
INC-19475,2026-09-13 12:55:04.291966,32,Voice,602,No,True
INC-19476,2026-04-17 09:15:04.291966,17,Voice,266,No,True
INC-19477,2026-07-22 02:02:04.291966,14,Voice,294,No,True
INC-19478,2026-05-27 20:31:04.291966,40,Email,1446,,True
INC-19479,2026-07-18 07:50:04.291966,36,Chat,950,No,True
INC-19480,2026-04-29 13:14:04.291966,48,Chat,984,No,True
INC-19481,2026-04-05 03:57:04.291966,24,Voice,472,No,True
INC-19482,2026-06-30 01:48:04.291966,45,Email,2028,No,True
INC-19483,2026-08-17 10:16:04.291966,27,Voice,487,Yes,True
INC-19484,2026-08-23 19:31:04.291966,25,Voice,604,Yes,True
INC-19485,2026-03-22 16:18:04.291966,32,Chat,1057,No,True
INC-19486,2026-08-29 23:19:04.291966,18,Email,1112,No,True
INC-19487,2026-06-14 11:51:04.291966,46,Chat,866,Yes,True
INC-19488,2026-07-01 02:45:04.291966,18,Email,2136,No,True
INC-19489,2026-06-02 03:40:04.291966,37,Email,1348,No,True
INC-19490,2026-08-31 04:47:04.291966,26,Voice,399,N,True
INC-19491,2026-04-08 01:48:04.291966,9,Voice,500,No,True
INC-19492,2026-07-31 04:43:04.291966,35,Voice,423,No,True
INC-19493,2026-07-31 01:18:04.291966,8,Email,1261,No,False
INC-19494,2026-07-23 02:25:04.291966,20,Voice,422,No,True
INC-19495,2026-06-04 10:00:04.291966,42,Email,1929,No,True
INC-19496,2026-05-10 13:47:04.291966,22,Voice,463,No,True
INC-19497,2026-05-08 23:48:04.291966,19,Voice,320,No,True
INC-19498,2026-09-06 16:43:04.291966,30,Voice,298,No,True
INC-19499,2026-05-01 13:41:04.291966,28,Voice,744,No,True
INC-19500,2026-05-16 02:02:04.291966,35,Email,1432,No,True
INC-19501,2026-08-26 05:45:04.291966,43,Voice,532,,True
INC-19502,2026-08-06 01:22:04.291966,11,Voice,387,No,False
INC-19503,2026-03-20 21:54:04.291966,31,Voice,518,No,True
INC-19504,2026-04-15 18:28:04.291966,49,Voice,655,No,False
INC-19505,2026-06-15 23:44:04.291966,48,Voice,401,Yes,True
INC-19506,2026-08-02 21:18:04.291966,39,Voice,535,No,True
INC-19507,2026-08-24 23:57:04.291966,36,Email,1078,Yes,True
INC-19508,2026-03-24 10:53:04.291966,30,Voice,722,No,True
INC-19509,2026-06-30 07:46:04.291966,23,Voice,512,No,True
INC-19510,2026-07-27 01:49:04.291966,19,Chat,817,Yes,True
INC-19511,2026-08-17 18:55:04.291966,12,Voice,444,No,True
INC-19512,2026-04-29 10:16:04.291966,15,Voice,418,No,True
INC-19513,2026-07-11 07:39:04.291966,31,Chat,808,No,True
INC-19514,2026-05-03 08:35:04.291966,43,Voice,186,,False
INC-19515,2026-08-08 13:25:04.291966,37,Chat,880,No,True
INC-19516,2026-05-26 16:50:04.291966,37,Voice,463,No,True
INC-19517,2026-07-16 02:57:04.291966,15,Chat,997,No,True
INC-19518,2026-06-16 19:10:04.291966,29,Email,1343,No,False
INC-19519,2026-08-30 09:32:04.291966,50,Voice,387,N,True
INC-19520,2026-04-06 12:02:04.291966,43,Voice,479,No,True
INC-19521,2026-05-22 18:42:04.291966,26,Voice,286,No,True
INC-19522,2026-05-22 14:16:04.291966,44,Voice,497,No,True
INC-19523,2026-06-23 00:07:04.291966,2,Email,941,No,False
INC-19524,2026-05-24 17:35:04.291966,20,Chat,1124,No,True
INC-19525,2026-09-05 21:29:04.291966,15,Voice,562,Yes,True
INC-19526,2026-09-12 11:43:04.291966,4,Chat,714,No,True
INC-19527,2026-08-18 06:27:04.291966,22,Voice,559,Yes,True
INC-19528,2026-03-26 02:38:04.291966,50,Chat,922,No,False
INC-19529,2026-04-01 19:43:04.291966,38,Chat,698,No,True
INC-19530,2026-05-26 11:08:04.291966,23,Chat,495,N,True
INC-19531,2026-05-20 18:07:04.291966,26,Voice,517,No,True
INC-19532,2026-06-29 00:54:04.291966,11,Chat,741,No,True
INC-19533,2026-07-05 18:20:04.291966,28,Voice,611,Yes,True
INC-19534,2026-04-11 06:54:04.291966,2,Chat,902,N,False
INC-19535,2026-08-04 17:15:04.291966,8,Voice,396,No,False
INC-19536,2026-05-27 08:05:04.291966,29,Voice,695,No,True
INC-19537,2026-09-07 00:08:04.291966,11,Chat,1015,Yes,True
INC-19538,2026-08-22 08:29:04.291966,37,Email,403,No,False
INC-19539,2026-04-27 08:21:04.291966,18,Voice,421,No,True
INC-19540,2026-03-22 00:11:04.291966,50,Email,1084,Yes,True
INC-19541,2026-04-19 21:42:04.291966,14,Chat,740,No,True
INC-19542,2026-09-11 14:32:04.291966,10,Chat,871,No,True
INC-19543,2026-06-19 23:19:04.291966,35,Email,1606,No,True
INC-19544,2026-04-11 09:07:04.291966,9,Voice,511,No,True
INC-19545,2026-03-20 13:13:04.291966,35,Email,1823,No,True
INC-19546,2026-04-07 17:11:04.291966,11,Voice,556,Yes,True
INC-19547,2026-06-03 04:08:04.291966,44,Voice,548,N,True
INC-19548,2026-06-29 07:58:04.291966,12,Chat,940,No,False
INC-19549,2026-03-25 22:44:04.291966,3,Email,1886,No,True
INC-19550,2026-08-21 17:00:04.291966,39,Email,1405,No,False
INC-19551,2026-08-01 06:33:04.291966,14,Chat,841,No,True
INC-19552,2026-07-28 01:31:04.291966,28,Chat,518,No,False
INC-19553,2026-04-26 11:41:04.291966,11,Voice,606,Yes,True
INC-19554,2026-06-21 12:38:04.291966,39,Email,1476,No,False
INC-19555,2026-09-04 08:13:04.291966,25,Voice,832,No,True
INC-19556,2026-06-12 16:23:04.291966,21,Chat,818,No,True
INC-19557,2026-05-10 02:28:04.291966,10,Chat,917,No,False
INC-19558,2026-09-14 03:30:04.291966,43,Chat,1009,No,True
INC-19559,2026-08-08 23:13:04.291966,15,Voice,347,No,True
INC-19560,2026-04-09 14:36:04.291966,19,Email,1607,No,True
INC-19561,2026-08-19 11:07:04.291966,48,Chat,906,No,True
INC-19562,2026-05-14 06:11:04.291966,22,Email,1408,No,True
INC-19563,2026-08-30 19:47:04.291966,21,Voice,620,No,True
INC-19564,2026-08-22 04:24:04.291966,44,Chat,719,No,True
INC-19565,2026-04-23 19:04:04.291966,32,Chat,954,No,True
INC-19566,2026-08-08 20:35:04.291966,50,Chat,1190,No,True
INC-19567,2026-08-11 15:03:04.291966,23,Email,1288,,True
INC-19568,2026-05-10 06:43:04.291966,13,Voice,444,No,True
INC-19569,2026-04-29 18:35:04.291966,5,Voice,761,,False
INC-19570,2026-04-14 03:57:04.291966,4,Voice,536,No,False
INC-19571,2026-08-22 13:55:04.291966,28,Voice,419,No,True
INC-19572,2026-07-03 00:50:04.291966,14,Email,1740,No,True
INC-19573,2026-04-01 21:04:04.291966,8,Voice,411,No,True
INC-19574,2026-06-13 20:00:04.291966,9,Voice,292,No,True
INC-19575,2026-04-07 09:20:04.291966,35,Voice,644,No,False
INC-19576,2026-08-06 17:21:04.291966,37,Chat,679,N,True
INC-19577,2026-06-10 02:44:04.291966,21,Voice,774,No,True
INC-19578,2026-06-14 07:15:04.291966,18,Voice,421,No,True
INC-19579,2026-03-20 13:19:04.291966,33,Voice,735,No,True
INC-19580,2026-04-28 05:07:04.291966,8,Voice,315,Yes,True
INC-19581,2026-06-17 22:34:04.291966,49,Email,1807,No,True
INC-19582,2026-08-03 11:06:04.291966,17,Voice,539,No,True
INC-19583,2026-04-19 07:35:04.291966,43,Chat,1067,Y,True
INC-19584,2026-04-16 01:40:04.291966,31,Email,1790,No,False
INC-19585,2026-06-07 02:13:04.291966,34,Chat,800,No,True
INC-19586,2026-03-20 15:09:04.291966,6,Email,1107,No,False
INC-19587,2026-04-26 04:33:04.291966,22,Email,1484,No,True
INC-19588,2026-08-06 02:09:04.291966,14,Voice,506,No,True
INC-19589,2026-08-06 09:28:04.291966,3,Chat,805,No,True
INC-19590,2026-04-05 23:56:04.291966,12,Voice,513,No,True
INC-19591,2026-07-04 03:38:04.291966,36,Voice,519,No,True
INC-19592,2026-07-10 13:22:04.291966,12,Email,1226,No,True
INC-19593,2026-07-23 00:41:04.291966,45,Chat,978,Yes,True
INC-19594,2026-06-04 18:39:04.291966,2,Chat,846,No,True
INC-19595,2026-07-16 15:38:04.291966,2,Chat,760,No,True
INC-19596,2026-06-10 14:04:04.291966,15,Voice,574,N,True
INC-19597,2026-07-19 06:41:04.291966,23,Email,1266,,True
INC-19598,2026-07-28 05:13:04.291966,29,Voice,425,No,True
INC-19599,2026-04-09 06:17:04.291966,17,Voice,488,No,False
INC-19600,2026-07-29 14:04:04.291966,32,Email,1912,No,True
INC-19601,2026-05-04 08:31:04.291966,7,Voice,503,No,True
INC-19602,2026-03-23 02:31:04.291966,30,Chat,1005,Yes,True
INC-19603,2026-05-12 17:44:04.291966,28,Chat,840,No,True
INC-19604,2026-05-19 04:45:04.291966,14,Voice,470,No,True
INC-19605,2026-04-29 11:03:04.291966,44,Email,1485,No,True
INC-19606,2026-06-22 04:26:04.291966,30,Chat,958,No,True
INC-19607,2026-08-05 12:27:04.291966,17,Voice,444,No,True
INC-19608,2026-04-29 10:50:04.291966,32,Voice,640,N,False
INC-19609,2026-04-30 06:31:04.291966,46,Email,1388,No,True
INC-19610,2026-06-10 01:29:04.291966,6,Voice,275,No,False
INC-19611,2026-04-21 09:24:04.291966,24,Email,2322,N,True
INC-19612,2026-09-09 09:08:04.291966,6,Voice,440,Yes,True
INC-19613,2026-09-01 18:42:04.291966,27,Chat,1162,No,True
INC-19614,2026-08-28 20:59:04.291966,18,Email,1921,No,False
INC-19615,2026-09-09 22:24:04.291966,24,Voice,593,No,True
INC-19616,2026-07-17 08:03:04.291966,37,Chat,860,No,True
INC-19617,2026-09-05 20:24:04.291966,24,Chat,957,Y,True
INC-19618,2026-07-01 22:22:04.291966,38,Chat,645,No,True
INC-19619,2026-05-04 07:24:04.291966,34,Chat,1298,No,True
INC-19620,2026-07-10 03:57:04.291966,40,Chat,729,No,True
INC-19621,2026-03-26 11:44:04.291966,47,Chat,849,No,True
INC-19622,2026-05-18 00:49:04.291966,15,Email,1529,No,True
INC-19623,2026-05-19 20:52:04.291966,11,Chat,878,N,True
INC-19624,2026-07-08 22:28:04.291966,22,Voice,401,N,True
INC-19625,2026-05-22 17:42:04.291966,24,Email,1918,No,True
INC-19626,2026-09-05 22:19:04.291966,1,Voice,594,No,True
INC-19627,2026-05-24 11:32:04.291966,18,Voice,518,No,True
INC-19628,2026-05-04 11:54:04.291966,44,Voice,432,N,True
INC-19629,2026-04-26 23:43:04.291966,12,Voice,607,No,True
INC-19630,2026-03-24 22:12:04.291966,43,Voice,424,No,True
INC-19631,2026-09-12 12:40:04.291966,28,Voice,668,No,False
INC-19632,2026-04-22 12:58:04.291966,40,Voice,493,No,False
INC-19633,2026-05-13 17:47:04.291966,7,Chat,1145,No,True
INC-19634,2026-07-09 21:38:04.291966,23,Voice,466,No,True
INC-19635,2026-04-15 19:18:04.291966,21,Voice,488,No,True
INC-19636,2026-07-19 08:01:04.291966,34,Voice,627,No,True
INC-19637,2026-07-28 18:28:04.291966,11,Voice,743,No,False
INC-19638,2026-08-14 21:50:04.291966,22,Voice,667,No,True
INC-19639,2026-06-03 02:59:04.291966,42,Chat,1075,No,True
INC-19640,2026-06-06 16:57:04.291966,35,Email,1676,No,True
INC-19641,2026-06-21 01:49:04.291966,29,Email,1347,N,True
INC-19642,2026-04-08 12:51:04.291966,42,Email,1588,Yes,False
INC-19643,2026-03-24 19:39:04.291966,28,Voice,370,Yes,True
INC-19644,2026-05-03 14:49:04.291966,18,Voice,525,No,True
INC-19645,2026-09-13 06:16:04.291966,14,Voice,532,No,False
INC-19646,2026-06-14 03:41:04.291966,18,Chat,507,No,True
INC-19647,2026-06-19 04:13:04.291966,28,Voice,484,No,True
INC-19648,2026-08-13 01:09:04.291966,24,Chat,982,,True
INC-19649,2026-08-15 00:12:04.291966,8,Voice,469,No,True
INC-19650,2026-05-24 09:48:04.291966,42,Voice,522,No,True
INC-19651,2026-08-06 23:16:04.291966,45,Email,1097,No,False
INC-19652,2026-07-30 20:03:04.291966,8,Chat,744,No,True
INC-19653,2026-07-15 13:36:04.291966,4,Email,1810,No,True
INC-19654,2026-05-07 12:26:04.291966,27,Chat,900,No,True
INC-19655,2026-06-21 02:35:04.291966,36,Email,1601,No,True
INC-19656,2026-06-07 18:34:04.291966,5,Chat,790,N,True
INC-19657,2026-05-10 09:35:04.291966,33,Email,1505,No,True
INC-19658,2026-07-25 23:24:04.291966,49,Voice,203,Yes,True
INC-19659,2026-04-16 18:33:04.291966,34,Chat,1069,N,True
INC-19660,2026-04-28 05:38:04.291966,30,Chat,1261,No,True
INC-19661,2026-08-29 18:42:04.291966,8,Voice,352,No,True
INC-19662,2026-08-30 00:40:04.291966,39,Email,1217,No,True
INC-19663,2026-07-22 08:05:04.291966,47,Email,1632,,True
INC-19664,2026-03-22 01:03:04.291966,26,Voice,656,No,True
INC-19665,2026-07-31 10:22:04.291966,37,Voice,479,No,False
INC-19666,2026-07-06 11:21:04.291966,34,Voice,332,No,True
INC-19667,2026-04-29 23:52:04.291966,7,Email,1437,,True
INC-19668,2026-08-31 05:50:04.291966,40,Chat,694,No,True
INC-19669,2026-06-27 10:04:04.291966,28,Voice,399,No,True
INC-19670,2026-07-20 12:31:04.291966,39,Chat,839,No,True
INC-19671,2026-05-22 21:12:04.291966,39,Voice,368,No,True
INC-19672,2026-08-08 03:40:04.291966,28,Chat,744,No,True
INC-19673,2026-04-28 07:44:04.291966,14,Voice,488,No,True
INC-19674,2026-03-22 05:12:04.291966,50,Voice,505,No,False
INC-19675,2026-05-22 23:17:04.291966,38,Chat,615,No,True
INC-19676,2026-04-13 22:33:04.291966,4,Voice,527,No,True
INC-19677,2026-06-06 01:43:04.291966,42,Voice,434,No,True
INC-19678,2026-07-11 11:33:04.291966,18,Voice,566,No,True
INC-19679,2026-06-02 18:49:04.291966,44,Voice,573,No,True
INC-19680,2026-09-12 05:40:04.291966,48,Voice,414,No,True
INC-19681,2026-06-12 18:39:04.291966,25,Email,1684,No,True
INC-19682,2026-04-29 04:03:04.291966,7,Email,1248,No,True
INC-19683,2026-08-17 23:18:04.291966,38,Email,1897,No,True
INC-19684,2026-07-10 10:17:04.291966,28,Email,1260,No,True
INC-19685,2026-04-27 02:59:04.291966,5,Voice,522,N,False
INC-19686,2026-06-09 15:22:04.291966,3,Voice,457,Yes,True
INC-19687,2026-03-24 14:58:04.291966,44,Voice,357,No,True
INC-19688,2026-06-10 08:36:04.291966,31,Email,1770,No,True
INC-19689,2026-06-14 01:02:04.291966,47,Chat,777,No,False
INC-19690,2026-05-30 00:10:04.291966,42,Voice,275,No,True
INC-19691,2026-08-11 17:30:04.291966,20,Voice,134,No,False
INC-19692,2026-05-12 01:58:04.291966,19,Chat,724,No,False
INC-19693,2026-08-13 09:02:04.291966,48,Chat,1175,No,True
INC-19694,2026-08-23 01:37:04.291966,11,Email,1877,No,True
INC-19695,2026-06-18 14:32:04.291966,40,Voice,393,No,True
INC-19696,2026-04-18 19:27:04.291966,3,Email,1387,No,True
INC-19697,2026-04-16 06:38:04.291966,23,Voice,424,N,True
INC-19698,2026-04-30 08:49:04.291966,7,Chat,633,No,True
INC-19699,2026-04-17 21:12:04.291966,23,Email,1215,No,True
INC-19700,2026-04-24 11:16:04.291966,7,Email,1794,No,True
INC-19701,2026-03-31 01:55:04.291966,46,Voice,540,No,True
INC-19702,2026-04-19 12:22:04.291966,34,Voice,512,N,True
INC-19703,2026-06-19 19:11:04.291966,42,Voice,319,,True
INC-19704,2026-06-29 10:10:04.291966,19,Voice,492,No,True
INC-19705,2026-04-20 18:51:04.291966,9,Chat,439,No,True
INC-19706,2026-07-09 10:11:04.291966,48,Email,1752,No,True
INC-19707,2026-08-17 21:53:04.291966,18,Voice,511,No,False
INC-19708,2026-08-15 00:33:04.291966,41,Voice,318,No,False
INC-19709,2026-08-05 13:41:04.291966,48,Voice,673,No,True
INC-19710,2026-07-08 19:04:04.291966,45,Email,961,No,True
INC-19711,2026-03-20 10:39:04.291966,42,Email,1659,No,True
INC-19712,2026-09-09 19:06:04.291966,25,Voice,546,No,True
INC-19713,2026-07-24 08:17:04.291966,14,Voice,331,No,True
INC-19714,2026-05-27 13:39:04.291966,44,Chat,892,No,True
INC-19715,2026-09-04 16:05:04.291966,25,Chat,572,No,True
INC-19716,2026-06-02 08:50:04.291966,19,Voice,138,N,True
INC-19717,2026-07-06 06:46:04.291966,39,Email,1179,No,True
INC-19718,2026-08-05 04:09:04.291966,15,Email,1315,No,True
INC-19719,2026-07-05 06:09:04.291966,16,Chat,1028,N,False
INC-19720,2026-08-01 20:05:04.291966,27,Chat,913,No,True
INC-19721,2026-08-05 10:10:04.291966,40,Voice,491,No,True
INC-19722,2026-08-13 20:33:04.291966,10,Chat,697,No,False
INC-19723,2026-08-14 00:32:04.291966,4,Voice,416,N,True
INC-19724,2026-03-25 00:23:04.291966,19,Voice,368,No,False
INC-19725,2026-08-17 08:58:04.291966,28,Voice,333,No,False
INC-19726,2026-07-30 09:43:04.291966,21,Voice,408,No,True
INC-19727,2026-09-09 09:11:04.291966,47,Voice,488,No,True
INC-19728,2026-07-22 01:56:04.291966,14,Chat,785,No,False
INC-19729,2026-08-13 04:41:04.291966,33,Chat,835,No,True
INC-19730,2026-04-16 18:38:04.291966,48,Chat,1038,No,True
INC-19731,2026-06-27 15:51:04.291966,10,Voice,419,Y,False
INC-19732,2026-06-18 19:01:04.291966,19,Voice,319,No,True
INC-19733,2026-06-30 01:57:04.291966,30,Email,1669,Y,True
INC-19734,2026-08-31 15:39:04.291966,22,Voice,511,No,False
INC-19735,2026-09-04 11:03:04.291966,3,Email,1598,No,True
INC-19736,2026-09-12 19:23:04.291966,37,Voice,555,No,True
INC-19737,2026-07-16 07:16:04.291966,41,Chat,991,No,True
INC-19738,2026-04-19 16:34:04.291966,18,Voice,483,No,True
INC-19739,2026-04-25 20:18:04.291966,11,Chat,1378,Yes,True
INC-19740,2026-04-16 13:07:04.291966,48,Email,1114,No,True
INC-19741,2026-07-25 00:16:04.291966,2,Email,1324,No,True
INC-19742,2026-09-02 00:44:04.291966,12,Email,1790,No,True
INC-19743,2026-09-11 14:32:04.291966,6,Voice,497,No,True
INC-19744,2026-06-29 15:09:04.291966,43,Chat,1051,No,True
INC-19745,2026-07-22 14:37:04.291966,40,Voice,500,No,False
INC-19746,2026-05-03 17:07:04.291966,44,Chat,1174,No,True
INC-19747,2026-05-28 03:10:04.291966,29,Voice,359,No,True
INC-19748,2026-04-26 16:10:04.291966,30,Email,1902,No,True
INC-19749,2026-06-08 08:37:04.291966,2,Email,1851,No,False
INC-19750,2026-09-07 11:48:04.291966,9,Voice,334,No,True
INC-19751,2026-06-07 04:46:04.291966,47,Voice,555,No,True
INC-19752,2026-04-21 16:05:04.291966,2,Voice,474,No,True
INC-19753,2026-04-05 20:28:04.291966,29,Chat,778,No,True
INC-19754,2026-06-24 10:53:04.291966,33,Voice,253,No,True
INC-19755,2026-09-05 08:02:04.291966,10,Email,1196,No,True
INC-19756,2026-04-29 02:32:04.291966,34,Chat,1041,No,True
INC-19757,2026-08-24 23:20:04.291966,44,Chat,1062,No,True
INC-19758,2026-06-07 09:40:04.291966,8,Chat,857,No,True
INC-19759,2026-06-29 11:17:04.291966,37,Voice,578,No,True
INC-19760,2026-03-31 20:55:04.291966,33,Email,1783,No,True
INC-19761,2026-09-05 17:19:04.291966,47,Chat,930,No,True
INC-19762,2026-05-11 03:43:04.291966,6,Email,1283,No,True
INC-19763,2026-08-12 09:26:04.291966,44,Chat,988,Yes,True
INC-19764,2026-05-15 08:16:04.291966,40,Chat,997,No,True
INC-19765,2026-04-24 03:31:04.291966,45,Voice,560,No,True
INC-19766,2026-05-28 01:12:04.291966,19,Chat,1073,No,True
INC-19767,2026-08-06 10:46:04.291966,32,Chat,627,No,True
INC-19768,2026-04-14 17:27:04.291966,27,Chat,798,No,True
INC-19769,2026-07-20 18:42:04.291966,1,Chat,520,Y,True
INC-19770,2026-05-08 04:13:04.291966,43,Voice,569,No,True
INC-19771,2026-09-10 07:08:04.291966,33,Email,1436,No,True
INC-19772,2026-05-15 04:42:04.291966,40,Email,1629,No,True
INC-19773,2026-08-19 21:08:04.291966,32,Voice,302,Yes,True
INC-19774,2026-08-19 20:53:04.291966,5,Email,1920,No,True
INC-19775,2026-03-27 20:30:04.291966,17,Voice,336,Yes,True
INC-19776,2026-05-18 03:26:04.291966,8,Chat,1054,Yes,True
INC-19777,2026-04-28 01:43:04.291966,42,Voice,494,No,True
INC-19778,2026-06-08 19:22:04.291966,34,Email,1443,No,True
INC-19779,2026-04-08 12:12:04.291966,9,Voice,447,No,True
INC-19780,2026-08-02 05:50:04.291966,23,Voice,403,N,True
INC-19781,2026-04-29 08:44:04.291966,35,Voice,635,Y,True
INC-19782,2026-06-24 11:49:04.291966,50,Voice,481,,True
INC-19783,2026-06-11 20:11:04.291966,7,Chat,646,Yes,True
INC-19784,2026-03-30 15:36:04.291966,15,Voice,433,Y,True
INC-19785,2026-05-14 04:05:04.291966,20,Chat,925,No,True
INC-19786,2026-05-26 11:37:04.291966,50,Email,1769,N,True
INC-19787,2026-03-28 18:00:04.291966,25,Email,1318,No,False
INC-19788,2026-05-31 03:44:04.291966,3,Email,1338,No,True
INC-19789,2026-03-29 03:39:04.291966,46,Voice,482,Yes,True
INC-19790,2026-06-15 03:54:04.291966,24,Voice,584,Yes,True
INC-19791,2026-04-13 05:08:04.291966,34,Chat,626,No,True
INC-19792,2026-04-30 07:06:04.291966,46,Voice,540,N,False
INC-19793,2026-05-24 23:51:04.291966,22,Email,1360,Yes,True
INC-19794,2026-05-26 21:10:04.291966,11,Voice,441,No,True
INC-19795,2026-07-05 03:29:04.291966,48,Email,2100,N,True
INC-19796,2026-04-22 23:48:04.291966,8,Voice,456,No,True
INC-19797,2026-05-21 22:41:04.291966,39,Email,1726,Y,True
INC-19798,2026-07-28 00:54:04.291966,43,Voice,566,No,False
INC-19799,2026-09-12 13:46:04.291966,35,Voice,338,Yes,True
INC-19800,2026-06-28 08:07:04.291966,49,Chat,530,Yes,True
INC-19801,2026-05-13 02:21:04.291966,46,Voice,578,No,True
INC-19802,2026-07-26 10:41:04.291966,38,Chat,683,,True
INC-19803,2026-09-07 03:57:04.291966,8,Chat,567,Y,True
INC-19804,2026-07-27 12:36:04.291966,37,Voice,603,No,True
INC-19805,2026-08-07 22:05:04.291966,27,Email,1194,No,True
INC-19806,2026-05-16 03:02:04.291966,28,Voice,387,No,False
INC-19807,2026-06-11 09:52:04.291966,40,Chat,1294,No,True
INC-19808,2026-09-11 03:09:04.291966,34,Chat,568,No,True
INC-19809,2026-09-12 07:04:04.291966,32,Chat,648,No,True
INC-19810,2026-05-06 02:00:04.291966,15,Voice,424,No,True
INC-19811,2026-09-05 08:33:04.291966,44,Voice,451,No,True
INC-19812,2026-08-10 16:49:04.291966,17,Chat,721,Yes,True
INC-19813,2026-06-23 04:25:04.291966,33,Voice,340,No,True
INC-19814,2026-09-11 16:45:04.291966,47,Voice,661,No,True
INC-19815,2026-04-04 11:00:04.291966,46,Chat,952,No,True
INC-19816,2026-05-07 23:55:04.291966,16,Chat,1017,No,True
INC-19817,2026-07-11 17:51:04.291966,29,Voice,463,No,True
INC-19818,2026-09-07 21:38:04.291966,9,Voice,514,No,True
INC-19819,2026-04-05 13:16:04.291966,33,Voice,591,Y,True
INC-19820,2026-07-20 18:07:04.291966,49,Voice,360,No,True
INC-19821,2026-06-09 04:39:04.291966,29,Voice,511,No,True
INC-19822,2026-04-06 13:31:04.291966,13,Voice,563,No,True
INC-19823,2026-09-07 15:30:04.291966,21,Email,1963,No,False
INC-19824,2026-06-09 02:14:04.291966,21,Chat,1289,No,True
INC-19825,2026-08-18 20:57:04.291966,5,Voice,488,No,True
INC-19826,2026-04-16 07:15:04.291966,10,Voice,616,No,True
INC-19827,2026-05-08 04:03:04.291966,6,Chat,365,No,True
INC-19828,2026-05-09 17:18:04.291966,13,Voice,666,No,True
INC-19829,2026-08-24 07:04:04.291966,1,Chat,754,No,True
INC-19830,2026-09-01 12:44:04.291966,20,Email,1427,Yes,True
INC-19831,2026-04-23 00:21:04.291966,47,Chat,988,No,True
INC-19832,2026-07-31 13:41:04.291966,46,Voice,461,No,True
INC-19833,2026-05-23 00:09:04.291966,8,Chat,939,No,True
INC-19834,2026-04-26 03:40:04.291966,10,Email,1976,No,True
INC-19835,2026-04-16 19:55:04.291966,9,Chat,823,No,True
INC-19836,2026-03-24 12:34:04.291966,49,Chat,682,No,False
INC-19837,2026-05-20 16:28:04.291966,41,Voice,697,No,True
INC-19838,2026-03-22 12:47:04.291966,3,Voice,543,No,True
INC-19839,2026-04-11 02:02:04.291966,11,Chat,1284,No,True
INC-19840,2026-03-26 00:22:04.291966,12,Email,1759,No,True
INC-19841,2026-06-22 23:48:04.291966,10,Chat,635,No,True
INC-19842,2026-07-17 07:21:04.291966,25,Chat,1029,No,True
INC-19843,2026-05-27 08:09:04.291966,49,Voice,361,No,True
INC-19844,2026-07-09 14:39:04.291966,49,Voice,480,No,True
INC-19845,2026-06-07 04:13:04.291966,25,Chat,884,Yes,True
INC-19846,2026-04-11 10:37:04.291966,11,Voice,285,N,True
INC-19847,2026-07-03 23:59:04.291966,36,Chat,737,N,True
INC-19848,2026-06-29 20:23:04.291966,39,Voice,744,Yes,True
INC-19849,2026-04-13 21:25:04.291966,26,Chat,947,No,True
INC-19850,2026-05-10 05:56:04.291966,14,Email,1447,,True
INC-19851,2026-07-31 02:08:04.291966,39,Voice,697,No,True
INC-19852,2026-07-22 01:37:04.291966,40,Voice,432,No,True
INC-19853,2026-03-22 18:02:04.291966,1,Chat,881,No,True
INC-19854,2026-04-07 20:06:04.291966,4,Email,1797,No,False
INC-19855,2026-03-27 07:07:04.291966,30,Chat,819,No,True
INC-19856,2026-09-08 11:14:04.291966,12,Voice,390,No,True
INC-19857,2026-05-26 09:00:04.291966,35,Voice,209,No,True
INC-19858,2026-08-17 04:51:04.291966,13,Voice,367,No,True
INC-19859,2026-04-10 19:06:04.291966,31,Voice,366,N,True
INC-19860,2026-07-05 05:49:04.291966,38,Email,1547,No,False
INC-19861,2026-09-01 12:22:04.291966,43,Email,1316,No,False
INC-19862,2026-07-11 12:45:04.291966,23,Voice,738,Yes,True
INC-19863,2026-04-19 05:55:04.291966,4,Voice,353,No,True
INC-19864,2026-05-03 06:36:04.291966,16,Voice,648,No,True
INC-19865,2026-09-09 07:44:04.291966,7,Email,1565,No,True
INC-19866,2026-08-01 14:42:04.291966,22,Chat,1061,Yes,True
INC-19867,2026-07-15 12:29:04.291966,29,Chat,1049,,False
INC-19868,2026-06-12 15:42:04.291966,11,Voice,213,No,True
INC-19869,2026-05-01 16:42:04.291966,33,Chat,897,No,True
INC-19870,2026-06-13 08:44:04.291966,29,Voice,448,Y,True
INC-19871,2026-06-08 15:33:04.291966,39,Voice,344,No,True
INC-19872,2026-03-20 12:18:04.291966,12,Chat,991,No,True
INC-19873,2026-06-28 17:08:04.291966,7,Chat,1243,Y,True
INC-19874,2026-07-17 00:15:04.291966,39,Voice,159,No,True
INC-19875,2026-04-21 20:32:04.291966,42,Voice,415,No,True
INC-19876,2026-09-11 09:37:04.291966,48,Voice,330,No,True
INC-19877,2026-05-27 20:14:04.291966,26,Voice,488,No,True
INC-19878,2026-05-21 19:29:04.291966,40,Chat,834,No,True
INC-19879,2026-07-23 17:41:04.291966,9,Email,1318,No,True
INC-19880,2026-07-02 01:00:04.291966,41,Voice,562,No,True
INC-19881,2026-07-10 16:43:04.291966,34,Voice,676,N,True
INC-19882,2026-08-22 01:35:04.291966,45,Voice,799,No,True
INC-19883,2026-09-15 20:52:04.291966,13,Chat,752,No,True
INC-19884,2026-09-11 07:05:04.291966,36,Voice,261,Yes,True
INC-19885,2026-07-02 16:33:04.291966,25,Chat,1011,Y,True
INC-19886,2026-05-12 11:09:04.291966,24,Voice,673,No,True
INC-19887,2026-09-02 13:11:04.291966,44,Chat,1062,No,True
INC-19888,2026-07-03 14:43:04.291966,17,Email,1981,No,False
INC-19889,2026-05-31 15:45:04.291966,2,Email,1432,N,True
INC-19890,2026-06-04 07:01:04.291966,13,Email,1317,No,True
INC-19891,2026-06-21 16:56:04.291966,31,Chat,923,No,True
INC-19892,2026-06-15 09:38:04.291966,29,Email,1400,No,True
INC-19893,2026-08-05 00:53:04.291966,50,Voice,559,No,True
INC-19894,2026-03-24 14:35:04.291966,28,Voice,596,N,True
INC-19895,2026-05-29 22:32:04.291966,27,Voice,605,,True
INC-19896,2026-06-16 09:23:04.291966,15,Chat,1002,No,True
INC-19897,2026-08-29 18:19:04.291966,31,Email,1573,No,True
INC-19898,2026-04-19 16:54:04.291966,40,Voice,575,Yes,True
INC-19899,2026-07-09 13:45:04.291966,15,Chat,507,No,True
INC-19900,2026-03-26 22:17:04.291966,33,Chat,942,No,True
INC-19901,2026-05-23 19:34:04.291966,20,Email,1515,,False
INC-19902,2026-09-09 20:55:04.291966,42,Chat,942,Yes,False
INC-19903,2026-06-24 02:38:04.291966,12,Email,1473,No,True
INC-19904,2026-07-03 14:09:04.291966,37,Voice,531,N,False
INC-19905,2026-08-05 13:29:04.291966,9,Voice,411,No,True
INC-19906,2026-05-10 03:58:04.291966,23,Chat,1125,No,True
INC-19907,2026-07-30 12:09:04.291966,8,Voice,536,No,True
INC-19908,2026-05-26 08:24:04.291966,32,Voice,498,No,True
INC-19909,2026-04-02 20:06:04.291966,48,Chat,760,No,True
INC-19910,2026-08-12 15:49:04.291966,14,Chat,1063,N,True
INC-19911,2026-08-23 22:22:04.291966,27,Chat,941,No,True
INC-19912,2026-06-06 03:21:04.291966,25,Voice,389,N,False
INC-19913,2026-07-03 08:18:04.291966,13,Chat,888,No,True
INC-19914,2026-05-20 22:51:04.291966,21,Voice,555,No,True
INC-19915,2026-07-27 15:31:04.291966,45,Voice,546,No,True
INC-19916,2026-06-02 13:52:04.291966,31,Chat,997,No,False
INC-19917,2026-07-30 17:28:04.291966,37,Voice,491,No,False
INC-19918,2026-08-20 11:22:04.291966,48,Voice,603,N,True
INC-19919,2026-08-22 07:25:04.291966,43,Chat,1147,Yes,True
INC-19920,2026-07-30 13:46:04.291966,5,Voice,568,Yes,True
INC-19921,2026-05-28 17:27:04.291966,13,Email,1323,No,True
INC-19922,2026-07-18 15:12:04.291966,28,Chat,688,No,True
INC-19923,2026-08-02 02:18:04.291966,43,Email,1336,Y,True
INC-19924,2026-04-28 00:37:04.291966,25,Voice,714,N,True
INC-19925,2026-08-13 05:00:04.291966,35,Chat,956,No,False
INC-19926,2026-07-04 20:54:04.291966,47,Voice,735,No,True
INC-19927,2026-06-11 21:11:04.291966,39,Email,1463,No,True
INC-19928,2026-04-09 23:23:04.291966,7,Voice,448,No,True
INC-19929,2026-05-28 11:30:04.291966,38,Voice,471,No,True
INC-19930,2026-06-23 21:10:04.291966,32,Email,1472,No,True
INC-19931,2026-07-21 09:06:04.291966,3,Voice,387,No,True
INC-19932,2026-05-14 08:29:04.291966,45,Voice,342,No,True
INC-19933,2026-06-23 11:34:04.291966,39,Voice,540,N,False
INC-19934,2026-09-14 23:42:04.291966,37,Chat,1110,No,True
INC-19935,2026-04-04 13:42:04.291966,50,Voice,773,No,False
INC-19936,2026-07-12 07:33:04.291966,22,Voice,427,No,True
INC-19937,2026-03-20 06:24:04.291966,8,Voice,437,N,True
INC-19938,2026-08-17 05:44:04.291966,17,Chat,745,N,True
INC-19939,2026-08-19 07:05:04.291966,27,Chat,1125,N,True
INC-19940,2026-09-04 05:30:04.291966,33,Voice,577,Yes,True
INC-19941,2026-04-13 05:59:04.291966,46,Voice,374,No,True
INC-19942,2026-08-28 21:30:04.291966,17,Voice,371,No,True
INC-19943,2026-06-26 07:04:04.291966,42,Voice,594,No,False
INC-19944,2026-06-26 14:02:04.291966,12,Voice,525,,False
INC-19945,2026-08-19 19:16:04.291966,48,Voice,571,No,True
INC-19946,2026-09-07 13:02:04.291966,46,Chat,723,No,False
INC-19947,2026-08-14 18:22:04.291966,27,Email,936,No,True
INC-19948,2026-06-25 12:09:04.291966,48,Voice,375,No,True
INC-19949,2026-06-21 20:44:04.291966,8,Chat,1037,N,True
INC-19950,2026-06-20 11:38:04.291966,23,Chat,1322,No,True
INC-19951,2026-07-09 20:30:04.291966,42,Chat,814,No,True
INC-19952,2026-08-03 03:23:04.291966,49,Email,2182,No,True
INC-19953,2026-09-02 11:32:04.291966,29,Voice,579,Yes,True
INC-19954,2026-09-04 02:22:04.291966,50,Voice,312,No,True
INC-19955,2026-05-18 04:59:04.291966,20,Chat,942,No,True
INC-19956,2026-08-31 07:26:04.291966,16,Voice,583,No,True
INC-19957,2026-07-18 03:32:04.291966,17,Voice,188,,True
INC-19958,2026-07-17 04:23:04.291966,16,Voice,557,No,True
INC-19959,2026-06-22 05:20:04.291966,19,Voice,620,No,True
INC-19960,2026-09-14 08:54:04.291966,8,Chat,979,N,False
INC-19961,2026-09-10 09:04:04.291966,38,Voice,472,No,True
INC-19962,2026-07-23 04:47:04.291966,38,Voice,459,No,True
INC-19963,2026-04-01 21:42:04.291966,29,Voice,452,Yes,True
INC-19964,2026-05-14 10:33:04.291966,41,Voice,338,No,True
INC-19965,2026-07-15 13:53:04.291966,36,Email,1293,,True
INC-19966,2026-05-07 04:50:04.291966,26,Voice,430,No,True
INC-19967,2026-07-17 09:53:04.291966,31,Email,1534,No,True
INC-19968,2026-07-25 01:57:04.291966,44,Chat,788,No,True
INC-19969,2026-06-09 09:07:04.291966,12,Chat,726,No,True
INC-19970,2026-03-24 09:40:04.291966,17,Voice,571,Yes,True
INC-19971,2026-09-08 13:00:04.291966,15,Voice,524,N,True
INC-19972,2026-03-28 03:27:04.291966,9,Email,1338,N,True
INC-19973,2026-04-10 18:22:04.291966,39,Email,1651,No,True
INC-19974,2026-07-28 07:48:04.291966,42,Voice,425,No,True
INC-19975,2026-08-18 13:12:04.291966,48,Voice,487,No,True
INC-19976,2026-04-04 11:04:04.291966,12,Voice,597,No,True
INC-19977,2026-05-29 04:41:04.291966,32,Email,1318,No,True
INC-19978,2026-09-13 16:33:04.291966,25,Voice,339,Yes,False
INC-19979,2026-04-05 17:37:04.291966,39,Chat,870,No,True
INC-19980,2026-07-23 10:08:04.291966,18,Chat,627,No,True
INC-19981,2026-06-10 15:42:04.291966,15,Chat,844,No,True
INC-19982,2026-04-02 18:01:04.291966,32,Chat,843,No,True
INC-19983,2026-08-26 21:49:04.291966,6,Voice,184,,True
INC-19984,2026-08-08 01:50:04.291966,44,Email,1659,No,True
INC-19985,2026-09-01 12:45:04.291966,43,Chat,863,Yes,True
INC-19986,2026-05-07 10:31:04.291966,35,Chat,1136,No,True
INC-19987,2026-07-17 01:51:04.291966,34,Voice,505,Yes,True
INC-19988,2026-04-30 17:15:04.291966,38,Chat,1047,No,True
INC-19989,2026-04-30 07:54:04.291966,5,Voice,622,No,True
INC-19990,2026-07-16 14:18:04.291966,18,Voice,464,No,True
INC-19991,2026-06-13 20:28:04.291966,16,Chat,899,Yes,True
INC-19992,2026-08-28 01:46:04.291966,8,Chat,585,No,True
INC-19993,2026-05-22 10:59:04.291966,25,Chat,1147,No,True
INC-19994,2026-07-10 18:38:04.291966,32,Voice,462,No,True
INC-19995,2026-05-31 00:00:04.291966,26,Chat,698,Y,True
INC-19996,2026-08-15 22:10:04.291966,22,Voice,568,No,True
INC-19997,2026-04-18 16:34:04.291966,31,Chat,464,No,True
INC-19998,2026-05-25 02:03:04.291966,43,Voice,428,No,True
INC-19999,2026-04-10 15:36:04.291966,10,Chat,1081,No,True
